country_name,year,v2x_polyarchy,v2cacamps
Mexico,1789,0.027,NA
Mexico,1790,0.027,NA
Mexico,1791,0.027,NA
Mexico,1792,0.027,NA
Mexico,1793,0.027,NA
Mexico,1794,0.027,NA
Mexico,1795,0.027,NA
Mexico,1796,0.027,NA
Mexico,1797,0.027,NA
Mexico,1798,0.027,NA
Mexico,1799,0.027,NA
Mexico,1800,0.027,NA
Mexico,1801,0.027,NA
Mexico,1802,0.027,NA
Mexico,1803,0.027,NA
Mexico,1804,0.027,NA
Mexico,1805,0.027,NA
Mexico,1806,0.027,NA
Mexico,1807,0.027,NA
Mexico,1808,0.027,NA
Mexico,1809,0.027,NA
Mexico,1810,0.029,NA
Mexico,1811,0.029,NA
Mexico,1812,0.054,NA
Mexico,1813,0.054,NA
Mexico,1814,0.054,NA
Mexico,1815,0.054,NA
Mexico,1816,0.04,NA
Mexico,1817,0.04,NA
Mexico,1818,0.04,NA
Mexico,1819,0.04,NA
Mexico,1820,0.069,NA
Mexico,1821,0.119,NA
Mexico,1822,0.12,NA
Mexico,1823,0.182,NA
Mexico,1824,0.182,NA
Mexico,1825,0.182,NA
Mexico,1826,0.182,NA
Mexico,1827,0.182,NA
Mexico,1828,0.182,NA
Mexico,1829,0.182,NA
Mexico,1830,0.182,NA
Mexico,1831,0.15,NA
Mexico,1832,0.162,NA
Mexico,1833,0.182,NA
Mexico,1834,0.182,NA
Mexico,1835,0.182,NA
Mexico,1836,0.182,NA
Mexico,1837,0.163,NA
Mexico,1838,0.163,NA
Mexico,1839,0.163,NA
Mexico,1840,0.163,NA
Mexico,1841,0.155,NA
Mexico,1842,0.186,NA
Mexico,1843,0.228,NA
Mexico,1844,0.228,NA
Mexico,1845,0.228,NA
Mexico,1846,0.189,NA
Mexico,1847,0.213,NA
Mexico,1848,0.228,NA
Mexico,1849,0.228,NA
Mexico,1850,0.195,NA
Mexico,1851,0.195,NA
Mexico,1852,0.195,NA
Mexico,1853,0.195,NA
Mexico,1854,0.234,NA
Mexico,1855,0.234,NA
Mexico,1856,0.234,NA
Mexico,1857,0.234,NA
Mexico,1858,0.157,NA
Mexico,1859,0.153,NA
Mexico,1860,0.153,NA
Mexico,1861,0.153,NA
Mexico,1862,0.153,NA
Mexico,1863,0.153,NA
Mexico,1864,0.153,NA
Mexico,1865,0.153,NA
Mexico,1866,0.153,NA
Mexico,1867,0.179,NA
Mexico,1868,0.197,NA
Mexico,1869,0.197,NA
Mexico,1870,0.197,NA
Mexico,1871,0.197,NA
Mexico,1872,0.197,NA
Mexico,1873,0.197,NA
Mexico,1874,0.197,NA
Mexico,1875,0.197,NA
Mexico,1876,0.15,NA
Mexico,1877,0.132,NA
Mexico,1878,0.129,NA
Mexico,1879,0.129,NA
Mexico,1880,0.129,NA
Mexico,1881,0.129,NA
Mexico,1882,0.129,NA
Mexico,1883,0.129,NA
Mexico,1884,0.129,NA
Mexico,1885,0.129,NA
Mexico,1886,0.129,NA
Mexico,1887,0.129,NA
Mexico,1888,0.129,NA
Mexico,1889,0.129,NA
Mexico,1890,0.129,NA
Mexico,1891,0.129,NA
Mexico,1892,0.129,NA
Mexico,1893,0.129,NA
Mexico,1894,0.129,NA
Mexico,1895,0.129,NA
Mexico,1896,0.129,NA
Mexico,1897,0.129,NA
Mexico,1898,0.129,NA
Mexico,1899,0.129,NA
Mexico,1900,0.124,0.133
Mexico,1901,0.108,0.133
Mexico,1902,0.108,0.133
Mexico,1903,0.108,0.133
Mexico,1904,0.108,0.133
Mexico,1905,0.108,0.133
Mexico,1906,0.108,0.133
Mexico,1907,0.108,0.133
Mexico,1908,0.108,0.133
Mexico,1909,0.108,0.133
Mexico,1910,0.12,3.422
Mexico,1911,0.135,3.422
Mexico,1912,0.189,3.422
Mexico,1913,0.113,3.422
Mexico,1914,0.104,3.422
Mexico,1915,0.108,3.422
Mexico,1916,0.112,3.422
Mexico,1917,0.193,3.422
Mexico,1918,0.225,2.859
Mexico,1919,0.225,2.859
Mexico,1920,0.201,2.034
Mexico,1921,0.192,1.523
Mexico,1922,0.192,1.523
Mexico,1923,0.192,1.523
Mexico,1924,0.189,1.523
Mexico,1925,0.186,1.523
Mexico,1926,0.183,2.051
Mexico,1927,0.183,2.392
Mexico,1928,0.184,2.392
Mexico,1929,0.167,2.392
Mexico,1930,0.177,1.451
Mexico,1931,0.177,0.135
Mexico,1932,0.177,0.135
Mexico,1933,0.176,0.135
Mexico,1934,0.187,0.135
Mexico,1935,0.193,-0.832
Mexico,1936,0.193,-0.832
Mexico,1937,0.191,-0.832
Mexico,1938,0.191,-0.832
Mexico,1939,0.199,-0.832
Mexico,1940,0.2,-1.09
Mexico,1941,0.189,-1.09
Mexico,1942,0.189,-1.09
Mexico,1943,0.19,-1.09
Mexico,1944,0.191,-1.09
Mexico,1945,0.191,-1.09
Mexico,1946,0.193,-1.09
Mexico,1947,0.194,-1.09
Mexico,1948,0.194,-1.09
Mexico,1949,0.196,-1.09
Mexico,1950,0.196,-1.09
Mexico,1951,0.196,-1.09
Mexico,1952,0.194,-1.09
Mexico,1953,0.195,-1.09
Mexico,1954,0.229,-1.09
Mexico,1955,0.23,-1.09
Mexico,1956,0.231,-1.09
Mexico,1957,0.231,-1.09
Mexico,1958,0.228,-1.09
Mexico,1959,0.228,-1.09
Mexico,1960,0.228,-1.09
Mexico,1961,0.23,-1.09
Mexico,1962,0.231,-1.09
Mexico,1963,0.231,-1.09
Mexico,1964,0.231,-1.09
Mexico,1965,0.231,-1.09
Mexico,1966,0.231,-1.09
Mexico,1967,0.235,-1.09
Mexico,1968,0.236,0.403
Mexico,1969,0.241,-0.725
Mexico,1970,0.248,-0.725
Mexico,1971,0.247,-0.725
Mexico,1972,0.249,-0.725
Mexico,1973,0.248,-0.725
Mexico,1974,0.249,-0.725
Mexico,1975,0.249,-0.725
Mexico,1976,0.26,-0.725
Mexico,1977,0.276,-0.725
Mexico,1978,0.296,-0.725
Mexico,1979,0.296,-0.725
Mexico,1980,0.298,-0.725
Mexico,1981,0.302,-0.501
Mexico,1982,0.312,-0.274
Mexico,1983,0.319,-0.274
Mexico,1984,0.319,-0.274
Mexico,1985,0.32,-0.274
Mexico,1986,0.322,-0.489
Mexico,1987,0.327,-0.104
Mexico,1988,0.345,0.109
Mexico,1989,0.368,0.109
Mexico,1990,0.388,-0.341
Mexico,1991,0.41,-0.106
Mexico,1992,0.438,-0.33
Mexico,1993,0.455,-0.33
Mexico,1994,0.467,-0.118
Mexico,1995,0.491,-0.118
Mexico,1996,0.512,-0.348
Mexico,1997,0.555,-0.742
Mexico,1998,0.6,-0.742
Mexico,1999,0.605,-0.742
Mexico,2000,0.671,-0.293
Mexico,2001,0.681,-0.293
Mexico,2002,0.693,-0.293
Mexico,2003,0.702,-0.293
Mexico,2004,0.711,-0.293
Mexico,2005,0.711,-0.293
Mexico,2006,0.674,0.035
Mexico,2007,0.639,-0.024
Mexico,2008,0.649,-0.024
Mexico,2009,0.65,-0.172
Mexico,2010,0.662,-0.337
Mexico,2011,0.662,-0.337
Mexico,2012,0.65,-0.204
Mexico,2013,0.623,-0.354
Mexico,2014,0.621,-0.354
Mexico,2015,0.643,-0.212
Mexico,2016,0.643,0.059
Mexico,2017,0.638,-0.097
Mexico,2018,0.675,0.82
Mexico,2019,0.684,1.664
Mexico,2020,0.664,1.611
Mexico,2021,0.624,1.431
Mexico,2022,0.584,1.615
Mexico,2023,0.548,1.615
Mexico,2024,0.496,2.225
Mexico,2025,0.469,2.13
Suriname,1900,0.145,-1.856
Suriname,1901,0.145,-1.856
Suriname,1902,0.145,-1.856
Suriname,1903,0.145,-1.856
Suriname,1904,0.145,-1.856
Suriname,1905,0.145,-1.856
Suriname,1906,0.147,-1.856
Suriname,1907,0.144,-1.856
Suriname,1908,0.144,-1.856
Suriname,1909,0.144,-1.856
Suriname,1910,0.144,-1.856
Suriname,1911,0.144,-1.856
Suriname,1912,0.144,-1.856
Suriname,1913,0.144,-1.856
Suriname,1914,0.144,-1.856
Suriname,1915,0.144,-1.856
Suriname,1916,0.144,-1.856
Suriname,1917,0.144,-1.856
Suriname,1918,0.144,-1.856
Suriname,1919,0.144,-1.856
Suriname,1920,0.145,-1.856
Suriname,1921,0.145,-1.856
Suriname,1922,0.145,-1.856
Suriname,1923,0.145,-1.856
Suriname,1924,0.145,-1.856
Suriname,1925,0.145,-1.856
Suriname,1926,0.145,-1.856
Suriname,1927,0.145,-1.856
Suriname,1928,0.145,-1.856
Suriname,1929,0.145,-1.856
Suriname,1930,0.145,-1.856
Suriname,1931,0.145,-1.856
Suriname,1932,0.145,-1.856
Suriname,1933,0.145,-1.856
Suriname,1934,0.145,-1.856
Suriname,1935,0.145,-1.856
Suriname,1936,0.145,-1.856
Suriname,1937,0.149,-1.856
Suriname,1938,0.149,-1.856
Suriname,1939,0.149,-1.856
Suriname,1940,0.148,-1.856
Suriname,1941,0.148,-1.856
Suriname,1942,0.148,-1.856
Suriname,1943,0.148,-1.856
Suriname,1944,0.151,-1.856
Suriname,1945,0.151,-1.856
Suriname,1946,0.154,-1.856
Suriname,1947,0.154,-1.856
Suriname,1948,0.154,-1.856
Suriname,1949,0.304,-1.856
Suriname,1950,0.497,-1.856
Suriname,1951,0.498,-1.856
Suriname,1952,0.498,-1.856
Suriname,1953,0.498,-1.856
Suriname,1954,0.498,-1.856
Suriname,1955,0.518,-1.856
Suriname,1956,0.519,-1.856
Suriname,1957,0.52,-1.856
Suriname,1958,0.522,-1.856
Suriname,1959,0.523,-1.856
Suriname,1960,0.523,-1.856
Suriname,1961,0.523,-1.856
Suriname,1962,0.523,-1.856
Suriname,1963,0.524,-1.856
Suriname,1964,0.524,-1.856
Suriname,1965,0.524,-1.856
Suriname,1966,0.524,-1.856
Suriname,1967,0.521,-1.856
Suriname,1968,0.52,-1.856
Suriname,1969,0.52,-1.716
Suriname,1970,0.527,-1.716
Suriname,1971,0.527,-1.716
Suriname,1972,0.527,-1.716
Suriname,1973,0.52,-1.716
Suriname,1974,0.522,-1.716
Suriname,1975,0.369,-1.716
Suriname,1976,0.73,-1.951
Suriname,1977,0.73,-1.951
Suriname,1978,0.737,-1.951
Suriname,1979,0.737,-1.951
Suriname,1980,0.216,-1.577
Suriname,1981,0.17,-1.577
Suriname,1982,0.164,-1.577
Suriname,1983,0.158,-1.577
Suriname,1984,0.158,-1.577
Suriname,1985,0.168,-1.577
Suriname,1986,0.168,-1.497
Suriname,1987,0.193,-1.497
Suriname,1988,0.618,-1.497
Suriname,1989,0.725,-1.497
Suriname,1990,0.726,-1.497
Suriname,1991,0.45,-1.497
Suriname,1992,0.75,-1.497
Suriname,1993,0.751,-1.586
Suriname,1994,0.751,-1.586
Suriname,1995,0.751,-1.586
Suriname,1996,0.764,-1.586
Suriname,1997,0.769,-1.815
Suriname,1998,0.769,-1.815
Suriname,1999,0.769,-1.815
Suriname,2000,0.78,-1.815
Suriname,2001,0.779,-1.815
Suriname,2002,0.779,-1.815
Suriname,2003,0.779,-1.815
Suriname,2004,0.779,-1.815
Suriname,2005,0.767,-1.815
Suriname,2006,0.76,-1.815
Suriname,2007,0.759,-1.815
Suriname,2008,0.759,-1.815
Suriname,2009,0.759,-1.815
Suriname,2010,0.752,-0.642
Suriname,2011,0.747,-0.642
Suriname,2012,0.747,-0.642
Suriname,2013,0.75,-0.642
Suriname,2014,0.75,-0.642
Suriname,2015,0.757,-0.642
Suriname,2016,0.754,-0.642
Suriname,2017,0.748,-0.642
Suriname,2018,0.748,-0.642
Suriname,2019,0.741,-0.642
Suriname,2020,0.754,-0.642
Suriname,2021,0.761,-0.276
Suriname,2022,0.781,-0.638
Suriname,2023,0.764,-0.288
Suriname,2024,0.767,-0.288
Suriname,2025,0.781,-0.73
Sweden,1789,0.187,NA
Sweden,1790,0.187,NA
Sweden,1791,0.187,NA
Sweden,1792,0.208,NA
Sweden,1793,0.188,NA
Sweden,1794,0.188,NA
Sweden,1795,0.188,NA
Sweden,1796,0.188,NA
Sweden,1797,0.188,NA
Sweden,1798,0.188,NA
Sweden,1799,0.188,NA
Sweden,1800,0.188,NA
Sweden,1801,0.188,NA
Sweden,1802,0.188,NA
Sweden,1803,0.188,NA
Sweden,1804,0.188,NA
Sweden,1805,0.188,NA
Sweden,1806,0.188,NA
Sweden,1807,0.188,NA
Sweden,1808,0.188,NA
Sweden,1809,0.26,NA
Sweden,1810,0.269,NA
Sweden,1811,0.269,NA
Sweden,1812,0.267,NA
Sweden,1813,0.256,NA
Sweden,1814,0.256,NA
Sweden,1815,0.258,NA
Sweden,1816,0.258,NA
Sweden,1817,0.259,NA
Sweden,1818,0.259,NA
Sweden,1819,0.259,NA
Sweden,1820,0.272,NA
Sweden,1821,0.272,NA
Sweden,1822,0.272,NA
Sweden,1823,0.27,NA
Sweden,1824,0.27,NA
Sweden,1825,0.27,NA
Sweden,1826,0.27,NA
Sweden,1827,0.27,NA
Sweden,1828,0.271,NA
Sweden,1829,0.271,NA
Sweden,1830,0.276,NA
Sweden,1831,0.276,NA
Sweden,1832,0.276,NA
Sweden,1833,0.276,NA
Sweden,1834,0.274,NA
Sweden,1835,0.274,NA
Sweden,1836,0.274,NA
Sweden,1837,0.274,NA
Sweden,1838,0.274,NA
Sweden,1839,0.274,NA
Sweden,1840,0.305,NA
Sweden,1841,0.305,NA
Sweden,1842,0.305,NA
Sweden,1843,0.305,NA
Sweden,1844,0.305,NA
Sweden,1845,0.308,NA
Sweden,1846,0.308,NA
Sweden,1847,0.308,NA
Sweden,1848,0.308,NA
Sweden,1849,0.308,NA
Sweden,1850,0.308,NA
Sweden,1851,0.308,NA
Sweden,1852,0.308,NA
Sweden,1853,0.308,NA
Sweden,1854,0.308,NA
Sweden,1855,0.308,NA
Sweden,1856,0.307,NA
Sweden,1857,0.307,NA
Sweden,1858,0.307,NA
Sweden,1859,0.309,NA
Sweden,1860,0.309,NA
Sweden,1861,0.309,NA
Sweden,1862,0.308,NA
Sweden,1863,0.308,NA
Sweden,1864,0.308,NA
Sweden,1865,0.307,NA
Sweden,1866,0.311,NA
Sweden,1867,0.311,NA
Sweden,1868,0.311,NA
Sweden,1869,0.313,NA
Sweden,1870,0.313,NA
Sweden,1871,0.313,NA
Sweden,1872,0.314,NA
Sweden,1873,0.314,NA
Sweden,1874,0.314,NA
Sweden,1875,0.313,NA
Sweden,1876,0.313,NA
Sweden,1877,0.313,NA
Sweden,1878,0.313,NA
Sweden,1879,0.313,NA
Sweden,1880,0.313,NA
Sweden,1881,0.314,NA
Sweden,1882,0.314,NA
Sweden,1883,0.314,NA
Sweden,1884,0.313,NA
Sweden,1885,0.313,NA
Sweden,1886,0.313,NA
Sweden,1887,0.313,NA
Sweden,1888,0.314,NA
Sweden,1889,0.314,NA
Sweden,1890,0.314,NA
Sweden,1891,0.314,NA
Sweden,1892,0.314,NA
Sweden,1893,0.315,NA
Sweden,1894,0.315,NA
Sweden,1895,0.315,NA
Sweden,1896,0.315,NA
Sweden,1897,0.315,NA
Sweden,1898,0.315,NA
Sweden,1899,0.315,NA
Sweden,1900,0.316,-1.083
Sweden,1901,0.316,-1.083
Sweden,1902,0.314,-1.083
Sweden,1903,0.31,-1.083
Sweden,1904,0.31,-1.083
Sweden,1905,0.31,-0.8
Sweden,1906,0.31,-0.8
Sweden,1907,0.311,-0.8
Sweden,1908,0.31,-0.8
Sweden,1909,0.322,-0.8
Sweden,1910,0.324,-0.8
Sweden,1911,0.327,-0.8
Sweden,1912,0.332,-0.8
Sweden,1913,0.331,-0.8
Sweden,1914,0.326,-0.8
Sweden,1915,0.325,-0.8
Sweden,1916,0.325,-0.8
Sweden,1917,0.428,-0.8
Sweden,1918,0.48,-0.8
Sweden,1919,0.484,-0.8
Sweden,1920,0.487,-1.031
Sweden,1921,0.499,-1.031
Sweden,1922,0.701,-1.031
Sweden,1923,0.701,-1.031
Sweden,1924,0.704,-1.031
Sweden,1925,0.704,-1.031
Sweden,1926,0.704,-1.031
Sweden,1927,0.704,-1.031
Sweden,1928,0.704,-1.031
Sweden,1929,0.702,-1.031
Sweden,1930,0.702,-1.472
Sweden,1931,0.7,-1.472
Sweden,1932,0.704,-1.472
Sweden,1933,0.711,-1.472
Sweden,1934,0.711,-1.472
Sweden,1935,0.711,-1.472
Sweden,1936,0.694,-1.472
Sweden,1937,0.692,-1.472
Sweden,1938,0.69,-1.472
Sweden,1939,0.685,-1.624
Sweden,1940,0.673,-1.497
Sweden,1941,0.675,-1.497
Sweden,1942,0.675,-1.497
Sweden,1943,0.675,-1.497
Sweden,1944,0.675,-1.497
Sweden,1945,0.691,-1.497
Sweden,1946,0.759,-1.616
Sweden,1947,0.759,-1.616
Sweden,1948,0.759,-1.616
Sweden,1949,0.766,-1.758
Sweden,1950,0.77,-2.325
Sweden,1951,0.77,-2.325
Sweden,1952,0.771,-2.325
Sweden,1953,0.773,-2.325
Sweden,1954,0.773,-2.325
Sweden,1955,0.773,-2.325
Sweden,1956,0.773,-2.325
Sweden,1957,0.772,-2.325
Sweden,1958,0.772,-2.325
Sweden,1959,0.772,-2.325
Sweden,1960,0.776,-2.325
Sweden,1961,0.776,-2.325
Sweden,1962,0.776,-2.325
Sweden,1963,0.776,-2.325
Sweden,1964,0.776,-2.325
Sweden,1965,0.776,-2.325
Sweden,1966,0.775,-2.325
Sweden,1967,0.775,-2.155
Sweden,1968,0.775,-2.155
Sweden,1969,0.775,-2.155
Sweden,1970,0.775,-2.33
Sweden,1971,0.895,-2.33
Sweden,1972,0.895,-2.33
Sweden,1973,0.895,-2.33
Sweden,1974,0.899,-2.33
Sweden,1975,0.905,-2.33
Sweden,1976,0.906,-2.33
Sweden,1977,0.907,-2.33
Sweden,1978,0.907,-2.33
Sweden,1979,0.907,-2.33
Sweden,1980,0.907,-2.33
Sweden,1981,0.907,-2.33
Sweden,1982,0.907,-2.33
Sweden,1983,0.907,-2.15
Sweden,1984,0.907,-2.15
Sweden,1985,0.908,-2.15
Sweden,1986,0.907,-2.15
Sweden,1987,0.907,-2.283
Sweden,1988,0.908,-2.283
Sweden,1989,0.909,-2.283
Sweden,1990,0.913,-2.283
Sweden,1991,0.912,-2.283
Sweden,1992,0.911,-2.283
Sweden,1993,0.911,-2.283
Sweden,1994,0.911,-2.283
Sweden,1995,0.912,-2.283
Sweden,1996,0.912,-2.283
Sweden,1997,0.912,-2.283
Sweden,1998,0.912,-2.283
Sweden,1999,0.909,-2.283
Sweden,2000,0.909,-2.283
Sweden,2001,0.909,-2.283
Sweden,2002,0.91,-2.283
Sweden,2003,0.911,-2.283
Sweden,2004,0.911,-2.283
Sweden,2005,0.911,-2.283
Sweden,2006,0.912,-2.283
Sweden,2007,0.914,-2.283
Sweden,2008,0.914,-2.283
Sweden,2009,0.914,-2.283
Sweden,2010,0.914,-2.077
Sweden,2011,0.914,-2.077
Sweden,2012,0.917,-2.077
Sweden,2013,0.916,-2.077
Sweden,2014,0.915,-2.077
Sweden,2015,0.915,-1.793
Sweden,2016,0.914,-1.757
Sweden,2017,0.914,-1.774
Sweden,2018,0.908,-1.774
Sweden,2019,0.899,-1.774
Sweden,2020,0.901,-1.919
Sweden,2021,0.9,-1.511
Sweden,2022,0.892,-1.511
Sweden,2023,0.883,-1.148
Sweden,2024,0.881,-0.668
Sweden,2025,0.889,-0.668
Switzerland,1798,0.215,NA
Switzerland,1799,0.215,NA
Switzerland,1800,0.206,NA
Switzerland,1801,0.178,NA
Switzerland,1802,0.185,NA
Switzerland,1803,0.18,NA
Switzerland,1804,0.178,NA
Switzerland,1805,0.178,NA
Switzerland,1806,0.178,NA
Switzerland,1807,0.178,NA
Switzerland,1808,0.178,NA
Switzerland,1809,0.178,NA
Switzerland,1810,0.178,NA
Switzerland,1811,0.178,NA
Switzerland,1812,0.178,NA
Switzerland,1813,0.178,NA
Switzerland,1814,0.178,NA
Switzerland,1815,0.178,NA
Switzerland,1816,0.178,NA
Switzerland,1817,0.178,NA
Switzerland,1818,0.178,NA
Switzerland,1819,0.178,NA
Switzerland,1820,0.178,NA
Switzerland,1821,0.178,NA
Switzerland,1822,0.178,NA
Switzerland,1823,0.178,NA
Switzerland,1824,0.178,NA
Switzerland,1825,0.178,NA
Switzerland,1826,0.178,NA
Switzerland,1827,0.178,NA
Switzerland,1828,0.178,NA
Switzerland,1829,0.178,NA
Switzerland,1830,0.178,NA
Switzerland,1831,0.213,NA
Switzerland,1832,0.213,NA
Switzerland,1833,0.213,NA
Switzerland,1834,0.213,NA
Switzerland,1835,0.213,NA
Switzerland,1836,0.213,NA
Switzerland,1837,0.213,NA
Switzerland,1838,0.213,NA
Switzerland,1839,0.213,NA
Switzerland,1840,0.213,NA
Switzerland,1841,0.213,NA
Switzerland,1842,0.213,NA
Switzerland,1843,0.213,NA
Switzerland,1844,0.213,NA
Switzerland,1845,0.213,NA
Switzerland,1846,0.213,NA
Switzerland,1847,0.213,NA
Switzerland,1848,0.326,NA
Switzerland,1849,0.543,NA
Switzerland,1850,0.543,NA
Switzerland,1851,0.543,NA
Switzerland,1852,0.543,NA
Switzerland,1853,0.543,NA
Switzerland,1854,0.543,NA
Switzerland,1855,0.543,NA
Switzerland,1856,0.543,NA
Switzerland,1857,0.542,NA
Switzerland,1858,0.54,NA
Switzerland,1859,0.54,NA
Switzerland,1860,0.54,NA
Switzerland,1861,0.541,NA
Switzerland,1862,0.541,NA
Switzerland,1863,0.541,NA
Switzerland,1864,0.542,NA
Switzerland,1865,0.542,NA
Switzerland,1866,0.542,NA
Switzerland,1867,0.542,NA
Switzerland,1868,0.542,NA
Switzerland,1869,0.542,NA
Switzerland,1870,0.543,NA
Switzerland,1871,0.543,NA
Switzerland,1872,0.543,NA
Switzerland,1873,0.542,NA
Switzerland,1874,0.579,NA
Switzerland,1875,0.58,NA
Switzerland,1876,0.581,NA
Switzerland,1877,0.581,NA
Switzerland,1878,0.581,NA
Switzerland,1879,0.58,NA
Switzerland,1880,0.58,NA
Switzerland,1881,0.58,NA
Switzerland,1882,0.582,NA
Switzerland,1883,0.582,NA
Switzerland,1884,0.582,NA
Switzerland,1885,0.58,NA
Switzerland,1886,0.58,NA
Switzerland,1887,0.58,NA
Switzerland,1888,0.58,NA
Switzerland,1889,0.58,NA
Switzerland,1890,0.58,NA
Switzerland,1891,0.58,NA
Switzerland,1892,0.58,NA
Switzerland,1893,0.58,NA
Switzerland,1894,0.581,NA
Switzerland,1895,0.581,NA
Switzerland,1896,0.58,NA
Switzerland,1897,0.578,NA
Switzerland,1898,0.578,NA
Switzerland,1899,0.578,NA
Switzerland,1900,0.586,-0.597
Switzerland,1901,0.586,-0.597
Switzerland,1902,0.588,-0.597
Switzerland,1903,0.596,-0.597
Switzerland,1904,0.596,-0.597
Switzerland,1905,0.601,-0.597
Switzerland,1906,0.599,-0.597
Switzerland,1907,0.599,-0.597
Switzerland,1908,0.599,-0.597
Switzerland,1909,0.599,-0.597
Switzerland,1910,0.599,-0.597
Switzerland,1911,0.599,-0.597
Switzerland,1912,0.597,-0.597
Switzerland,1913,0.597,-0.597
Switzerland,1914,0.598,-0.597
Switzerland,1915,0.596,-0.597
Switzerland,1916,0.596,-0.597
Switzerland,1917,0.6,-0.597
Switzerland,1918,0.601,-0.597
Switzerland,1919,0.6,-0.597
Switzerland,1920,0.606,-0.597
Switzerland,1921,0.606,-0.597
Switzerland,1922,0.606,-0.91
Switzerland,1923,0.606,-0.91
Switzerland,1924,0.606,-0.91
Switzerland,1925,0.606,-0.91
Switzerland,1926,0.608,-0.91
Switzerland,1927,0.608,-0.91
Switzerland,1928,0.607,-0.91
Switzerland,1929,0.607,-0.91
Switzerland,1930,0.607,-0.91
Switzerland,1931,0.607,-0.91
Switzerland,1932,0.605,-0.91
Switzerland,1933,0.605,-0.91
Switzerland,1934,0.605,-0.91
Switzerland,1935,0.606,-0.91
Switzerland,1936,0.609,-0.91
Switzerland,1937,0.609,-0.91
Switzerland,1938,0.609,-0.91
Switzerland,1939,0.606,-0.91
Switzerland,1940,0.598,-2.129
Switzerland,1941,0.598,-2.129
Switzerland,1942,0.598,-2.129
Switzerland,1943,0.597,-2.129
Switzerland,1944,0.601,-2.129
Switzerland,1945,0.605,-2.129
Switzerland,1946,0.617,-2.242
Switzerland,1947,0.617,-2.242
Switzerland,1948,0.617,-2.242
Switzerland,1949,0.617,-2.242
Switzerland,1950,0.617,-2.242
Switzerland,1951,0.617,-2.242
Switzerland,1952,0.617,-2.242
Switzerland,1953,0.617,-2.242
Switzerland,1954,0.617,-2.242
Switzerland,1955,0.617,-2.242
Switzerland,1956,0.617,-2.242
Switzerland,1957,0.617,-3.316
Switzerland,1958,0.617,-3.316
Switzerland,1959,0.618,-3.316
Switzerland,1960,0.621,-3.316
Switzerland,1961,0.621,-3.316
Switzerland,1962,0.621,-3.316
Switzerland,1963,0.621,-3.316
Switzerland,1964,0.621,-3.316
Switzerland,1965,0.621,-3.316
Switzerland,1966,0.621,-3.316
Switzerland,1967,0.623,-3.316
Switzerland,1968,0.622,-2.08
Switzerland,1969,0.622,-2.08
Switzerland,1970,0.624,-2.08
Switzerland,1971,0.628,-2.08
Switzerland,1972,0.855,-2.08
Switzerland,1973,0.855,-2.08
Switzerland,1974,0.855,-2.08
Switzerland,1975,0.859,-2.08
Switzerland,1976,0.857,-2.08
Switzerland,1977,0.863,-2.08
Switzerland,1978,0.863,-2.08
Switzerland,1979,0.863,-2.08
Switzerland,1980,0.871,-2.351
Switzerland,1981,0.871,-2.351
Switzerland,1982,0.871,-2.351
Switzerland,1983,0.871,-2.351
Switzerland,1984,0.871,-2.351
Switzerland,1985,0.871,-2.351
Switzerland,1986,0.871,-2.351
Switzerland,1987,0.871,-2.351
Switzerland,1988,0.87,-2.351
Switzerland,1989,0.875,-2.351
Switzerland,1990,0.887,-2.351
Switzerland,1991,0.887,-2.351
Switzerland,1992,0.886,-1.744
Switzerland,1993,0.886,-1.744
Switzerland,1994,0.886,-1.744
Switzerland,1995,0.887,-1.744
Switzerland,1996,0.89,-1.744
Switzerland,1997,0.89,-1.744
Switzerland,1998,0.89,-1.744
Switzerland,1999,0.89,-1.744
Switzerland,2000,0.889,-1.767
Switzerland,2001,0.889,-1.767
Switzerland,2002,0.889,-1.767
Switzerland,2003,0.888,-1.767
Switzerland,2004,0.886,-1.767
Switzerland,2005,0.886,-1.767
Switzerland,2006,0.886,-1.767
Switzerland,2007,0.888,-1.767
Switzerland,2008,0.895,-1.767
Switzerland,2009,0.895,-1.767
Switzerland,2010,0.895,-1.767
Switzerland,2011,0.897,-1.767
Switzerland,2012,0.907,-1.767
Switzerland,2013,0.907,-1.767
Switzerland,2014,0.907,-1.767
Switzerland,2015,0.903,-1.767
Switzerland,2016,0.902,-1.767
Switzerland,2017,0.902,-1.767
Switzerland,2018,0.902,-1.767
Switzerland,2019,0.902,-1.592
Switzerland,2020,0.902,-1.592
Switzerland,2021,0.896,-1.592
Switzerland,2022,0.893,-1.314
Switzerland,2023,0.884,-1.314
Switzerland,2024,0.882,-1.518
Switzerland,2025,0.882,-1.518
Ghana,1902,0.074,0.64
Ghana,1903,0.074,0.64
Ghana,1904,0.074,0.64
Ghana,1905,0.074,0.64
Ghana,1906,0.074,0.64
Ghana,1907,0.074,0.64
Ghana,1908,0.074,0.64
Ghana,1909,0.074,0.64
Ghana,1910,0.074,0.64
Ghana,1911,0.074,0.64
Ghana,1912,0.074,0.64
Ghana,1913,0.074,0.64
Ghana,1914,0.074,0.64
Ghana,1915,0.074,0.64
Ghana,1916,0.074,0.64
Ghana,1917,0.074,0.64
Ghana,1918,0.074,0.64
Ghana,1919,0.074,0.64
Ghana,1920,0.074,0.64
Ghana,1921,0.074,0.64
Ghana,1922,0.074,0.64
Ghana,1923,0.074,0.64
Ghana,1924,0.074,0.64
Ghana,1925,0.074,0.64
Ghana,1926,0.076,0.64
Ghana,1927,0.076,0.64
Ghana,1928,0.076,0.64
Ghana,1929,0.076,0.64
Ghana,1930,0.076,0.64
Ghana,1931,0.076,0.64
Ghana,1932,0.076,0.64
Ghana,1933,0.076,0.64
Ghana,1934,0.076,0.64
Ghana,1935,0.076,0.64
Ghana,1936,0.076,0.64
Ghana,1937,0.076,0.64
Ghana,1938,0.078,0.64
Ghana,1939,0.078,0.64
Ghana,1940,0.078,0.64
Ghana,1941,0.078,0.64
Ghana,1942,0.078,0.64
Ghana,1943,0.078,0.64
Ghana,1944,0.078,0.64
Ghana,1945,0.083,0.64
Ghana,1946,0.095,0.64
Ghana,1947,0.104,0.64
Ghana,1948,0.104,0.64
Ghana,1949,0.107,0.64
Ghana,1950,0.106,0.64
Ghana,1951,0.28,0.64
Ghana,1952,0.289,0.64
Ghana,1953,0.291,0.64
Ghana,1954,0.291,0.64
Ghana,1955,0.287,0.64
Ghana,1956,0.288,0.64
Ghana,1957,0.438,0.64
Ghana,1958,0.397,0.164
Ghana,1959,0.388,0.164
Ghana,1960,0.349,0.164
Ghana,1961,0.314,0.164
Ghana,1962,0.296,0.164
Ghana,1963,0.294,0.164
Ghana,1964,0.288,0.164
Ghana,1965,0.261,0.164
Ghana,1966,0.149,0.164
Ghana,1967,0.141,0.164
Ghana,1968,0.142,0.164
Ghana,1969,0.249,0.164
Ghana,1970,0.382,0.164
Ghana,1971,0.431,0.164
Ghana,1972,0.147,0.164
Ghana,1973,0.112,0.164
Ghana,1974,0.113,0.164
Ghana,1975,0.111,0.164
Ghana,1976,0.111,0.164
Ghana,1977,0.111,0.164
Ghana,1978,0.114,0.164
Ghana,1979,0.304,0.164
Ghana,1980,0.539,0.164
Ghana,1981,0.252,0.164
Ghana,1982,0.109,0.164
Ghana,1983,0.1,0.164
Ghana,1984,0.098,0.164
Ghana,1985,0.099,0.164
Ghana,1986,0.099,0.164
Ghana,1987,0.1,0.164
Ghana,1988,0.1,0.164
Ghana,1989,0.1,0.164
Ghana,1990,0.104,-0.54
Ghana,1991,0.105,-0.54
Ghana,1992,0.173,-0.54
Ghana,1993,0.445,-0.54
Ghana,1994,0.479,-0.54
Ghana,1995,0.491,-0.54
Ghana,1996,0.513,-0.54
Ghana,1997,0.597,-0.54
Ghana,1998,0.597,-0.54
Ghana,1999,0.597,-0.54
Ghana,2000,0.664,-0.5
Ghana,2001,0.721,-0.5
Ghana,2002,0.731,-0.5
Ghana,2003,0.731,-0.5
Ghana,2004,0.734,-0.5
Ghana,2005,0.73,-0.5
Ghana,2006,0.73,-0.5
Ghana,2007,0.736,-0.5
Ghana,2008,0.732,-0.5
Ghana,2009,0.755,-0.5
Ghana,2010,0.761,-0.5
Ghana,2011,0.761,-0.5
Ghana,2012,0.771,-0.5
Ghana,2013,0.75,-0.5
Ghana,2014,0.746,-0.5
Ghana,2015,0.739,-0.5
Ghana,2016,0.725,-0.5
Ghana,2017,0.739,-0.5
Ghana,2018,0.735,-0.5
Ghana,2019,0.718,-0.5
Ghana,2020,0.718,-0.5
Ghana,2021,0.659,-0.5
Ghana,2022,0.663,-0.5
Ghana,2023,0.657,-0.5
Ghana,2024,0.665,-0.5
Ghana,2025,0.711,-0.955
South Africa,1900,0.156,1.378
South Africa,1901,0.156,1.378
South Africa,1902,0.156,1.378
South Africa,1903,0.156,1.378
South Africa,1904,0.156,1.378
South Africa,1905,0.156,1.378
South Africa,1906,0.156,1.378
South Africa,1907,0.156,1.378
South Africa,1908,0.156,1.378
South Africa,1909,0.156,1.378
South Africa,1910,0.186,1.378
South Africa,1911,0.225,0.964
South Africa,1912,0.225,0.964
South Africa,1913,0.225,0.964
South Africa,1914,0.225,0.964
South Africa,1915,0.225,0.964
South Africa,1916,0.224,0.964
South Africa,1917,0.224,0.964
South Africa,1918,0.224,0.964
South Africa,1919,0.224,0.964
South Africa,1920,0.225,0.964
South Africa,1921,0.225,0.964
South Africa,1922,0.225,0.964
South Africa,1923,0.225,0.964
South Africa,1924,0.225,0.964
South Africa,1925,0.225,0.964
South Africa,1926,0.225,0.964
South Africa,1927,0.225,0.964
South Africa,1928,0.225,0.964
South Africa,1929,0.226,0.964
South Africa,1930,0.227,0.964
South Africa,1931,0.231,0.964
South Africa,1932,0.236,0.964
South Africa,1933,0.235,0.964
South Africa,1934,0.234,0.964
South Africa,1935,0.234,0.964
South Africa,1936,0.234,0.964
South Africa,1937,0.234,0.964
South Africa,1938,0.235,0.964
South Africa,1939,0.235,0.964
South Africa,1940,0.235,0.964
South Africa,1941,0.235,0.964
South Africa,1942,0.235,0.964
South Africa,1943,0.235,0.964
South Africa,1944,0.235,0.964
South Africa,1945,0.235,0.964
South Africa,1946,0.235,0.964
South Africa,1947,0.231,0.964
South Africa,1948,0.207,2.923
South Africa,1949,0.201,2.923
South Africa,1950,0.199,2.923
South Africa,1951,0.199,2.923
South Africa,1952,0.199,2.923
South Africa,1953,0.196,2.923
South Africa,1954,0.195,2.923
South Africa,1955,0.195,2.923
South Africa,1956,0.195,2.923
South Africa,1957,0.195,2.923
South Africa,1958,0.195,2.923
South Africa,1959,0.195,2.923
South Africa,1960,0.191,2.923
South Africa,1961,0.16,2.923
South Africa,1962,0.167,2.923
South Africa,1963,0.167,2.923
South Africa,1964,0.163,2.923
South Africa,1965,0.163,2.923
South Africa,1966,0.164,2.923
South Africa,1967,0.164,2.923
South Africa,1968,0.164,2.923
South Africa,1969,0.164,2.923
South Africa,1970,0.165,2.923
South Africa,1971,0.165,2.923
South Africa,1972,0.165,2.923
South Africa,1973,0.165,2.923
South Africa,1974,0.165,2.923
South Africa,1975,0.165,2.923
South Africa,1976,0.165,2.923
South Africa,1977,0.163,2.923
South Africa,1978,0.161,2.923
South Africa,1979,0.161,2.923
South Africa,1980,0.16,2.923
South Africa,1981,0.176,2.923
South Africa,1982,0.176,2.923
South Africa,1983,0.176,2.923
South Africa,1984,0.177,2.923
South Africa,1985,0.178,2.923
South Africa,1986,0.178,2.923
South Africa,1987,0.176,2.923
South Africa,1988,0.175,2.923
South Africa,1989,0.186,2.923
South Africa,1990,0.224,2.203
South Africa,1991,0.254,1.474
South Africa,1992,0.254,1.474
South Africa,1993,0.264,1.474
South Africa,1994,0.392,0.604
South Africa,1995,0.657,-0.404
South Africa,1996,0.663,-0.404
South Africa,1997,0.663,-0.404
South Africa,1998,0.668,-0.404
South Africa,1999,0.709,-0.404
South Africa,2000,0.743,0.006
South Africa,2001,0.743,0.006
South Africa,2002,0.743,0.006
South Africa,2003,0.743,0.006
South Africa,2004,0.764,0.006
South Africa,2005,0.778,0.006
South Africa,2006,0.779,0.006
South Africa,2007,0.779,0.006
South Africa,2008,0.775,0.006
South Africa,2009,0.775,0.006
South Africa,2010,0.778,0.006
South Africa,2011,0.777,0.006
South Africa,2012,0.779,0.145
South Africa,2013,0.765,0.145
South Africa,2014,0.758,0.145
South Africa,2015,0.755,0.145
South Africa,2016,0.752,0.145
South Africa,2017,0.738,0.145
South Africa,2018,0.747,0.145
South Africa,2019,0.727,0.145
South Africa,2020,0.719,0.319
South Africa,2021,0.725,0.319
South Africa,2022,0.718,0.319
South Africa,2023,0.712,0.298
South Africa,2024,0.734,-0.126
South Africa,2025,0.743,-0.126
Japan,1789,0.025,NA
Japan,1790,0.027,NA
Japan,1791,0.027,NA
Japan,1792,0.027,NA
Japan,1793,0.027,NA
Japan,1794,0.027,NA
Japan,1795,0.027,NA
Japan,1796,0.027,NA
Japan,1797,0.027,NA
Japan,1798,0.027,NA
Japan,1799,0.027,NA
Japan,1800,0.027,NA
Japan,1801,0.027,NA
Japan,1802,0.027,NA
Japan,1803,0.027,NA
Japan,1804,0.027,NA
Japan,1805,0.027,NA
Japan,1806,0.027,NA
Japan,1807,0.027,NA
Japan,1808,0.027,NA
Japan,1809,0.027,NA
Japan,1810,0.027,NA
Japan,1811,0.027,NA
Japan,1812,0.027,NA
Japan,1813,0.027,NA
Japan,1814,0.027,NA
Japan,1815,0.027,NA
Japan,1816,0.027,NA
Japan,1817,0.027,NA
Japan,1818,0.027,NA
Japan,1819,0.027,NA
Japan,1820,0.027,NA
Japan,1821,0.027,NA
Japan,1822,0.027,NA
Japan,1823,0.027,NA
Japan,1824,0.027,NA
Japan,1825,0.027,NA
Japan,1826,0.027,NA
Japan,1827,0.027,NA
Japan,1828,0.027,NA
Japan,1829,0.027,NA
Japan,1830,0.027,NA
Japan,1831,0.027,NA
Japan,1832,0.027,NA
Japan,1833,0.027,NA
Japan,1834,0.027,NA
Japan,1835,0.027,NA
Japan,1836,0.027,NA
Japan,1837,0.027,NA
Japan,1838,0.027,NA
Japan,1839,0.027,NA
Japan,1840,0.027,NA
Japan,1841,0.027,NA
Japan,1842,0.027,NA
Japan,1843,0.027,NA
Japan,1844,0.027,NA
Japan,1845,0.027,NA
Japan,1846,0.027,NA
Japan,1847,0.027,NA
Japan,1848,0.027,NA
Japan,1849,0.027,NA
Japan,1850,0.029,NA
Japan,1851,0.029,NA
Japan,1852,0.029,NA
Japan,1853,0.029,NA
Japan,1854,0.029,NA
Japan,1855,0.029,NA
Japan,1856,0.029,NA
Japan,1857,0.029,NA
Japan,1858,0.029,NA
Japan,1859,0.029,NA
Japan,1860,0.029,NA
Japan,1861,0.029,NA
Japan,1862,0.029,NA
Japan,1863,0.029,NA
Japan,1864,0.029,NA
Japan,1865,0.029,NA
Japan,1866,0.029,NA
Japan,1867,0.029,NA
Japan,1868,0.036,NA
Japan,1869,0.047,NA
Japan,1870,0.083,NA
Japan,1871,0.083,NA
Japan,1872,0.083,NA
Japan,1873,0.083,NA
Japan,1874,0.083,NA
Japan,1875,0.083,NA
Japan,1876,0.083,NA
Japan,1877,0.083,NA
Japan,1878,0.083,NA
Japan,1879,0.083,NA
Japan,1880,0.083,NA
Japan,1881,0.083,NA
Japan,1882,0.083,NA
Japan,1883,0.083,NA
Japan,1884,0.083,NA
Japan,1885,0.083,NA
Japan,1886,0.083,NA
Japan,1887,0.083,NA
Japan,1888,0.083,NA
Japan,1889,0.083,NA
Japan,1890,0.129,NA
Japan,1891,0.166,NA
Japan,1892,0.153,NA
Japan,1893,0.149,NA
Japan,1894,0.158,NA
Japan,1895,0.159,NA
Japan,1896,0.159,NA
Japan,1897,0.159,NA
Japan,1898,0.16,NA
Japan,1899,0.158,NA
Japan,1900,0.171,-1.314
Japan,1901,0.172,-1.314
Japan,1902,0.173,-1.314
Japan,1903,0.175,-1.314
Japan,1904,0.173,-1.314
Japan,1905,0.173,-1.314
Japan,1906,0.173,-1.314
Japan,1907,0.173,-1.314
Japan,1908,0.173,-1.314
Japan,1909,0.174,-1.314
Japan,1910,0.174,-1.314
Japan,1911,0.174,-1.314
Japan,1912,0.174,-1.314
Japan,1913,0.174,-1.314
Japan,1914,0.174,-1.314
Japan,1915,0.175,-1.314
Japan,1916,0.176,-1.314
Japan,1917,0.181,-1.314
Japan,1918,0.184,-1.314
Japan,1919,0.184,-1.314
Japan,1920,0.186,-1.708
Japan,1921,0.185,-1.708
Japan,1922,0.185,-1.708
Japan,1923,0.185,-1.708
Japan,1924,0.193,-1.708
Japan,1925,0.19,-1.708
Japan,1926,0.211,-1.708
Japan,1927,0.211,-1.708
Japan,1928,0.209,-1.708
Japan,1929,0.209,-1.708
Japan,1930,0.205,-0.977
Japan,1931,0.205,-0.977
Japan,1932,0.202,-0.977
Japan,1933,0.201,-0.977
Japan,1934,0.199,-0.977
Japan,1935,0.194,-0.977
Japan,1936,0.195,-0.977
Japan,1937,0.173,-0.977
Japan,1938,0.168,-0.977
Japan,1939,0.167,-0.977
Japan,1940,0.148,-0.977
Japan,1941,0.147,-0.977
Japan,1942,0.14,-0.977
Japan,1943,0.137,-0.977
Japan,1944,0.137,-0.977
Japan,1945,0.182,-0.977
Japan,1946,0.309,-1.343
Japan,1947,0.37,-1.343
Japan,1948,0.371,-1.343
Japan,1949,0.372,-1.343
Japan,1950,0.375,-1.343
Japan,1951,0.376,-1.343
Japan,1952,0.616,-1.343
Japan,1953,0.777,-1.343
Japan,1954,0.777,-1.343
Japan,1955,0.812,-1.343
Japan,1956,0.816,-1.343
Japan,1957,0.816,-1.343
Japan,1958,0.824,-1.343
Japan,1959,0.829,-1.343
Japan,1960,0.829,-0.65
Japan,1961,0.831,-1.758
Japan,1962,0.831,-1.758
Japan,1963,0.831,-1.758
Japan,1964,0.831,-1.758
Japan,1965,0.831,-1.758
Japan,1966,0.831,-1.758
Japan,1967,0.83,-1.758
Japan,1968,0.83,-1.758
Japan,1969,0.83,-1.758
Japan,1970,0.836,-1.758
Japan,1971,0.837,-1.758
Japan,1972,0.836,-1.758
Japan,1973,0.832,-1.758
Japan,1974,0.832,-1.758
Japan,1975,0.832,-1.758
Japan,1976,0.833,-1.758
Japan,1977,0.838,-1.758
Japan,1978,0.838,-1.758
Japan,1979,0.838,-1.758
Japan,1980,0.835,-1.758
Japan,1981,0.835,-1.758
Japan,1982,0.835,-1.758
Japan,1983,0.836,-1.758
Japan,1984,0.838,-1.758
Japan,1985,0.838,-1.758
Japan,1986,0.836,-1.758
Japan,1987,0.834,-1.758
Japan,1988,0.834,-1.758
Japan,1989,0.834,-1.758
Japan,1990,0.835,-1.758
Japan,1991,0.835,-1.758
Japan,1992,0.835,-1.758
Japan,1993,0.837,-1.758
Japan,1994,0.839,-2.269
Japan,1995,0.839,-2.269
Japan,1996,0.838,-2.269
Japan,1997,0.837,-2.269
Japan,1998,0.837,-2.269
Japan,1999,0.837,-2.269
Japan,2000,0.838,-2.269
Japan,2001,0.838,-2.269
Japan,2002,0.838,-2.269
Japan,2003,0.838,-2.269
Japan,2004,0.838,-2.269
Japan,2005,0.841,-2.269
Japan,2006,0.849,-2.269
Japan,2007,0.849,-2.269
Japan,2008,0.846,-2.269
Japan,2009,0.854,-2.269
Japan,2010,0.852,-2.269
Japan,2011,0.852,-2.269
Japan,2012,0.848,-1.517
Japan,2013,0.815,-1.517
Japan,2014,0.815,-1.517
Japan,2015,0.817,-1.365
Japan,2016,0.817,-1.365
Japan,2017,0.821,-1.365
Japan,2018,0.832,-1.365
Japan,2019,0.83,-1.365
Japan,2020,0.831,-1.738
Japan,2021,0.824,-1.738
Japan,2022,0.823,-1.738
Japan,2023,0.826,-1.738
Japan,2024,0.822,-1.738
Japan,2025,0.819,-1.738
Burma/Myanmar,1789,0.021,NA
Burma/Myanmar,1790,0.02,NA
Burma/Myanmar,1791,0.02,NA
Burma/Myanmar,1792,0.02,NA
Burma/Myanmar,1793,0.02,NA
Burma/Myanmar,1794,0.02,NA
Burma/Myanmar,1795,0.02,NA
Burma/Myanmar,1796,0.02,NA
Burma/Myanmar,1797,0.02,NA
Burma/Myanmar,1798,0.02,NA
Burma/Myanmar,1799,0.02,NA
Burma/Myanmar,1800,0.02,NA
Burma/Myanmar,1801,0.02,NA
Burma/Myanmar,1802,0.02,NA
Burma/Myanmar,1803,0.02,NA
Burma/Myanmar,1804,0.02,NA
Burma/Myanmar,1805,0.02,NA
Burma/Myanmar,1806,0.02,NA
Burma/Myanmar,1807,0.02,NA
Burma/Myanmar,1808,0.02,NA
Burma/Myanmar,1809,0.02,NA
Burma/Myanmar,1810,0.02,NA
Burma/Myanmar,1811,0.02,NA
Burma/Myanmar,1812,0.02,NA
Burma/Myanmar,1813,0.02,NA
Burma/Myanmar,1814,0.02,NA
Burma/Myanmar,1815,0.02,NA
Burma/Myanmar,1816,0.02,NA
Burma/Myanmar,1817,0.02,NA
Burma/Myanmar,1818,0.02,NA
Burma/Myanmar,1819,0.02,NA
Burma/Myanmar,1820,0.02,NA
Burma/Myanmar,1821,0.02,NA
Burma/Myanmar,1822,0.02,NA
Burma/Myanmar,1823,0.02,NA
Burma/Myanmar,1824,0.02,NA
Burma/Myanmar,1825,0.02,NA
Burma/Myanmar,1826,0.02,NA
Burma/Myanmar,1827,0.02,NA
Burma/Myanmar,1828,0.02,NA
Burma/Myanmar,1829,0.02,NA
Burma/Myanmar,1830,0.02,NA
Burma/Myanmar,1831,0.02,NA
Burma/Myanmar,1832,0.02,NA
Burma/Myanmar,1833,0.02,NA
Burma/Myanmar,1834,0.02,NA
Burma/Myanmar,1835,0.02,NA
Burma/Myanmar,1836,0.02,NA
Burma/Myanmar,1837,0.031,NA
Burma/Myanmar,1838,0.031,NA
Burma/Myanmar,1839,0.031,NA
Burma/Myanmar,1840,0.031,NA
Burma/Myanmar,1841,0.031,NA
Burma/Myanmar,1842,0.031,NA
Burma/Myanmar,1843,0.031,NA
Burma/Myanmar,1844,0.031,NA
Burma/Myanmar,1845,0.031,NA
Burma/Myanmar,1846,0.031,NA
Burma/Myanmar,1847,0.031,NA
Burma/Myanmar,1848,0.031,NA
Burma/Myanmar,1849,0.031,NA
Burma/Myanmar,1850,0.031,NA
Burma/Myanmar,1851,0.031,NA
Burma/Myanmar,1852,0.031,NA
Burma/Myanmar,1853,0.031,NA
Burma/Myanmar,1854,0.031,NA
Burma/Myanmar,1855,0.031,NA
Burma/Myanmar,1856,0.031,NA
Burma/Myanmar,1857,0.031,NA
Burma/Myanmar,1858,0.031,NA
Burma/Myanmar,1859,0.031,NA
Burma/Myanmar,1860,0.031,NA
Burma/Myanmar,1861,0.031,NA
Burma/Myanmar,1862,0.035,NA
Burma/Myanmar,1863,0.035,NA
Burma/Myanmar,1864,0.035,NA
Burma/Myanmar,1865,0.035,NA
Burma/Myanmar,1866,0.035,NA
Burma/Myanmar,1867,0.035,NA
Burma/Myanmar,1868,0.035,NA
Burma/Myanmar,1869,0.035,NA
Burma/Myanmar,1870,0.035,NA
Burma/Myanmar,1871,0.035,NA
Burma/Myanmar,1872,0.035,NA
Burma/Myanmar,1873,0.057,NA
Burma/Myanmar,1874,0.057,NA
Burma/Myanmar,1875,0.057,NA
Burma/Myanmar,1876,0.057,NA
Burma/Myanmar,1877,0.057,NA
Burma/Myanmar,1878,0.057,NA
Burma/Myanmar,1879,0.057,NA
Burma/Myanmar,1880,0.057,NA
Burma/Myanmar,1881,0.057,NA
Burma/Myanmar,1882,0.057,NA
Burma/Myanmar,1883,0.057,NA
Burma/Myanmar,1884,0.057,NA
Burma/Myanmar,1885,0.057,NA
Burma/Myanmar,1886,0.09,NA
Burma/Myanmar,1887,0.09,NA
Burma/Myanmar,1888,0.09,NA
Burma/Myanmar,1889,0.09,NA
Burma/Myanmar,1890,0.09,NA
Burma/Myanmar,1891,0.09,NA
Burma/Myanmar,1892,0.09,NA
Burma/Myanmar,1893,0.09,NA
Burma/Myanmar,1894,0.09,NA
Burma/Myanmar,1895,0.09,NA
Burma/Myanmar,1896,0.09,NA
Burma/Myanmar,1897,0.09,NA
Burma/Myanmar,1898,0.09,NA
Burma/Myanmar,1899,0.09,NA
Burma/Myanmar,1900,0.089,-1.185
Burma/Myanmar,1901,0.089,-1.185
Burma/Myanmar,1902,0.089,-1.185
Burma/Myanmar,1903,0.089,-1.185
Burma/Myanmar,1904,0.089,-1.185
Burma/Myanmar,1905,0.089,-1.185
Burma/Myanmar,1906,0.089,-1.185
Burma/Myanmar,1907,0.089,-1.185
Burma/Myanmar,1908,0.089,-1.185
Burma/Myanmar,1909,0.089,-1.185
Burma/Myanmar,1910,0.089,-1.185
Burma/Myanmar,1911,0.089,-1.185
Burma/Myanmar,1912,0.089,-1.185
Burma/Myanmar,1913,0.089,-1.185
Burma/Myanmar,1914,0.089,-1.185
Burma/Myanmar,1915,0.089,-1.185
Burma/Myanmar,1916,0.089,-1.185
Burma/Myanmar,1917,0.089,-1.185
Burma/Myanmar,1918,0.089,-1.185
Burma/Myanmar,1919,0.089,-1.185
Burma/Myanmar,1920,0.09,-1.185
Burma/Myanmar,1921,0.095,-1.185
Burma/Myanmar,1922,0.137,-1.185
Burma/Myanmar,1923,0.197,-1.185
Burma/Myanmar,1924,0.197,-1.185
Burma/Myanmar,1925,0.197,-1.185
Burma/Myanmar,1926,0.197,-1.185
Burma/Myanmar,1927,0.197,-1.185
Burma/Myanmar,1928,0.197,-1.185
Burma/Myanmar,1929,0.196,-1.185
Burma/Myanmar,1930,0.196,-1.185
Burma/Myanmar,1931,0.196,-1.185
Burma/Myanmar,1932,0.196,-1.185
Burma/Myanmar,1933,0.199,-1.185
Burma/Myanmar,1934,0.199,-1.185
Burma/Myanmar,1935,0.204,-1.185
Burma/Myanmar,1936,0.208,-1.185
Burma/Myanmar,1937,0.223,-1.185
Burma/Myanmar,1938,0.223,-1.185
Burma/Myanmar,1939,0.223,-1.185
Burma/Myanmar,1940,0.223,-0.142
Burma/Myanmar,1941,0.215,-0.142
Burma/Myanmar,1942,0.114,-0.142
Burma/Myanmar,1943,0.092,-0.142
Burma/Myanmar,1944,0.095,-0.142
Burma/Myanmar,1945,0.13,-0.142
Burma/Myanmar,1946,0.166,-0.142
Burma/Myanmar,1947,0.194,-0.142
Burma/Myanmar,1948,0.221,0.341
Burma/Myanmar,1949,0.225,0.55
Burma/Myanmar,1950,0.223,0.55
Burma/Myanmar,1951,0.255,0.55
Burma/Myanmar,1952,0.39,0.55
Burma/Myanmar,1953,0.426,0.55
Burma/Myanmar,1954,0.426,0.55
Burma/Myanmar,1955,0.426,0.55
Burma/Myanmar,1956,0.425,0.55
Burma/Myanmar,1957,0.424,0.55
Burma/Myanmar,1958,0.407,1.267
Burma/Myanmar,1959,0.407,1.267
Burma/Myanmar,1960,0.419,1.267
Burma/Myanmar,1961,0.426,1.267
Burma/Myanmar,1962,0.131,1.267
Burma/Myanmar,1963,0.077,2.487
Burma/Myanmar,1964,0.07,2.487
Burma/Myanmar,1965,0.07,2.487
Burma/Myanmar,1966,0.07,2.487
Burma/Myanmar,1967,0.07,2.487
Burma/Myanmar,1968,0.07,2.487
Burma/Myanmar,1969,0.07,2.487
Burma/Myanmar,1970,0.07,2.487
Burma/Myanmar,1971,0.07,2.487
Burma/Myanmar,1972,0.07,2.487
Burma/Myanmar,1973,0.07,2.487
Burma/Myanmar,1974,0.073,2.487
Burma/Myanmar,1975,0.074,2.487
Burma/Myanmar,1976,0.136,2.487
Burma/Myanmar,1977,0.136,2.487
Burma/Myanmar,1978,0.136,2.487
Burma/Myanmar,1979,0.136,2.487
Burma/Myanmar,1980,0.137,2.487
Burma/Myanmar,1981,0.137,2.487
Burma/Myanmar,1982,0.138,2.487
Burma/Myanmar,1983,0.138,2.487
Burma/Myanmar,1984,0.138,2.487
Burma/Myanmar,1985,0.138,2.487
Burma/Myanmar,1986,0.138,2.487
Burma/Myanmar,1987,0.138,2.487
Burma/Myanmar,1988,0.126,2.487
Burma/Myanmar,1989,0.09,2.487
Burma/Myanmar,1990,0.115,2.487
Burma/Myanmar,1991,0.096,2.487
Burma/Myanmar,1992,0.096,2.487
Burma/Myanmar,1993,0.096,2.487
Burma/Myanmar,1994,0.096,2.487
Burma/Myanmar,1995,0.096,2.487
Burma/Myanmar,1996,0.096,2.487
Burma/Myanmar,1997,0.096,2.487
Burma/Myanmar,1998,0.096,2.487
Burma/Myanmar,1999,0.096,2.487
Burma/Myanmar,2000,0.096,2.487
Burma/Myanmar,2001,0.096,2.487
Burma/Myanmar,2002,0.096,2.487
Burma/Myanmar,2003,0.096,2.487
Burma/Myanmar,2004,0.096,2.487
Burma/Myanmar,2005,0.096,2.487
Burma/Myanmar,2006,0.096,2.487
Burma/Myanmar,2007,0.096,2.487
Burma/Myanmar,2008,0.096,1.933
Burma/Myanmar,2009,0.097,1.933
Burma/Myanmar,2010,0.119,1.03
Burma/Myanmar,2011,0.223,0.593
Burma/Myanmar,2012,0.306,0.39
Burma/Myanmar,2013,0.355,0.39
Burma/Myanmar,2014,0.357,0.39
Burma/Myanmar,2015,0.37,0.424
Burma/Myanmar,2016,0.402,0.48
Burma/Myanmar,2017,0.402,0.48
Burma/Myanmar,2018,0.397,0.638
Burma/Myanmar,2019,0.421,0.638
Burma/Myanmar,2020,0.426,0.802
Burma/Myanmar,2021,0.102,2.437
Burma/Myanmar,2022,0.087,3.243
Burma/Myanmar,2023,0.077,3.682
Burma/Myanmar,2024,0.08,3.682
Burma/Myanmar,2025,0.08,3.682
Russia,1789,0.029,NA
Russia,1790,0.019,NA
Russia,1791,0.019,NA
Russia,1792,0.019,NA
Russia,1793,0.019,NA
Russia,1794,0.019,NA
Russia,1795,0.019,NA
Russia,1796,0.019,NA
Russia,1797,0.019,NA
Russia,1798,0.019,NA
Russia,1799,0.019,NA
Russia,1800,0.019,NA
Russia,1801,0.019,NA
Russia,1802,0.019,NA
Russia,1803,0.019,NA
Russia,1804,0.019,NA
Russia,1805,0.019,NA
Russia,1806,0.019,NA
Russia,1807,0.019,NA
Russia,1808,0.019,NA
Russia,1809,0.019,NA
Russia,1810,0.019,NA
Russia,1811,0.019,NA
Russia,1812,0.019,NA
Russia,1813,0.019,NA
Russia,1814,0.019,NA
Russia,1815,0.019,NA
Russia,1816,0.019,NA
Russia,1817,0.019,NA
Russia,1818,0.019,NA
Russia,1819,0.019,NA
Russia,1820,0.019,NA
Russia,1821,0.019,NA
Russia,1822,0.019,NA
Russia,1823,0.019,NA
Russia,1824,0.019,NA
Russia,1825,0.019,NA
Russia,1826,0.018,NA
Russia,1827,0.018,NA
Russia,1828,0.018,NA
Russia,1829,0.018,NA
Russia,1830,0.018,NA
Russia,1831,0.018,NA
Russia,1832,0.018,NA
Russia,1833,0.018,NA
Russia,1834,0.018,NA
Russia,1835,0.018,NA
Russia,1836,0.018,NA
Russia,1837,0.018,NA
Russia,1838,0.018,NA
Russia,1839,0.018,NA
Russia,1840,0.018,NA
Russia,1841,0.018,NA
Russia,1842,0.018,NA
Russia,1843,0.018,NA
Russia,1844,0.018,NA
Russia,1845,0.018,NA
Russia,1846,0.018,NA
Russia,1847,0.018,NA
Russia,1848,0.016,NA
Russia,1849,0.016,NA
Russia,1850,0.016,NA
Russia,1851,0.016,NA
Russia,1852,0.016,NA
Russia,1853,0.016,NA
Russia,1854,0.016,NA
Russia,1855,0.026,NA
Russia,1856,0.029,NA
Russia,1857,0.029,NA
Russia,1858,0.029,NA
Russia,1859,0.029,NA
Russia,1860,0.029,NA
Russia,1861,0.029,NA
Russia,1862,0.029,NA
Russia,1863,0.029,NA
Russia,1864,0.029,NA
Russia,1865,0.035,NA
Russia,1866,0.035,NA
Russia,1867,0.035,NA
Russia,1868,0.035,NA
Russia,1869,0.035,NA
Russia,1870,0.035,NA
Russia,1871,0.035,NA
Russia,1872,0.035,NA
Russia,1873,0.032,NA
Russia,1874,0.032,NA
Russia,1875,0.032,NA
Russia,1876,0.032,NA
Russia,1877,0.032,NA
Russia,1878,0.032,NA
Russia,1879,0.032,NA
Russia,1880,0.032,NA
Russia,1881,0.032,NA
Russia,1882,0.035,NA
Russia,1883,0.035,NA
Russia,1884,0.035,NA
Russia,1885,0.035,NA
Russia,1886,0.035,NA
Russia,1887,0.035,NA
Russia,1888,0.035,NA
Russia,1889,0.035,NA
Russia,1890,0.035,NA
Russia,1891,0.035,NA
Russia,1892,0.035,NA
Russia,1893,0.037,NA
Russia,1894,0.037,NA
Russia,1895,0.037,NA
Russia,1896,0.037,NA
Russia,1897,0.037,NA
Russia,1898,0.033,NA
Russia,1899,0.033,NA
Russia,1900,0.048,0.635
Russia,1901,0.047,0.635
Russia,1902,0.047,0.876
Russia,1903,0.047,1.276
Russia,1904,0.048,1.276
Russia,1905,0.067,1.941
Russia,1906,0.108,1.945
Russia,1907,0.109,1.838
Russia,1908,0.107,0.836
Russia,1909,0.107,0.836
Russia,1910,0.107,0.733
Russia,1911,0.107,0.733
Russia,1912,0.108,0.733
Russia,1913,0.108,0.733
Russia,1914,0.106,0.733
Russia,1915,0.105,0.733
Russia,1916,0.105,1.056
Russia,1917,0.098,2.983
Russia,1918,0.126,3.366
Russia,1919,0.114,3.366
Russia,1920,0.114,3.366
Russia,1921,0.111,2.742
Russia,1922,0.111,2.742
Russia,1923,0.114,2.445
Russia,1924,0.114,1.276
Russia,1925,0.112,1.276
Russia,1926,0.112,1.276
Russia,1927,0.112,1.276
Russia,1928,0.112,1.061
Russia,1929,0.111,0.71
Russia,1930,0.111,0.71
Russia,1931,0.111,1.065
Russia,1932,0.111,1.065
Russia,1933,0.111,1.065
Russia,1934,0.111,1.065
Russia,1935,0.111,1.065
Russia,1936,0.111,1.065
Russia,1937,0.116,1.065
Russia,1938,0.096,1.065
Russia,1939,0.096,1.065
Russia,1940,0.096,1.065
Russia,1941,0.093,0.876
Russia,1942,0.093,0.876
Russia,1943,0.093,0.876
Russia,1944,0.093,0.876
Russia,1945,0.093,0.876
Russia,1946,0.1,0.978
Russia,1947,0.1,0.978
Russia,1948,0.099,0.978
Russia,1949,0.099,0.978
Russia,1950,0.102,0.978
Russia,1951,0.103,0.978
Russia,1952,0.103,0.978
Russia,1953,0.103,0.978
Russia,1954,0.105,0.978
Russia,1955,0.105,0.88
Russia,1956,0.105,0.88
Russia,1957,0.105,0.88
Russia,1958,0.106,0.88
Russia,1959,0.106,0.88
Russia,1960,0.106,0.429
Russia,1961,0.106,0.429
Russia,1962,0.095,0.429
Russia,1963,0.092,0.429
Russia,1964,0.092,0.429
Russia,1965,0.092,0.429
Russia,1966,0.092,0.429
Russia,1967,0.092,0.429
Russia,1968,0.092,0.429
Russia,1969,0.092,0.37
Russia,1970,0.101,0.37
Russia,1971,0.109,0.37
Russia,1972,0.108,0.37
Russia,1973,0.108,0.37
Russia,1974,0.107,0.37
Russia,1975,0.107,0.37
Russia,1976,0.107,0.37
Russia,1977,0.107,0.37
Russia,1978,0.107,0.37
Russia,1979,0.107,0.37
Russia,1980,0.107,0.37
Russia,1981,0.107,0.37
Russia,1982,0.107,0.37
Russia,1983,0.107,0.37
Russia,1984,0.106,0.199
Russia,1985,0.109,0.159
Russia,1986,0.117,0.159
Russia,1987,0.144,0.233
Russia,1988,0.145,0.058
Russia,1989,0.176,0.122
Russia,1990,0.234,0.491
Russia,1991,0.255,0.491
Russia,1992,0.498,0.491
Russia,1993,0.48,0.62
Russia,1994,0.477,0.422
Russia,1995,0.477,0.422
Russia,1996,0.461,0.342
Russia,1997,0.456,0.264
Russia,1998,0.456,0.264
Russia,1999,0.461,0.264
Russia,2000,0.403,0.13
Russia,2001,0.374,-0.172
Russia,2002,0.354,-0.172
Russia,2003,0.339,-0.172
Russia,2004,0.321,-0.216
Russia,2005,0.32,-0.393
Russia,2006,0.322,-0.393
Russia,2007,0.316,-0.393
Russia,2008,0.302,-0.393
Russia,2009,0.309,-0.393
Russia,2010,0.306,-0.254
Russia,2011,0.299,0.255
Russia,2012,0.278,0.348
Russia,2013,0.276,0.348
Russia,2014,0.264,0.879
Russia,2015,0.265,0.987
Russia,2016,0.263,0.905
Russia,2017,0.261,0.905
Russia,2018,0.264,0.825
Russia,2019,0.259,0.825
Russia,2020,0.255,1.285
Russia,2021,0.245,1.371
Russia,2022,0.206,2.048
Russia,2023,0.19,1.242
Russia,2024,0.171,1.242
Russia,2025,0.17,1.242
Albania,1912,NA,-0.13
Albania,1913,NA,-0.13
Albania,1914,0.099,-0.13
Albania,1915,0.082,0.145
Albania,1916,0.095,0.145
Albania,1917,0.095,0.145
Albania,1918,0.097,0.145
Albania,1919,0.134,0.145
Albania,1920,0.142,-0.131
Albania,1921,0.214,-0.131
Albania,1922,0.225,-0.131
Albania,1923,0.209,-0.131
Albania,1924,0.147,-0.009
Albania,1925,0.166,0.364
Albania,1926,0.172,0.147
Albania,1927,0.173,0.147
Albania,1928,0.173,0.147
Albania,1929,0.141,0.147
Albania,1930,0.141,0.147
Albania,1931,0.141,0.147
Albania,1932,0.15,0.147
Albania,1933,0.172,0.147
Albania,1934,0.172,0.147
Albania,1935,0.171,0.147
Albania,1936,0.171,0.147
Albania,1937,0.122,0.147
Albania,1938,0.107,0.147
Albania,1939,0.07,0.008
Albania,1940,0.049,0.464
Albania,1941,0.049,0.464
Albania,1942,0.049,0.464
Albania,1943,0.051,0.464
Albania,1944,0.049,0.891
Albania,1945,0.045,1.283
Albania,1946,0.07,1.283
Albania,1947,0.161,1.873
Albania,1948,0.161,1.873
Albania,1949,0.165,1.873
Albania,1950,0.17,1.873
Albania,1951,0.173,1.873
Albania,1952,0.173,1.873
Albania,1953,0.173,1.873
Albania,1954,0.173,1.873
Albania,1955,0.173,1.873
Albania,1956,0.173,1.873
Albania,1957,0.173,1.873
Albania,1958,0.173,1.873
Albania,1959,0.173,1.873
Albania,1960,0.174,1.873
Albania,1961,0.174,1.873
Albania,1962,0.174,1.873
Albania,1963,0.173,1.873
Albania,1964,0.173,1.873
Albania,1965,0.173,1.873
Albania,1966,0.173,1.873
Albania,1967,0.173,1.873
Albania,1968,0.173,1.873
Albania,1969,0.173,1.873
Albania,1970,0.173,1.873
Albania,1971,0.173,1.873
Albania,1972,0.173,1.873
Albania,1973,0.173,1.873
Albania,1974,0.173,1.873
Albania,1975,0.173,1.873
Albania,1976,0.173,1.873
Albania,1977,0.173,1.873
Albania,1978,0.173,1.873
Albania,1979,0.174,1.873
Albania,1980,0.174,1.873
Albania,1981,0.174,1.873
Albania,1982,0.174,1.469
Albania,1983,0.173,1.469
Albania,1984,0.173,1.469
Albania,1985,0.173,1.469
Albania,1986,0.173,1.469
Albania,1987,0.173,1.469
Albania,1988,0.173,1.469
Albania,1989,0.173,1.469
Albania,1990,0.187,0.455
Albania,1991,0.367,0.322
Albania,1992,0.42,-0.736
Albania,1993,0.421,-0.736
Albania,1994,0.421,-0.736
Albania,1995,0.427,-0.736
Albania,1996,0.387,-0.613
Albania,1997,0.371,0.752
Albania,1998,0.39,-0.902
Albania,1999,0.392,-1.078
Albania,2000,0.402,-1.185
Albania,2001,0.438,-1.047
Albania,2002,0.48,-1.278
Albania,2003,0.486,-1.278
Albania,2004,0.491,-1.278
Albania,2005,0.518,-1.278
Albania,2006,0.546,-1.278
Albania,2007,0.551,-1.278
Albania,2008,0.551,-1.537
Albania,2009,0.544,-1.43
Albania,2010,0.539,-1.546
Albania,2011,0.539,-1.546
Albania,2012,0.54,-1.433
Albania,2013,0.523,-1.529
Albania,2014,0.522,-1.529
Albania,2015,0.518,-1.529
Albania,2016,0.52,-1.627
Albania,2017,0.536,-1.544
Albania,2018,0.524,-1.544
Albania,2019,0.511,-1.435
Albania,2020,0.528,-0.879
Albania,2021,0.526,-0.63
Albania,2022,0.517,-0.662
Albania,2023,0.505,-0.622
Albania,2024,0.51,-0.616
Albania,2025,0.484,-0.616
Egypt,1789,0.032,NA
Egypt,1790,0.032,NA
Egypt,1791,0.032,NA
Egypt,1792,0.032,NA
Egypt,1793,0.032,NA
Egypt,1794,0.032,NA
Egypt,1795,0.032,NA
Egypt,1796,0.032,NA
Egypt,1797,0.032,NA
Egypt,1798,0.032,NA
Egypt,1799,0.031,NA
Egypt,1800,0.031,NA
Egypt,1801,0.031,NA
Egypt,1802,0.031,NA
Egypt,1803,0.031,NA
Egypt,1804,0.031,NA
Egypt,1805,0.031,NA
Egypt,1806,0.031,NA
Egypt,1807,0.031,NA
Egypt,1808,0.031,NA
Egypt,1809,0.031,NA
Egypt,1810,0.031,NA
Egypt,1811,0.031,NA
Egypt,1812,0.031,NA
Egypt,1813,0.031,NA
Egypt,1814,0.031,NA
Egypt,1815,0.031,NA
Egypt,1816,0.031,NA
Egypt,1817,0.031,NA
Egypt,1818,0.031,NA
Egypt,1819,0.031,NA
Egypt,1820,0.031,NA
Egypt,1821,0.031,NA
Egypt,1822,0.031,NA
Egypt,1823,0.031,NA
Egypt,1824,0.031,NA
Egypt,1825,0.031,NA
Egypt,1826,0.031,NA
Egypt,1827,0.031,NA
Egypt,1828,0.031,NA
Egypt,1829,0.031,NA
Egypt,1830,0.031,NA
Egypt,1831,0.031,NA
Egypt,1832,0.031,NA
Egypt,1833,0.031,NA
Egypt,1834,0.031,NA
Egypt,1835,0.031,NA
Egypt,1836,0.031,NA
Egypt,1837,0.031,NA
Egypt,1838,0.031,NA
Egypt,1839,0.031,NA
Egypt,1840,0.031,NA
Egypt,1841,0.031,NA
Egypt,1842,0.031,NA
Egypt,1843,0.031,NA
Egypt,1844,0.031,NA
Egypt,1845,0.031,NA
Egypt,1846,0.031,NA
Egypt,1847,0.031,NA
Egypt,1848,0.031,NA
Egypt,1849,0.031,NA
Egypt,1850,0.031,NA
Egypt,1851,0.031,NA
Egypt,1852,0.031,NA
Egypt,1853,0.031,NA
Egypt,1854,0.031,NA
Egypt,1855,0.031,NA
Egypt,1856,0.031,NA
Egypt,1857,0.031,NA
Egypt,1858,0.031,NA
Egypt,1859,0.031,NA
Egypt,1860,0.031,NA
Egypt,1861,0.031,NA
Egypt,1862,0.031,NA
Egypt,1863,0.035,NA
Egypt,1864,0.035,NA
Egypt,1865,0.035,NA
Egypt,1866,0.037,NA
Egypt,1867,0.037,NA
Egypt,1868,0.037,NA
Egypt,1869,0.037,NA
Egypt,1870,0.037,NA
Egypt,1871,0.037,NA
Egypt,1872,0.037,NA
Egypt,1873,0.037,NA
Egypt,1874,0.037,NA
Egypt,1875,0.037,NA
Egypt,1876,0.037,NA
Egypt,1877,0.037,NA
Egypt,1878,0.042,NA
Egypt,1879,0.067,NA
Egypt,1880,0.067,NA
Egypt,1881,0.069,NA
Egypt,1882,0.069,NA
Egypt,1883,0.147,NA
Egypt,1884,0.147,NA
Egypt,1885,0.147,NA
Egypt,1886,0.147,NA
Egypt,1887,0.147,NA
Egypt,1888,0.147,NA
Egypt,1889,0.147,NA
Egypt,1890,0.147,NA
Egypt,1891,0.147,NA
Egypt,1892,0.147,NA
Egypt,1893,0.147,NA
Egypt,1894,0.147,NA
Egypt,1895,0.147,NA
Egypt,1896,0.147,NA
Egypt,1897,0.147,NA
Egypt,1898,0.147,NA
Egypt,1899,0.147,NA
Egypt,1900,0.115,-0.229
Egypt,1901,0.114,-0.229
Egypt,1902,0.114,-0.229
Egypt,1903,0.114,-0.229
Egypt,1904,0.114,-0.229
Egypt,1905,0.114,-0.229
Egypt,1906,0.114,-0.229
Egypt,1907,0.121,-0.229
Egypt,1908,0.121,-0.229
Egypt,1909,0.121,-0.229
Egypt,1910,0.121,-0.229
Egypt,1911,0.121,-0.229
Egypt,1912,0.121,-0.229
Egypt,1913,0.102,-0.229
Egypt,1914,0.079,-0.229
Egypt,1915,0.079,0.158
Egypt,1916,0.079,0.158
Egypt,1917,0.079,0.158
Egypt,1918,0.079,0.158
Egypt,1919,0.079,0.455
Egypt,1920,0.078,-0.493
Egypt,1921,0.078,-0.493
Egypt,1922,0.078,-0.493
Egypt,1923,0.08,-0.862
Egypt,1924,0.113,-1.215
Egypt,1925,0.113,-1.215
Egypt,1926,0.113,-1.215
Egypt,1927,0.113,-1.215
Egypt,1928,0.113,-1.215
Egypt,1929,0.113,-1.215
Egypt,1930,0.11,-1.502
Egypt,1931,0.084,-1.502
Egypt,1932,0.084,-1.502
Egypt,1933,0.084,-1.502
Egypt,1934,0.084,-1.502
Egypt,1935,0.084,-1.502
Egypt,1936,0.109,-1.19
Egypt,1937,0.109,-1.19
Egypt,1938,0.124,-1.19
Egypt,1939,0.124,-1.19
Egypt,1940,0.124,-1.497
Egypt,1941,0.124,-1.497
Egypt,1942,0.124,-1.135
Egypt,1943,0.124,-0.799
Egypt,1944,0.124,-0.799
Egypt,1945,0.148,-0.799
Egypt,1946,0.149,-0.799
Egypt,1947,0.149,-0.799
Egypt,1948,0.149,-0.486
Egypt,1949,0.149,-0.486
Egypt,1950,0.175,-0.184
Egypt,1951,0.174,-0.184
Egypt,1952,0.148,0.114
Egypt,1953,0.066,-0.484
Egypt,1954,0.057,-0.484
Egypt,1955,0.057,-0.484
Egypt,1956,0.09,-0.484
Egypt,1957,0.168,-2.332
Egypt,1958,0.153,-2.332
Egypt,1959,0.15,-2.332
Egypt,1960,0.163,-2.332
Egypt,1961,0.148,-2.332
Egypt,1962,0.126,-2.332
Egypt,1963,0.149,-2.332
Egypt,1964,0.177,-2.332
Egypt,1965,0.183,-2.332
Egypt,1966,0.183,-2.332
Egypt,1967,0.182,-2.332
Egypt,1968,0.182,-2.332
Egypt,1969,0.18,-2.332
Egypt,1970,0.188,-2.003
Egypt,1971,0.202,-2.003
Egypt,1972,0.195,-2.003
Egypt,1973,0.196,-2.003
Egypt,1974,0.196,-2.342
Egypt,1975,0.196,-1.962
Egypt,1976,0.207,-1.962
Egypt,1977,0.207,-1.522
Egypt,1978,0.207,-1.522
Egypt,1979,0.202,-1.522
Egypt,1980,0.181,-1.147
Egypt,1981,0.191,-0.808
Egypt,1982,0.217,-1.06
Egypt,1983,0.217,-1.06
Egypt,1984,0.215,-1.06
Egypt,1985,0.214,-1.366
Egypt,1986,0.219,-1.366
Egypt,1987,0.22,-1.366
Egypt,1988,0.223,-1.366
Egypt,1989,0.224,-1.366
Egypt,1990,0.223,-1.366
Egypt,1991,0.212,-1.366
Egypt,1992,0.212,-1.366
Egypt,1993,0.216,-1.366
Egypt,1994,0.217,-1.707
Egypt,1995,0.217,-1.707
Egypt,1996,0.215,-1.707
Egypt,1997,0.213,-1.347
Egypt,1998,0.215,-1.703
Egypt,1999,0.215,-1.703
Egypt,2000,0.217,-1.703
Egypt,2001,0.209,-1.703
Egypt,2002,0.209,-1.703
Egypt,2003,0.209,-1.703
Egypt,2004,0.208,-1.343
Egypt,2005,0.21,-1.828
Egypt,2006,0.212,-1.703
Egypt,2007,0.212,-1.575
Egypt,2008,0.212,-1.575
Egypt,2009,0.211,-1.575
Egypt,2010,0.212,-0.864
Egypt,2011,0.204,1.228
Egypt,2012,0.298,2.213
Egypt,2013,0.187,2.681
Egypt,2014,0.137,1.823
Egypt,2015,0.156,1.269
Egypt,2016,0.178,1.085
Egypt,2017,0.178,0.793
Egypt,2018,0.176,0.711
Egypt,2019,0.174,0.595
Egypt,2020,0.176,0.215
Egypt,2021,0.18,0.012
Egypt,2022,0.183,-0.09
Egypt,2023,0.187,-0.09
Egypt,2024,0.186,-0.09
Egypt,2025,0.187,-0.22
Yemen,1789,0.016,NA
Yemen,1790,0.016,NA
Yemen,1791,0.016,NA
Yemen,1792,0.016,NA
Yemen,1793,0.016,NA
Yemen,1794,0.016,NA
Yemen,1795,0.016,NA
Yemen,1796,0.016,NA
Yemen,1797,0.016,NA
Yemen,1798,0.016,NA
Yemen,1799,0.016,NA
Yemen,1800,0.016,NA
Yemen,1801,0.016,NA
Yemen,1802,0.016,NA
Yemen,1803,0.016,NA
Yemen,1804,0.016,NA
Yemen,1805,0.016,NA
Yemen,1806,0.016,NA
Yemen,1807,0.016,NA
Yemen,1808,0.016,NA
Yemen,1809,0.016,NA
Yemen,1810,0.016,NA
Yemen,1811,0.016,NA
Yemen,1812,0.016,NA
Yemen,1813,0.016,NA
Yemen,1814,0.016,NA
Yemen,1815,0.016,NA
Yemen,1816,0.016,NA
Yemen,1817,0.016,NA
Yemen,1818,0.016,NA
Yemen,1819,0.016,NA
Yemen,1820,0.016,NA
Yemen,1821,0.016,NA
Yemen,1822,0.016,NA
Yemen,1823,0.016,NA
Yemen,1824,0.016,NA
Yemen,1825,0.016,NA
Yemen,1826,0.016,NA
Yemen,1827,0.016,NA
Yemen,1828,0.016,NA
Yemen,1829,0.016,NA
Yemen,1830,0.016,NA
Yemen,1831,0.016,NA
Yemen,1832,0.016,NA
Yemen,1833,0.016,NA
Yemen,1834,0.016,NA
Yemen,1835,0.016,NA
Yemen,1836,0.016,NA
Yemen,1837,0.016,NA
Yemen,1838,0.016,NA
Yemen,1839,0.016,NA
Yemen,1840,0.016,NA
Yemen,1841,0.016,NA
Yemen,1842,0.016,NA
Yemen,1843,0.016,NA
Yemen,1844,0.016,NA
Yemen,1845,0.016,NA
Yemen,1846,0.016,NA
Yemen,1847,0.016,NA
Yemen,1848,0.016,NA
Yemen,1849,0.016,NA
Yemen,1850,0.016,NA
Yemen,1918,0.018,0.063
Yemen,1919,0.018,0.063
Yemen,1920,0.018,0.136
Yemen,1921,0.018,0.136
Yemen,1922,0.018,0.136
Yemen,1923,0.018,0.136
Yemen,1924,0.018,0.136
Yemen,1925,0.018,0.136
Yemen,1926,0.018,0.136
Yemen,1927,0.018,0.136
Yemen,1928,0.018,0.136
Yemen,1929,0.018,0.136
Yemen,1930,0.018,0.136
Yemen,1931,0.018,0.136
Yemen,1932,0.018,0.136
Yemen,1933,0.018,0.136
Yemen,1934,0.018,0.136
Yemen,1935,0.018,0.136
Yemen,1936,0.018,0.136
Yemen,1937,0.018,0.136
Yemen,1938,0.018,0.136
Yemen,1939,0.018,0.136
Yemen,1940,0.018,0.136
Yemen,1941,0.018,0.136
Yemen,1942,0.018,0.136
Yemen,1943,0.018,0.136
Yemen,1944,0.018,0.136
Yemen,1945,0.018,0.136
Yemen,1946,0.018,0.136
Yemen,1947,0.018,0.136
Yemen,1948,0.018,0.136
Yemen,1949,0.018,0.136
Yemen,1950,0.018,0.136
Yemen,1951,0.018,0.136
Yemen,1952,0.018,0.136
Yemen,1953,0.018,0.136
Yemen,1954,0.018,0.136
Yemen,1955,0.018,0.136
Yemen,1956,0.018,0.136
Yemen,1957,0.018,0.136
Yemen,1958,0.019,0.136
Yemen,1959,0.019,0.136
Yemen,1960,0.019,0.205
Yemen,1961,0.019,0.205
Yemen,1962,0.017,1.159
Yemen,1963,0.024,1.015
Yemen,1964,0.025,1.015
Yemen,1965,0.023,1.015
Yemen,1966,0.023,1.015
Yemen,1967,0.023,1.015
Yemen,1968,0.025,0.15
Yemen,1969,0.026,0.15
Yemen,1970,0.027,0.15
Yemen,1971,0.112,0.15
Yemen,1972,0.116,0.15
Yemen,1973,0.115,0.15
Yemen,1974,0.117,0.15
Yemen,1975,0.093,0.15
Yemen,1976,0.093,0.15
Yemen,1977,0.092,0.15
Yemen,1978,0.09,0.15
Yemen,1979,0.089,0.15
Yemen,1980,0.09,0.15
Yemen,1981,0.09,0.15
Yemen,1982,0.089,0.15
Yemen,1983,0.089,0.15
Yemen,1984,0.089,0.15
Yemen,1985,0.089,0.15
Yemen,1986,0.089,0.15
Yemen,1987,0.089,0.15
Yemen,1988,0.129,0.15
Yemen,1989,0.17,0.15
Yemen,1990,0.224,-0.036
Yemen,1991,0.28,-0.036
Yemen,1992,0.281,-0.036
Yemen,1993,0.309,0.288
Yemen,1994,0.318,0.74
Yemen,1995,0.299,0.542
Yemen,1996,0.299,0.542
Yemen,1997,0.279,0.178
Yemen,1998,0.266,0.178
Yemen,1999,0.262,0.178
Yemen,2000,0.263,0.346
Yemen,2001,0.261,0.346
Yemen,2002,0.261,0.346
Yemen,2003,0.275,0.346
Yemen,2004,0.281,0.692
Yemen,2005,0.281,0.692
Yemen,2006,0.283,0.692
Yemen,2007,0.283,0.692
Yemen,2008,0.285,0.692
Yemen,2009,0.285,0.692
Yemen,2010,0.286,1.521
Yemen,2011,0.31,1.698
Yemen,2012,0.357,1.698
Yemen,2013,0.336,1.698
Yemen,2014,0.3,1.698
Yemen,2015,0.184,2.85
Yemen,2016,0.113,2.85
Yemen,2017,0.112,2.85
Yemen,2018,0.113,2.85
Yemen,2019,0.117,2.85
Yemen,2020,0.113,2.85
Yemen,2021,0.116,2.85
Yemen,2022,0.123,2.85
Yemen,2023,0.128,2.85
Yemen,2024,0.126,2.85
Yemen,2025,0.127,2.81
Colombia,1789,NA,NA
Colombia,1790,NA,NA
Colombia,1791,NA,NA
Colombia,1792,NA,NA
Colombia,1793,NA,NA
Colombia,1794,NA,NA
Colombia,1795,NA,NA
Colombia,1796,NA,NA
Colombia,1797,NA,NA
Colombia,1798,NA,NA
Colombia,1799,NA,NA
Colombia,1800,NA,NA
Colombia,1801,NA,NA
Colombia,1802,NA,NA
Colombia,1803,NA,NA
Colombia,1804,NA,NA
Colombia,1805,NA,NA
Colombia,1806,NA,NA
Colombia,1807,NA,NA
Colombia,1808,NA,NA
Colombia,1809,NA,NA
Colombia,1810,0.107,NA
Colombia,1811,0.107,NA
Colombia,1812,0.107,NA
Colombia,1813,0.107,NA
Colombia,1814,0.107,NA
Colombia,1815,0.094,NA
Colombia,1816,0.084,NA
Colombia,1817,0.084,NA
Colombia,1818,0.084,NA
Colombia,1819,0.084,NA
Colombia,1820,0.106,NA
Colombia,1821,0.155,NA
Colombia,1822,0.203,NA
Colombia,1823,0.203,NA
Colombia,1824,0.203,NA
Colombia,1825,0.203,NA
Colombia,1826,0.203,NA
Colombia,1827,0.203,NA
Colombia,1828,0.194,NA
Colombia,1829,0.183,NA
Colombia,1830,0.182,NA
Colombia,1831,0.162,NA
Colombia,1832,0.211,NA
Colombia,1833,0.206,NA
Colombia,1834,0.223,NA
Colombia,1835,0.223,NA
Colombia,1836,0.232,NA
Colombia,1837,0.219,NA
Colombia,1838,0.214,NA
Colombia,1839,0.214,NA
Colombia,1840,0.204,NA
Colombia,1841,0.204,NA
Colombia,1842,0.204,NA
Colombia,1843,0.221,NA
Colombia,1844,0.221,NA
Colombia,1845,0.221,NA
Colombia,1846,0.221,NA
Colombia,1847,0.221,NA
Colombia,1848,0.23,NA
Colombia,1849,0.242,NA
Colombia,1850,0.25,NA
Colombia,1851,0.253,NA
Colombia,1852,0.253,NA
Colombia,1853,0.247,NA
Colombia,1854,0.202,NA
Colombia,1855,0.267,NA
Colombia,1856,0.267,NA
Colombia,1857,0.286,NA
Colombia,1858,0.289,NA
Colombia,1859,0.271,NA
Colombia,1860,0.269,NA
Colombia,1861,0.201,NA
Colombia,1862,0.178,NA
Colombia,1863,0.229,NA
Colombia,1864,0.248,NA
Colombia,1865,0.251,NA
Colombia,1866,0.249,NA
Colombia,1867,0.24,NA
Colombia,1868,0.246,NA
Colombia,1869,0.25,NA
Colombia,1870,0.25,NA
Colombia,1871,0.25,NA
Colombia,1872,0.25,NA
Colombia,1873,0.255,NA
Colombia,1874,0.264,NA
Colombia,1875,0.264,NA
Colombia,1876,0.259,NA
Colombia,1877,0.259,NA
Colombia,1878,0.27,NA
Colombia,1879,0.27,NA
Colombia,1880,0.27,NA
Colombia,1881,0.27,NA
Colombia,1882,0.268,NA
Colombia,1883,0.268,NA
Colombia,1884,0.269,NA
Colombia,1885,0.269,NA
Colombia,1886,0.186,NA
Colombia,1887,0.191,NA
Colombia,1888,0.194,NA
Colombia,1889,0.194,NA
Colombia,1890,0.194,NA
Colombia,1891,0.194,NA
Colombia,1892,0.195,NA
Colombia,1893,0.195,NA
Colombia,1894,0.195,NA
Colombia,1895,0.195,NA
Colombia,1896,0.196,NA
Colombia,1897,0.196,NA
Colombia,1898,0.196,NA
Colombia,1899,0.196,NA
Colombia,1900,0.16,0.656
Colombia,1901,0.16,0.656
Colombia,1902,0.16,0.656
Colombia,1903,0.187,0.656
Colombia,1904,0.191,0.502
Colombia,1905,0.183,0.502
Colombia,1906,0.187,0.502
Colombia,1907,0.187,0.502
Colombia,1908,0.187,0.502
Colombia,1909,0.184,0.502
Colombia,1910,0.241,0.502
Colombia,1911,0.269,0.502
Colombia,1912,0.269,0.502
Colombia,1913,0.269,0.502
Colombia,1914,0.238,0.502
Colombia,1915,0.235,0.502
Colombia,1916,0.235,0.502
Colombia,1917,0.235,0.502
Colombia,1918,0.233,0.502
Colombia,1919,0.233,0.502
Colombia,1920,0.238,0.502
Colombia,1921,0.237,0.502
Colombia,1922,0.228,0.502
Colombia,1923,0.226,0.502
Colombia,1924,0.224,0.502
Colombia,1925,0.224,0.502
Colombia,1926,0.22,0.502
Colombia,1927,0.219,0.502
Colombia,1928,0.219,0.502
Colombia,1929,0.219,0.502
Colombia,1930,0.233,0.502
Colombia,1931,0.238,1.065
Colombia,1932,0.24,1.065
Colombia,1933,0.238,1.065
Colombia,1934,0.236,1.065
Colombia,1935,0.237,1.065
Colombia,1936,0.245,1.27
Colombia,1937,0.246,1.27
Colombia,1938,0.247,1.27
Colombia,1939,0.246,1.27
Colombia,1940,0.246,1.27
Colombia,1941,0.244,1.27
Colombia,1942,0.241,1.27
Colombia,1943,0.24,1.27
Colombia,1944,0.24,1.27
Colombia,1945,0.263,1.27
Colombia,1946,0.26,1.27
Colombia,1947,0.25,1.27
Colombia,1948,0.206,2.66
Colombia,1949,0.178,2.66
Colombia,1950,0.142,2.66
Colombia,1951,0.175,2.66
Colombia,1952,0.177,2.66
Colombia,1953,0.131,2.66
Colombia,1954,0.097,1.919
Colombia,1955,0.097,1.613
Colombia,1956,0.097,1.613
Colombia,1957,0.099,1.613
Colombia,1958,0.228,0.186
Colombia,1959,0.332,0.186
Colombia,1960,0.348,-0.21
Colombia,1961,0.354,-0.21
Colombia,1962,0.356,-0.21
Colombia,1963,0.356,-0.21
Colombia,1964,0.354,-0.21
Colombia,1965,0.355,-0.21
Colombia,1966,0.355,-0.21
Colombia,1967,0.356,-0.21
Colombia,1968,0.356,-0.21
Colombia,1969,0.356,-0.21
Colombia,1970,0.35,0.456
Colombia,1971,0.361,0.456
Colombia,1972,0.369,0.456
Colombia,1973,0.369,0.456
Colombia,1974,0.411,0.456
Colombia,1975,0.445,0.201
Colombia,1976,0.445,0.201
Colombia,1977,0.447,0.201
Colombia,1978,0.424,0.201
Colombia,1979,0.405,0.201
Colombia,1980,0.409,-0.069
Colombia,1981,0.409,-0.069
Colombia,1982,0.409,-0.069
Colombia,1983,0.466,-0.069
Colombia,1984,0.455,-0.069
Colombia,1985,0.454,-0.069
Colombia,1986,0.448,-0.069
Colombia,1987,0.446,-0.069
Colombia,1988,0.443,-0.069
Colombia,1989,0.443,-0.069
Colombia,1990,0.473,0.064
Colombia,1991,0.516,0.064
Colombia,1992,0.558,-0.622
Colombia,1993,0.558,-0.622
Colombia,1994,0.558,-0.622
Colombia,1995,0.56,0.496
Colombia,1996,0.554,0.496
Colombia,1997,0.554,0.496
Colombia,1998,0.546,0.496
Colombia,1999,0.538,0.496
Colombia,2000,0.55,-0.248
Colombia,2001,0.542,-0.079
Colombia,2002,0.534,0.781
Colombia,2003,0.535,0.781
Colombia,2004,0.537,0.781
Colombia,2005,0.542,0.781
Colombia,2006,0.571,0.781
Colombia,2007,0.583,0.781
Colombia,2008,0.585,0.781
Colombia,2009,0.587,1.153
Colombia,2010,0.624,1.008
Colombia,2011,0.66,0.774
Colombia,2012,0.661,0.774
Colombia,2013,0.669,0.774
Colombia,2014,0.677,0.897
Colombia,2015,0.681,0.897
Colombia,2016,0.682,0.897
Colombia,2017,0.68,0.897
Colombia,2018,0.666,1.013
Colombia,2019,0.651,1.013
Colombia,2020,0.643,1.174
Colombia,2021,0.654,1.034
Colombia,2022,0.696,0.678
Colombia,2023,0.711,0.678
Colombia,2024,0.698,1.892
Colombia,2025,0.679,1.892
Poland,1789,0.199,NA
Poland,1790,0.199,NA
Poland,1791,0.199,NA
Poland,1792,0.199,NA
Poland,1793,0.134,NA
Poland,1794,0.161,NA
Poland,1795,0.068,NA
Poland,1807,NA,NA
Poland,1808,NA,NA
Poland,1809,0.121,NA
Poland,1810,0.135,NA
Poland,1811,0.135,NA
Poland,1812,0.135,NA
Poland,1813,0.029,NA
Poland,1814,0.029,NA
Poland,1815,0.123,NA
Poland,1816,0.123,NA
Poland,1817,0.123,NA
Poland,1818,0.123,NA
Poland,1819,0.107,NA
Poland,1820,0.107,NA
Poland,1821,0.067,NA
Poland,1822,0.046,NA
Poland,1823,0.046,NA
Poland,1824,0.046,NA
Poland,1825,0.046,NA
Poland,1826,0.046,NA
Poland,1827,0.046,NA
Poland,1828,0.046,NA
Poland,1829,0.046,NA
Poland,1830,0.1,NA
Poland,1831,0.186,NA
Poland,1832,0.012,NA
Poland,1833,0.012,NA
Poland,1834,0.012,NA
Poland,1835,0.012,NA
Poland,1836,0.012,NA
Poland,1837,0.012,NA
Poland,1838,0.012,NA
Poland,1839,0.012,NA
Poland,1840,0.012,NA
Poland,1841,0.012,NA
Poland,1842,0.012,NA
Poland,1843,0.012,NA
Poland,1844,0.012,NA
Poland,1845,0.012,NA
Poland,1846,0.012,NA
Poland,1847,0.012,NA
Poland,1848,0.012,NA
Poland,1849,0.012,NA
Poland,1850,0.012,NA
Poland,1851,0.012,NA
Poland,1852,0.012,NA
Poland,1853,0.012,NA
Poland,1854,0.012,NA
Poland,1855,0.012,NA
Poland,1856,0.017,NA
Poland,1857,0.017,NA
Poland,1858,0.017,NA
Poland,1859,0.017,NA
Poland,1860,0.017,NA
Poland,1861,0.017,NA
Poland,1862,0.017,NA
Poland,1863,0.011,NA
Poland,1864,0.011,NA
Poland,1865,0.011,NA
Poland,1866,0.011,NA
Poland,1867,0.011,NA
Poland,1918,0.255,-0.214
Poland,1919,0.354,-0.214
Poland,1920,0.616,0.395
Poland,1921,0.613,0.894
Poland,1922,0.62,0.894
Poland,1923,0.62,0.894
Poland,1924,0.62,0.616
Poland,1925,0.62,0.705
Poland,1926,0.414,1.255
Poland,1927,0.297,1.476
Poland,1928,0.268,1.618
Poland,1929,0.259,1.618
Poland,1930,0.235,1.618
Poland,1931,0.22,1.618
Poland,1932,0.22,1.618
Poland,1933,0.22,1.774
Poland,1934,0.219,1.774
Poland,1935,0.263,1.774
Poland,1936,0.284,1.627
Poland,1937,0.284,1.627
Poland,1938,0.279,1.627
Poland,1944,0.161,1.23
Poland,1945,0.16,1.23
Poland,1946,0.163,1.23
Poland,1947,0.18,1.23
Poland,1948,0.179,1.909
Poland,1949,0.172,1.745
Poland,1950,0.172,2.161
Poland,1951,0.172,2.161
Poland,1952,0.171,2.161
Poland,1953,0.168,2.493
Poland,1954,0.168,2.135
Poland,1955,0.168,2.135
Poland,1956,0.17,1.895
Poland,1957,0.197,1.643
Poland,1958,0.198,1.459
Poland,1959,0.198,1.459
Poland,1960,0.198,1.317
Poland,1961,0.189,1.317
Poland,1962,0.186,1.317
Poland,1963,0.186,1.317
Poland,1964,0.186,1.317
Poland,1965,0.185,1.417
Poland,1966,0.185,1.417
Poland,1967,0.185,1.554
Poland,1968,0.185,1.947
Poland,1969,0.186,1.947
Poland,1970,0.186,1.731
Poland,1971,0.188,1.496
Poland,1972,0.19,1.191
Poland,1973,0.191,1.191
Poland,1974,0.191,1.191
Poland,1975,0.191,1.339
Poland,1976,0.186,1.862
Poland,1977,0.186,1.613
Poland,1978,0.186,1.613
Poland,1979,0.186,1.613
Poland,1980,0.209,1.916
Poland,1981,0.207,2.108
Poland,1982,0.186,2.156
Poland,1983,0.186,2.156
Poland,1984,0.191,2.156
Poland,1985,0.19,2.156
Poland,1986,0.191,1.965
Poland,1987,0.189,2.064
Poland,1988,0.194,1.229
Poland,1989,0.379,0.798
Poland,1990,0.74,-0.576
Poland,1991,0.866,-0.455
Poland,1992,0.888,0.043
Poland,1993,0.887,-0.01
Poland,1994,0.89,0.012
Poland,1995,0.889,0.012
Poland,1996,0.882,0.181
Poland,1997,0.871,0.02
Poland,1998,0.876,0.103
Poland,1999,0.876,0.103
Poland,2000,0.878,0.334
Poland,2001,0.882,0.659
Poland,2002,0.882,0.585
Poland,2003,0.882,0.585
Poland,2004,0.882,0.585
Poland,2005,0.884,1.247
Poland,2006,0.877,1.311
Poland,2007,0.874,1.241
Poland,2008,0.891,0.759
Poland,2009,0.891,0.71
Poland,2010,0.892,1.022
Poland,2011,0.893,1.723
Poland,2012,0.893,1.723
Poland,2013,0.89,1.723
Poland,2014,0.882,1.723
Poland,2015,0.876,1.8
Poland,2016,0.731,2.617
Poland,2017,0.698,2.617
Poland,2018,0.694,3.025
Poland,2019,0.682,3.025
Poland,2020,0.616,3.025
Poland,2021,0.587,3.355
Poland,2022,0.578,3.355
Poland,2023,0.598,3.355
Poland,2024,0.73,3.355
Poland,2025,0.768,3.355
Brazil,1789,0.014,NA
Brazil,1790,0.014,NA
Brazil,1791,0.014,NA
Brazil,1792,0.014,NA
Brazil,1793,0.014,NA
Brazil,1794,0.014,NA
Brazil,1795,0.014,NA
Brazil,1796,0.014,NA
Brazil,1797,0.014,NA
Brazil,1798,0.014,NA
Brazil,1799,0.014,NA
Brazil,1800,0.014,NA
Brazil,1801,0.014,NA
Brazil,1802,0.014,NA
Brazil,1803,0.014,NA
Brazil,1804,0.014,NA
Brazil,1805,0.014,NA
Brazil,1806,0.014,NA
Brazil,1807,0.014,NA
Brazil,1808,0.036,NA
Brazil,1809,0.036,NA
Brazil,1810,0.036,NA
Brazil,1811,0.036,NA
Brazil,1812,0.036,NA
Brazil,1813,0.036,NA
Brazil,1814,0.036,NA
Brazil,1815,0.036,NA
Brazil,1816,0.036,NA
Brazil,1817,0.036,NA
Brazil,1818,0.036,NA
Brazil,1819,0.036,NA
Brazil,1820,0.047,NA
Brazil,1821,0.053,NA
Brazil,1822,0.086,NA
Brazil,1823,0.147,NA
Brazil,1824,NA,NA
Brazil,1825,NA,NA
Brazil,1826,0.247,NA
Brazil,1827,0.247,NA
Brazil,1828,0.247,NA
Brazil,1829,0.247,NA
Brazil,1830,0.249,NA
Brazil,1831,0.273,NA
Brazil,1832,0.293,NA
Brazil,1833,0.293,NA
Brazil,1834,0.264,NA
Brazil,1835,0.264,NA
Brazil,1836,0.264,NA
Brazil,1837,0.264,NA
Brazil,1838,0.26,NA
Brazil,1839,0.26,NA
Brazil,1840,0.242,NA
Brazil,1841,0.229,NA
Brazil,1842,0.192,NA
Brazil,1843,0.192,NA
Brazil,1844,0.192,NA
Brazil,1845,0.178,NA
Brazil,1846,0.181,NA
Brazil,1847,0.181,NA
Brazil,1848,0.197,NA
Brazil,1849,0.197,NA
Brazil,1850,0.197,NA
Brazil,1851,0.197,NA
Brazil,1852,0.197,NA
Brazil,1853,0.197,NA
Brazil,1854,0.197,NA
Brazil,1855,0.197,NA
Brazil,1856,0.197,NA
Brazil,1857,0.197,NA
Brazil,1858,0.197,NA
Brazil,1859,0.197,NA
Brazil,1860,0.197,NA
Brazil,1861,0.253,NA
Brazil,1862,0.253,NA
Brazil,1863,0.253,NA
Brazil,1864,0.182,NA
Brazil,1865,0.182,NA
Brazil,1866,0.182,NA
Brazil,1867,0.182,NA
Brazil,1868,0.182,NA
Brazil,1869,0.185,NA
Brazil,1870,0.189,NA
Brazil,1871,0.189,NA
Brazil,1872,0.188,NA
Brazil,1873,0.188,NA
Brazil,1874,0.188,NA
Brazil,1875,0.188,NA
Brazil,1876,0.188,NA
Brazil,1877,0.188,NA
Brazil,1878,0.185,NA
Brazil,1879,0.185,NA
Brazil,1880,0.185,NA
Brazil,1881,0.199,NA
Brazil,1882,0.185,NA
Brazil,1883,0.185,NA
Brazil,1884,0.185,NA
Brazil,1885,0.172,NA
Brazil,1886,0.172,NA
Brazil,1887,0.172,NA
Brazil,1888,0.183,NA
Brazil,1889,0.183,NA
Brazil,1890,0.159,NA
Brazil,1891,0.155,NA
Brazil,1892,0.138,NA
Brazil,1893,0.138,NA
Brazil,1894,0.148,NA
Brazil,1895,0.214,NA
Brazil,1896,0.211,NA
Brazil,1897,0.21,NA
Brazil,1898,0.21,NA
Brazil,1899,0.21,NA
Brazil,1900,0.196,1.518
Brazil,1901,0.196,1.518
Brazil,1902,0.189,1.518
Brazil,1903,0.188,1.518
Brazil,1904,0.192,1.518
Brazil,1905,0.194,1.518
Brazil,1906,0.194,1.518
Brazil,1907,0.194,1.518
Brazil,1908,0.194,1.518
Brazil,1909,0.193,1.518
Brazil,1910,0.196,1.518
Brazil,1911,0.197,1.518
Brazil,1912,0.197,1.518
Brazil,1913,0.197,1.518
Brazil,1914,0.195,1.518
Brazil,1915,0.197,1.518
Brazil,1916,0.197,1.518
Brazil,1917,0.194,1.518
Brazil,1918,0.197,1.518
Brazil,1919,0.197,1.518
Brazil,1920,0.197,1.518
Brazil,1921,0.197,1.518
Brazil,1922,0.195,1.518
Brazil,1923,0.195,1.518
Brazil,1924,0.19,1.518
Brazil,1925,0.196,1.518
Brazil,1926,0.196,1.518
Brazil,1927,0.201,1.518
Brazil,1928,0.201,1.518
Brazil,1929,0.201,1.518
Brazil,1930,0.178,2.565
Brazil,1931,0.079,2.565
Brazil,1932,0.078,2.565
Brazil,1933,0.134,2.565
Brazil,1934,0.094,2.565
Brazil,1935,0.091,2.565
Brazil,1936,0.091,2.565
Brazil,1937,0.065,2.565
Brazil,1938,0.057,2.565
Brazil,1939,0.057,2.565
Brazil,1940,0.06,1.394
Brazil,1941,0.06,1.394
Brazil,1942,0.06,1.394
Brazil,1943,0.06,1.394
Brazil,1944,0.06,1.394
Brazil,1945,0.11,1.044
Brazil,1946,0.328,1.044
Brazil,1947,0.378,1.044
Brazil,1948,0.374,1.044
Brazil,1949,0.381,1.044
Brazil,1950,0.387,1.044
Brazil,1951,0.381,1.044
Brazil,1952,0.381,1.044
Brazil,1953,0.382,1.044
Brazil,1954,0.378,1.815
Brazil,1955,0.387,1.039
Brazil,1956,0.392,1.039
Brazil,1957,0.392,1.039
Brazil,1958,0.393,1.039
Brazil,1959,0.396,1.039
Brazil,1960,0.405,1.506
Brazil,1961,0.408,1.913
Brazil,1962,0.407,1.913
Brazil,1963,0.405,1.913
Brazil,1964,0.209,3.232
Brazil,1965,0.145,3.232
Brazil,1966,0.144,3.232
Brazil,1967,0.183,3.232
Brazil,1968,0.18,3.232
Brazil,1969,0.174,3.232
Brazil,1970,0.177,3.232
Brazil,1971,0.174,3.232
Brazil,1972,0.174,3.232
Brazil,1973,0.175,3.232
Brazil,1974,0.177,3.232
Brazil,1975,0.184,3.232
Brazil,1976,0.186,3.232
Brazil,1977,0.186,3.232
Brazil,1978,0.187,3.232
Brazil,1979,0.207,3.232
Brazil,1980,0.251,2.488
Brazil,1981,0.251,2.488
Brazil,1982,0.264,2.488
Brazil,1983,0.282,2.488
Brazil,1984,0.29,1.283
Brazil,1985,0.392,0.871
Brazil,1986,0.471,0.871
Brazil,1987,0.559,0.871
Brazil,1988,0.682,-0.25
Brazil,1989,0.724,0.942
Brazil,1990,0.814,0.426
Brazil,1991,0.828,0.426
Brazil,1992,0.836,0.716
Brazil,1993,0.84,-0.175
Brazil,1994,0.846,-0.175
Brazil,1995,0.847,-0.175
Brazil,1996,0.848,-0.175
Brazil,1997,0.848,-0.175
Brazil,1998,0.849,-0.175
Brazil,1999,0.85,-0.175
Brazil,2000,0.854,-0.175
Brazil,2001,0.854,-0.175
Brazil,2002,0.856,-0.691
Brazil,2003,0.855,-0.691
Brazil,2004,0.855,-0.691
Brazil,2005,0.867,-0.691
Brazil,2006,0.868,-0.767
Brazil,2007,0.866,-0.767
Brazil,2008,0.866,-0.767
Brazil,2009,0.866,-0.767
Brazil,2010,0.871,-0.613
Brazil,2011,0.875,-0.613
Brazil,2012,0.871,-0.613
Brazil,2013,0.873,0.274
Brazil,2014,0.873,0.498
Brazil,2015,0.861,0.576
Brazil,2016,0.781,1.209
Brazil,2017,0.774,1.089
Brazil,2018,0.749,1.97
Brazil,2019,0.691,1.964
Brazil,2020,0.699,2.259
Brazil,2021,0.69,2.417
Brazil,2022,0.699,2.514
Brazil,2023,0.79,1.695
Brazil,2024,0.799,1.695
Brazil,2025,0.784,3.224
United States of America,1789,0.346,NA
United States of America,1790,0.347,NA
United States of America,1791,0.347,NA
United States of America,1792,0.351,NA
United States of America,1793,0.351,NA
United States of America,1794,0.351,NA
United States of America,1795,0.352,NA
United States of America,1796,0.353,NA
United States of America,1797,0.355,NA
United States of America,1798,0.347,NA
United States of America,1799,0.344,NA
United States of America,1800,0.343,NA
United States of America,1801,0.356,NA
United States of America,1802,0.361,NA
United States of America,1803,0.361,NA
United States of America,1804,0.354,NA
United States of America,1805,0.351,NA
United States of America,1806,0.352,NA
United States of America,1807,0.352,NA
United States of America,1808,0.353,NA
United States of America,1809,0.353,NA
United States of America,1810,0.352,NA
United States of America,1811,0.352,NA
United States of America,1812,0.352,NA
United States of America,1813,0.352,NA
United States of America,1814,0.356,NA
United States of America,1815,0.356,NA
United States of America,1816,0.355,NA
United States of America,1817,0.355,NA
United States of America,1818,0.357,NA
United States of America,1819,0.358,NA
United States of America,1820,0.352,NA
United States of America,1821,0.346,NA
United States of America,1822,0.345,NA
United States of America,1823,0.345,NA
United States of America,1824,0.345,NA
United States of America,1825,0.346,NA
United States of America,1826,0.346,NA
United States of America,1827,0.346,NA
United States of America,1828,0.353,NA
United States of America,1829,0.353,NA
United States of America,1830,0.358,NA
United States of America,1831,0.363,NA
United States of America,1832,0.362,NA
United States of America,1833,0.362,NA
United States of America,1834,0.367,NA
United States of America,1835,0.368,NA
United States of America,1836,0.368,NA
United States of America,1837,0.368,NA
United States of America,1838,0.368,NA
United States of America,1839,0.369,NA
United States of America,1840,0.355,NA
United States of America,1841,0.342,NA
United States of America,1842,0.342,NA
United States of America,1843,0.343,NA
United States of America,1844,0.342,NA
United States of America,1845,0.341,NA
United States of America,1846,0.337,NA
United States of America,1847,0.331,NA
United States of America,1848,0.331,NA
United States of America,1849,0.331,NA
United States of America,1850,0.33,NA
United States of America,1851,0.33,NA
United States of America,1852,0.331,NA
United States of America,1853,0.332,NA
United States of America,1854,0.33,NA
United States of America,1855,0.327,NA
United States of America,1856,0.327,NA
United States of America,1857,0.327,NA
United States of America,1858,0.327,NA
United States of America,1859,0.328,NA
United States of America,1860,0.328,NA
United States of America,1861,0.331,NA
United States of America,1862,0.337,NA
United States of America,1863,0.339,NA
United States of America,1864,0.337,NA
United States of America,1865,0.336,NA
United States of America,1866,0.336,NA
United States of America,1867,0.337,NA
United States of America,1868,0.338,NA
United States of America,1869,0.339,NA
United States of America,1870,0.342,NA
United States of America,1871,0.335,NA
United States of America,1872,0.335,NA
United States of America,1873,0.334,NA
United States of America,1874,0.334,NA
United States of America,1875,0.333,NA
United States of America,1876,0.332,NA
United States of America,1877,0.326,NA
United States of America,1878,0.327,NA
United States of America,1879,0.334,NA
United States of America,1880,0.333,NA
United States of America,1881,0.334,NA
United States of America,1882,0.333,NA
United States of America,1883,0.331,NA
United States of America,1884,0.33,NA
United States of America,1885,0.327,NA
United States of America,1886,0.325,NA
United States of America,1887,0.332,NA
United States of America,1888,0.33,NA
United States of America,1889,0.323,NA
United States of America,1890,0.323,NA
United States of America,1891,0.329,NA
United States of America,1892,0.329,NA
United States of America,1893,0.331,NA
United States of America,1894,0.335,NA
United States of America,1895,0.37,NA
United States of America,1896,0.395,NA
United States of America,1897,0.412,NA
United States of America,1898,0.413,NA
United States of America,1899,0.419,NA
United States of America,1900,0.419,-1.197
United States of America,1901,0.421,-1.015
United States of America,1902,0.421,-1.21
United States of America,1903,0.421,-1.21
United States of America,1904,0.421,-1.21
United States of America,1905,0.418,-1.21
United States of America,1906,0.418,-1.21
United States of America,1907,0.42,-1.21
United States of America,1908,0.42,-1.21
United States of America,1909,0.419,-1.21
United States of America,1910,0.421,-1.21
United States of America,1911,0.427,-1.21
United States of America,1912,0.426,-1.018
United States of America,1913,0.424,-1.207
United States of America,1914,0.418,-1.273
United States of America,1915,0.422,-1.273
United States of America,1916,0.419,-1.273
United States of America,1917,0.402,-1.087
United States of America,1918,0.403,-1.014
United States of America,1919,0.415,-1.014
United States of America,1920,0.51,-1.036
United States of America,1921,0.512,-1.312
United States of America,1922,0.514,-1.312
United States of America,1923,0.527,-1.312
United States of America,1924,0.528,-1.321
United States of America,1925,0.53,-1.138
United States of America,1926,0.533,-1.138
United States of America,1927,0.533,-1.138
United States of America,1928,0.532,-1.138
United States of America,1929,0.53,-1.138
United States of America,1930,0.53,-1.2
United States of America,1931,0.545,-1.2
United States of America,1932,0.549,-0.856
United States of America,1933,0.554,-0.856
United States of America,1934,0.553,-0.856
United States of America,1935,0.559,-0.856
United States of America,1936,0.562,-0.856
United States of America,1937,0.562,-0.856
United States of America,1938,0.562,-0.856
United States of America,1939,0.554,-0.856
United States of America,1940,0.57,-0.997
United States of America,1941,0.562,-1.452
United States of America,1942,0.548,-1.452
United States of America,1943,0.548,-1.452
United States of America,1944,0.548,-1.452
United States of America,1945,0.56,-1.452
United States of America,1946,0.602,-1.452
United States of America,1947,0.611,-1.452
United States of America,1948,0.603,-1.452
United States of America,1949,0.58,-1.542
United States of America,1950,0.585,-0.965
United States of America,1951,0.612,-0.965
United States of America,1952,0.611,-0.965
United States of America,1953,0.606,-0.965
United States of America,1954,0.608,-0.965
United States of America,1955,0.609,-1.205
United States of America,1956,0.616,-1.205
United States of America,1957,0.62,-1.205
United States of America,1958,0.625,-1.205
United States of America,1959,0.625,-1.205
United States of America,1960,0.649,-1.478
United States of America,1961,0.666,-1.478
United States of America,1962,0.668,-1.288
United States of America,1963,0.679,-1.142
United States of America,1964,0.678,-1.263
United States of America,1965,0.672,-0.941
United States of America,1966,0.693,-0.941
United States of America,1967,0.7,-0.771
United States of America,1968,0.7,-0.629
United States of America,1969,0.689,-0.776
United States of America,1970,0.718,-0.725
United States of America,1971,0.724,-0.725
United States of America,1972,0.736,-0.725
United States of America,1973,0.758,-0.971
United States of America,1974,0.765,-0.971
United States of America,1975,0.782,-1.31
United States of America,1976,0.791,-1.31
United States of America,1977,0.831,-1.31
United States of America,1978,0.834,-1.31
United States of America,1979,0.832,-1.31
United States of America,1980,0.844,-1.008
United States of America,1981,0.855,-0.82
United States of America,1982,0.856,-1.019
United States of America,1983,0.861,-1.019
United States of America,1984,0.86,-1.019
United States of America,1985,0.856,-1.019
United States of America,1986,0.857,-1.019
United States of America,1987,0.863,-1.019
United States of America,1988,0.862,-1.019
United States of America,1989,0.859,-1.019
United States of America,1990,0.863,-0.925
United States of America,1991,0.867,-0.925
United States of America,1992,0.872,-0.8
United States of America,1993,0.867,-0.8
United States of America,1994,0.867,-0.654
United States of America,1995,0.868,-0.698
United States of America,1996,0.869,-0.698
United States of America,1997,0.871,-0.698
United States of America,1998,0.871,-0.698
United States of America,1999,0.868,-0.698
United States of America,2000,0.867,-0.456
United States of America,2001,0.828,-0.637
United States of America,2002,0.829,-0.342
United States of America,2003,0.86,-0.342
United States of America,2004,0.862,-0.342
United States of America,2005,0.856,-0.261
United States of America,2006,0.862,-0.326
United States of America,2007,0.897,-0.326
United States of America,2008,0.9,-0.125
United States of America,2009,0.9,0.108
United States of America,2010,0.9,0.406
United States of America,2011,0.896,0.406
United States of America,2012,0.896,0.406
United States of America,2013,0.905,0.406
United States of America,2014,0.901,0.449
United States of America,2015,0.9,0.5
United States of America,2016,0.885,1.08
United States of America,2017,0.834,1.525
United States of America,2018,0.824,1.525
United States of America,2019,0.818,1.525
United States of America,2020,0.815,1.972
United States of America,2021,0.821,1.701
United States of America,2022,0.833,1.49
United States of America,2023,0.857,1.454
United States of America,2024,0.843,1.938
United States of America,2025,0.735,2.3
Portugal,1789,0.015,NA
Portugal,1790,0.015,NA
Portugal,1791,0.015,NA
Portugal,1792,0.015,NA
Portugal,1793,0.015,NA
Portugal,1794,0.015,NA
Portugal,1795,0.015,NA
Portugal,1796,0.015,NA
Portugal,1797,0.015,NA
Portugal,1798,0.015,NA
Portugal,1799,0.015,NA
Portugal,1800,0.015,NA
Portugal,1801,0.015,NA
Portugal,1802,0.015,NA
Portugal,1803,0.015,NA
Portugal,1804,0.015,NA
Portugal,1805,0.015,NA
Portugal,1806,0.015,NA
Portugal,1807,0.015,NA
Portugal,1808,0.015,NA
Portugal,1809,0.015,NA
Portugal,1810,0.015,NA
Portugal,1811,0.015,NA
Portugal,1812,0.015,NA
Portugal,1813,0.015,NA
Portugal,1814,0.015,NA
Portugal,1815,0.015,NA
Portugal,1816,0.015,NA
Portugal,1817,0.015,NA
Portugal,1818,0.015,NA
Portugal,1819,0.015,NA
Portugal,1820,0.167,NA
Portugal,1821,0.23,NA
Portugal,1822,0.231,NA
Portugal,1823,0.206,NA
Portugal,1824,0.19,NA
Portugal,1825,0.19,NA
Portugal,1826,0.12,NA
Portugal,1827,0.117,NA
Portugal,1828,0.043,NA
Portugal,1829,0.042,NA
Portugal,1830,0.042,NA
Portugal,1831,0.042,NA
Portugal,1832,0.042,NA
Portugal,1833,0.042,NA
Portugal,1834,0.052,NA
Portugal,1835,0.115,NA
Portugal,1836,0.144,NA
Portugal,1837,0.146,NA
Portugal,1838,0.128,NA
Portugal,1839,0.131,NA
Portugal,1840,0.131,NA
Portugal,1841,0.131,NA
Portugal,1842,0.126,NA
Portugal,1843,0.131,NA
Portugal,1844,0.131,NA
Portugal,1845,0.13,NA
Portugal,1846,0.128,NA
Portugal,1847,0.128,NA
Portugal,1848,0.127,NA
Portugal,1849,0.127,NA
Portugal,1850,0.127,NA
Portugal,1851,0.135,NA
Portugal,1852,0.135,NA
Portugal,1853,0.135,NA
Portugal,1854,0.135,NA
Portugal,1855,0.135,NA
Portugal,1856,0.137,NA
Portugal,1857,0.149,NA
Portugal,1858,0.151,NA
Portugal,1859,0.151,NA
Portugal,1860,0.163,NA
Portugal,1861,0.162,NA
Portugal,1862,0.162,NA
Portugal,1863,0.162,NA
Portugal,1864,0.162,NA
Portugal,1865,0.163,NA
Portugal,1866,0.163,NA
Portugal,1867,0.163,NA
Portugal,1868,0.16,NA
Portugal,1869,0.161,NA
Portugal,1870,0.158,NA
Portugal,1871,0.162,NA
Portugal,1872,0.166,NA
Portugal,1873,0.166,NA
Portugal,1874,0.165,NA
Portugal,1875,0.164,NA
Portugal,1876,0.164,NA
Portugal,1877,0.164,NA
Portugal,1878,0.176,NA
Portugal,1879,0.178,NA
Portugal,1880,0.178,NA
Portugal,1881,0.178,NA
Portugal,1882,0.177,NA
Portugal,1883,0.177,NA
Portugal,1884,0.177,NA
Portugal,1885,0.178,NA
Portugal,1886,0.178,NA
Portugal,1887,0.179,NA
Portugal,1888,0.179,NA
Portugal,1889,0.179,NA
Portugal,1890,0.179,NA
Portugal,1891,0.179,NA
Portugal,1892,0.179,NA
Portugal,1893,0.178,NA
Portugal,1894,0.174,NA
Portugal,1895,0.16,NA
Portugal,1896,0.164,NA
Portugal,1897,0.162,NA
Portugal,1898,0.161,NA
Portugal,1899,0.16,NA
Portugal,1900,0.153,0.054
Portugal,1901,0.149,0.054
Portugal,1902,0.147,0.054
Portugal,1903,0.147,0.054
Portugal,1904,0.147,0.054
Portugal,1905,0.147,0.054
Portugal,1906,0.148,0.054
Portugal,1907,0.146,0.054
Portugal,1908,0.146,0.054
Portugal,1909,0.148,0.054
Portugal,1910,0.161,0.178
Portugal,1911,0.2,0.287
Portugal,1912,0.258,0.287
Portugal,1913,0.256,0.287
Portugal,1914,0.251,0.287
Portugal,1915,0.241,0.287
Portugal,1916,0.241,0.287
Portugal,1917,0.232,0.287
Portugal,1918,0.219,0.287
Portugal,1919,0.227,0.287
Portugal,1920,0.252,0.046
Portugal,1921,0.249,0.046
Portugal,1922,0.25,0.046
Portugal,1923,0.25,0.046
Portugal,1924,0.25,0.046
Portugal,1925,0.248,0.046
Portugal,1926,0.107,0.046
Portugal,1927,0.048,0.046
Portugal,1928,0.096,0.046
Portugal,1929,0.112,0.046
Portugal,1930,0.107,0.109
Portugal,1931,0.122,0.109
Portugal,1932,0.117,0.109
Portugal,1933,0.118,0.109
Portugal,1934,0.115,0.109
Portugal,1935,0.111,0.109
Portugal,1936,0.111,0.109
Portugal,1937,0.111,0.109
Portugal,1938,0.111,0.109
Portugal,1939,0.111,0.109
Portugal,1940,0.115,0.201
Portugal,1941,0.116,0.201
Portugal,1942,0.116,0.201
Portugal,1943,0.116,0.201
Portugal,1944,0.116,0.201
Portugal,1945,0.118,0.201
Portugal,1946,0.118,0.201
Portugal,1947,0.118,0.201
Portugal,1948,0.118,0.201
Portugal,1949,0.118,0.201
Portugal,1950,0.12,0.201
Portugal,1951,0.12,0.201
Portugal,1952,0.12,0.201
Portugal,1953,0.121,0.201
Portugal,1954,0.12,0.201
Portugal,1955,0.12,0.201
Portugal,1956,0.12,0.201
Portugal,1957,0.122,0.201
Portugal,1958,0.122,0.201
Portugal,1959,0.121,0.201
Portugal,1960,0.128,0.201
Portugal,1961,0.129,0.201
Portugal,1962,0.128,0.201
Portugal,1963,0.128,0.201
Portugal,1964,0.128,0.201
Portugal,1965,0.128,0.201
Portugal,1966,0.119,0.201
Portugal,1967,0.119,0.201
Portugal,1968,0.12,0.201
Portugal,1969,0.128,0.201
Portugal,1970,0.147,0.264
Portugal,1971,0.147,0.264
Portugal,1972,0.147,0.264
Portugal,1973,0.151,0.264
Portugal,1974,0.228,-0.077
Portugal,1975,0.307,0.217
Portugal,1976,0.513,-1.698
Portugal,1977,0.747,-1.698
Portugal,1978,0.746,-1.698
Portugal,1979,0.753,-1.698
Portugal,1980,0.841,-1.698
Portugal,1981,0.842,-1.698
Portugal,1982,0.842,-1.698
Portugal,1983,0.857,-1.988
Portugal,1984,0.864,-1.988
Portugal,1985,0.864,-1.988
Portugal,1986,0.86,-1.988
Portugal,1987,0.864,-1.988
Portugal,1988,0.87,-1.988
Portugal,1989,0.87,-1.988
Portugal,1990,0.869,-2.367
Portugal,1991,0.859,-2.367
Portugal,1992,0.858,-2.367
Portugal,1993,0.858,-2.367
Portugal,1994,0.858,-2.367
Portugal,1995,0.861,-2.367
Portugal,1996,0.869,-2.367
Portugal,1997,0.869,-2.367
Portugal,1998,0.869,-2.367
Portugal,1999,0.868,-2.367
Portugal,2000,0.867,-2.367
Portugal,2001,0.871,-2.367
Portugal,2002,0.876,-2.367
Portugal,2003,0.876,-2.367
Portugal,2004,0.876,-2.367
Portugal,2005,0.889,-2.367
Portugal,2006,0.894,-2.367
Portugal,2007,0.894,-2.367
Portugal,2008,0.893,-2.367
Portugal,2009,0.894,-2.367
Portugal,2010,0.894,-2.109
Portugal,2011,0.884,-2.109
Portugal,2012,0.885,-2.109
Portugal,2013,0.886,-2.109
Portugal,2014,0.886,-2.109
Portugal,2015,0.887,-2.26
Portugal,2016,0.888,-2.26
Portugal,2017,0.898,-2.26
Portugal,2018,0.899,-2.26
Portugal,2019,0.886,-2.26
Portugal,2020,0.886,-2.134
Portugal,2021,0.884,-1.055
Portugal,2022,0.847,-1.431
Portugal,2023,0.854,-1.189
Portugal,2024,0.836,-0.263
Portugal,2025,0.822,-0.641
El Salvador,1838,0.068,NA
El Salvador,1839,0.068,NA
El Salvador,1840,0.091,NA
El Salvador,1841,0.126,NA
El Salvador,1842,NA,NA
El Salvador,1843,NA,NA
El Salvador,1844,NA,NA
El Salvador,1845,0.132,NA
El Salvador,1846,0.132,NA
El Salvador,1847,NA,NA
El Salvador,1848,0.132,NA
El Salvador,1849,0.132,NA
El Salvador,1850,NA,NA
El Salvador,1851,0.132,NA
El Salvador,1852,0.132,NA
El Salvador,1853,NA,NA
El Salvador,1854,NA,NA
El Salvador,1855,NA,NA
El Salvador,1856,NA,NA
El Salvador,1857,NA,NA
El Salvador,1858,0.132,NA
El Salvador,1859,0.132,NA
El Salvador,1860,NA,NA
El Salvador,1861,NA,NA
El Salvador,1862,NA,NA
El Salvador,1863,0.069,NA
El Salvador,1864,0.069,NA
El Salvador,1865,0.069,NA
El Salvador,1866,0.069,NA
El Salvador,1867,0.132,NA
El Salvador,1868,0.132,NA
El Salvador,1869,0.132,NA
El Salvador,1870,NA,NA
El Salvador,1871,0.069,NA
El Salvador,1872,NA,NA
El Salvador,1873,NA,NA
El Salvador,1874,NA,NA
El Salvador,1875,NA,NA
El Salvador,1876,0.07,NA
El Salvador,1877,NA,NA
El Salvador,1878,NA,NA
El Salvador,1879,NA,NA
El Salvador,1880,NA,NA
El Salvador,1881,NA,NA
El Salvador,1882,NA,NA
El Salvador,1883,NA,NA
El Salvador,1884,NA,NA
El Salvador,1885,0.072,NA
El Salvador,1886,NA,NA
El Salvador,1887,NA,NA
El Salvador,1888,NA,NA
El Salvador,1889,NA,NA
El Salvador,1890,0.089,NA
El Salvador,1891,0.089,NA
El Salvador,1892,NA,NA
El Salvador,1893,NA,NA
El Salvador,1894,NA,NA
El Salvador,1895,NA,NA
El Salvador,1896,NA,NA
El Salvador,1897,NA,NA
El Salvador,1898,NA,NA
El Salvador,1899,NA,NA
El Salvador,1900,NA,1.458
El Salvador,1901,NA,1.458
El Salvador,1902,NA,1.458
El Salvador,1903,0.163,1.458
El Salvador,1904,0.163,1.458
El Salvador,1905,0.163,1.458
El Salvador,1906,0.163,1.458
El Salvador,1907,0.164,1.458
El Salvador,1908,0.164,1.458
El Salvador,1909,0.164,1.458
El Salvador,1910,0.164,1.458
El Salvador,1911,0.164,1.458
El Salvador,1912,0.164,1.458
El Salvador,1913,0.164,1.458
El Salvador,1914,0.164,1.458
El Salvador,1915,0.176,1.458
El Salvador,1916,0.176,1.458
El Salvador,1917,0.176,1.458
El Salvador,1918,0.176,1.458
El Salvador,1919,0.164,1.458
El Salvador,1920,0.164,1.943
El Salvador,1921,0.164,1.943
El Salvador,1922,0.164,1.943
El Salvador,1923,0.164,1.943
El Salvador,1924,0.164,1.943
El Salvador,1925,0.164,1.943
El Salvador,1926,0.164,1.943
El Salvador,1927,0.173,1.943
El Salvador,1928,0.172,1.943
El Salvador,1929,0.172,1.943
El Salvador,1930,0.174,1.943
El Salvador,1931,0.158,1.943
El Salvador,1932,0.067,1.943
El Salvador,1933,0.126,1.943
El Salvador,1934,0.126,1.943
El Salvador,1935,0.125,1.943
El Salvador,1936,0.125,1.943
El Salvador,1937,0.125,1.943
El Salvador,1938,0.125,1.943
El Salvador,1939,0.125,1.943
El Salvador,1940,0.158,1.167
El Salvador,1941,0.158,1.167
El Salvador,1942,0.158,1.167
El Salvador,1943,0.158,1.167
El Salvador,1944,0.15,1.167
El Salvador,1945,0.168,1.167
El Salvador,1946,0.178,1.167
El Salvador,1947,0.178,1.167
El Salvador,1948,0.175,1.167
El Salvador,1949,0.109,1.167
El Salvador,1950,0.137,1.167
El Salvador,1951,0.186,1.167
El Salvador,1952,0.183,1.167
El Salvador,1953,0.182,1.167
El Salvador,1954,0.183,1.167
El Salvador,1955,0.178,1.167
El Salvador,1956,0.177,1.167
El Salvador,1957,0.177,1.167
El Salvador,1958,0.178,1.167
El Salvador,1959,0.178,1.167
El Salvador,1960,0.177,1.167
El Salvador,1961,0.116,1.167
El Salvador,1962,0.156,1.167
El Salvador,1963,0.188,1.167
El Salvador,1964,0.191,1.167
El Salvador,1965,0.191,1.167
El Salvador,1966,0.192,1.167
El Salvador,1967,0.191,1.167
El Salvador,1968,0.193,1.167
El Salvador,1969,0.192,1.167
El Salvador,1970,0.187,1.953
El Salvador,1971,0.187,1.953
El Salvador,1972,0.181,1.953
El Salvador,1973,0.173,1.953
El Salvador,1974,0.173,1.953
El Salvador,1975,0.173,1.953
El Salvador,1976,0.171,1.953
El Salvador,1977,0.171,1.953
El Salvador,1978,0.171,1.953
El Salvador,1979,0.158,2.371
El Salvador,1980,0.101,2.723
El Salvador,1981,0.104,2.723
El Salvador,1982,0.13,2.723
El Salvador,1983,0.139,2.723
El Salvador,1984,0.156,2.723
El Salvador,1985,0.191,2.723
El Salvador,1986,0.2,2.723
El Salvador,1987,0.2,2.723
El Salvador,1988,0.201,2.723
El Salvador,1989,0.208,2.723
El Salvador,1990,0.212,2.723
El Salvador,1991,0.221,2.723
El Salvador,1992,0.272,2.723
El Salvador,1993,0.379,0.991
El Salvador,1994,0.471,0.991
El Salvador,1995,0.484,0.991
El Salvador,1996,0.491,0.991
El Salvador,1997,0.493,0.991
El Salvador,1998,0.492,0.991
El Salvador,1999,0.505,0.991
El Salvador,2000,0.522,0.885
El Salvador,2001,0.534,0.885
El Salvador,2002,0.543,0.885
El Salvador,2003,0.537,0.885
El Salvador,2004,0.539,0.885
El Salvador,2005,0.542,0.885
El Salvador,2006,0.557,0.885
El Salvador,2007,0.56,0.885
El Salvador,2008,0.561,0.885
El Salvador,2009,0.594,0.885
El Salvador,2010,0.613,0.82
El Salvador,2011,0.613,0.82
El Salvador,2012,0.615,0.82
El Salvador,2013,0.626,0.82
El Salvador,2014,0.665,0.82
El Salvador,2015,0.658,0.767
El Salvador,2016,0.659,0.767
El Salvador,2017,0.672,0.767
El Salvador,2018,0.631,0.767
El Salvador,2019,0.599,0.767
El Salvador,2020,0.518,0.849
El Salvador,2021,0.403,1.526
El Salvador,2022,0.378,1.526
El Salvador,2023,0.377,1.526
El Salvador,2024,0.335,1.526
El Salvador,2025,0.321,1.526
South Yemen,1900,0.031,NA
South Yemen,1901,0.031,NA
South Yemen,1902,0.031,NA
South Yemen,1903,0.031,NA
South Yemen,1904,0.031,NA
South Yemen,1905,0.031,NA
South Yemen,1906,0.031,NA
South Yemen,1907,0.031,NA
South Yemen,1908,0.031,NA
South Yemen,1909,0.031,NA
South Yemen,1910,0.031,NA
South Yemen,1911,0.031,NA
South Yemen,1912,0.031,NA
South Yemen,1913,0.031,NA
South Yemen,1914,0.031,NA
South Yemen,1915,0.031,NA
South Yemen,1916,0.031,NA
South Yemen,1917,0.031,NA
South Yemen,1918,0.031,NA
South Yemen,1919,0.031,NA
South Yemen,1920,0.031,NA
South Yemen,1921,0.031,NA
South Yemen,1922,0.031,NA
South Yemen,1923,0.031,NA
South Yemen,1924,0.031,NA
South Yemen,1925,0.031,NA
South Yemen,1926,0.031,NA
South Yemen,1927,0.031,NA
South Yemen,1928,0.031,NA
South Yemen,1929,0.031,NA
South Yemen,1930,0.031,NA
South Yemen,1931,0.031,NA
South Yemen,1932,0.031,NA
South Yemen,1933,0.031,NA
South Yemen,1934,0.031,NA
South Yemen,1935,0.031,NA
South Yemen,1936,0.031,NA
South Yemen,1937,0.031,NA
South Yemen,1938,0.032,NA
South Yemen,1939,0.032,NA
South Yemen,1940,0.039,NA
South Yemen,1941,0.039,NA
South Yemen,1942,0.039,NA
South Yemen,1943,0.039,NA
South Yemen,1944,0.039,NA
South Yemen,1945,0.039,NA
South Yemen,1946,0.041,NA
South Yemen,1947,0.038,NA
South Yemen,1948,0.038,NA
South Yemen,1949,0.038,NA
South Yemen,1950,0.049,NA
South Yemen,1951,0.051,NA
South Yemen,1952,0.052,NA
South Yemen,1953,0.052,NA
South Yemen,1954,0.052,NA
South Yemen,1955,0.131,NA
South Yemen,1956,0.141,NA
South Yemen,1957,0.141,NA
South Yemen,1958,0.141,NA
South Yemen,1959,0.141,NA
South Yemen,1960,0.133,NA
South Yemen,1961,0.133,NA
South Yemen,1962,0.133,NA
South Yemen,1963,0.133,NA
South Yemen,1964,0.126,NA
South Yemen,1965,0.116,NA
South Yemen,1966,0.097,NA
South Yemen,1967,0.081,NA
South Yemen,1968,0.078,NA
South Yemen,1969,0.078,NA
South Yemen,1970,0.08,NA
South Yemen,1971,0.079,NA
South Yemen,1972,0.079,NA
South Yemen,1973,0.079,NA
South Yemen,1974,0.079,NA
South Yemen,1975,0.079,NA
South Yemen,1976,0.079,NA
South Yemen,1977,0.079,NA
South Yemen,1978,0.083,NA
South Yemen,1979,0.118,NA
South Yemen,1980,0.12,NA
South Yemen,1981,0.118,NA
South Yemen,1982,0.118,NA
South Yemen,1983,0.118,NA
South Yemen,1984,0.118,NA
South Yemen,1985,0.118,NA
South Yemen,1986,0.119,NA
South Yemen,1987,0.118,NA
South Yemen,1988,0.118,NA
South Yemen,1989,0.118,NA
South Yemen,1990,0.132,NA
Bangladesh,1971,0.17,0.622
Bangladesh,1972,0.223,0.827
Bangladesh,1973,0.362,0.892
Bangladesh,1974,0.38,0.892
Bangladesh,1975,0.21,0.964
Bangladesh,1976,0.132,0.975
Bangladesh,1977,0.175,0.975
Bangladesh,1978,0.23,0.975
Bangladesh,1979,0.364,0.975
Bangladesh,1980,0.378,1.241
Bangladesh,1981,0.375,1.241
Bangladesh,1982,0.228,1.241
Bangladesh,1983,0.182,1.241
Bangladesh,1984,0.187,1.241
Bangladesh,1985,0.188,1.241
Bangladesh,1986,0.237,0.973
Bangladesh,1987,0.327,0.973
Bangladesh,1988,0.307,0.973
Bangladesh,1989,0.302,0.973
Bangladesh,1990,0.302,0.973
Bangladesh,1991,0.483,0.799
Bangladesh,1992,0.513,0.799
Bangladesh,1993,0.513,0.799
Bangladesh,1994,0.513,0.799
Bangladesh,1995,0.513,0.799
Bangladesh,1996,0.506,0.799
Bangladesh,1997,0.512,0.799
Bangladesh,1998,0.512,0.799
Bangladesh,1999,0.512,0.799
Bangladesh,2000,0.512,0.862
Bangladesh,2001,0.505,0.862
Bangladesh,2002,0.47,0.862
Bangladesh,2003,0.474,0.862
Bangladesh,2004,0.474,0.862
Bangladesh,2005,0.474,0.862
Bangladesh,2006,0.423,0.862
Bangladesh,2007,0.205,0.937
Bangladesh,2008,0.21,0.937
Bangladesh,2009,0.418,0.833
Bangladesh,2010,0.425,1.301
Bangladesh,2011,0.416,1.301
Bangladesh,2012,0.409,1.301
Bangladesh,2013,0.376,1.301
Bangladesh,2014,0.278,1.301
Bangladesh,2015,0.275,1.404
Bangladesh,2016,0.269,1.404
Bangladesh,2017,0.265,1.404
Bangladesh,2018,0.252,1.404
Bangladesh,2019,0.251,1.404
Bangladesh,2020,0.255,1.404
Bangladesh,2021,0.255,1.404
Bangladesh,2022,0.261,2.656
Bangladesh,2023,0.253,2.656
Bangladesh,2024,0.225,3.207
Bangladesh,2025,0.195,2.366
Bolivia,1825,0.138,NA
Bolivia,1826,0.139,NA
Bolivia,1827,0.139,NA
Bolivia,1828,0.139,NA
Bolivia,1829,0.174,NA
Bolivia,1830,0.186,NA
Bolivia,1831,0.186,NA
Bolivia,1832,0.186,NA
Bolivia,1833,0.186,NA
Bolivia,1834,0.186,NA
Bolivia,1835,0.175,NA
Bolivia,1836,0.175,NA
Bolivia,1837,0.175,NA
Bolivia,1838,0.16,NA
Bolivia,1839,0.197,NA
Bolivia,1840,0.209,NA
Bolivia,1841,0.209,NA
Bolivia,1842,0.21,NA
Bolivia,1843,0.21,NA
Bolivia,1844,0.211,NA
Bolivia,1845,0.211,NA
Bolivia,1846,0.212,NA
Bolivia,1847,0.212,NA
Bolivia,1848,0.207,NA
Bolivia,1849,0.143,NA
Bolivia,1850,0.143,NA
Bolivia,1851,0.144,NA
Bolivia,1852,0.206,NA
Bolivia,1853,0.206,NA
Bolivia,1854,0.206,NA
Bolivia,1855,0.203,NA
Bolivia,1856,0.2,NA
Bolivia,1857,0.19,NA
Bolivia,1858,0.116,NA
Bolivia,1859,0.052,NA
Bolivia,1860,0.052,NA
Bolivia,1861,0.059,NA
Bolivia,1862,0.151,NA
Bolivia,1863,0.213,NA
Bolivia,1864,0.172,NA
Bolivia,1865,0.059,NA
Bolivia,1866,0.059,NA
Bolivia,1867,0.059,NA
Bolivia,1868,0.06,NA
Bolivia,1869,0.06,NA
Bolivia,1870,0.133,NA
Bolivia,1871,0.133,NA
Bolivia,1872,0.138,NA
Bolivia,1873,0.196,NA
Bolivia,1874,0.119,NA
Bolivia,1875,0.108,NA
Bolivia,1876,0.108,NA
Bolivia,1877,0.108,NA
Bolivia,1878,0.109,NA
Bolivia,1879,0.109,NA
Bolivia,1880,0.168,NA
Bolivia,1881,0.171,NA
Bolivia,1882,0.202,NA
Bolivia,1883,0.202,NA
Bolivia,1884,0.171,NA
Bolivia,1885,0.173,NA
Bolivia,1886,0.176,NA
Bolivia,1887,0.176,NA
Bolivia,1888,0.207,NA
Bolivia,1889,0.207,NA
Bolivia,1890,0.207,NA
Bolivia,1891,0.207,NA
Bolivia,1892,0.207,NA
Bolivia,1893,0.207,NA
Bolivia,1894,0.207,NA
Bolivia,1895,0.207,NA
Bolivia,1896,0.199,NA
Bolivia,1897,0.199,NA
Bolivia,1898,0.2,NA
Bolivia,1899,0.149,NA
Bolivia,1900,0.168,0.944
Bolivia,1901,0.17,0.944
Bolivia,1902,0.171,0.944
Bolivia,1903,0.171,0.944
Bolivia,1904,0.173,0.944
Bolivia,1905,0.173,0.944
Bolivia,1906,0.175,0.944
Bolivia,1907,0.175,0.944
Bolivia,1908,0.175,0.944
Bolivia,1909,0.176,0.944
Bolivia,1910,0.177,0.944
Bolivia,1911,0.177,0.944
Bolivia,1912,0.177,0.944
Bolivia,1913,0.175,0.944
Bolivia,1914,0.174,0.944
Bolivia,1915,0.174,0.944
Bolivia,1916,0.171,0.944
Bolivia,1917,0.174,0.944
Bolivia,1918,0.175,0.944
Bolivia,1919,0.175,0.944
Bolivia,1920,0.141,0.944
Bolivia,1921,0.162,0.287
Bolivia,1922,0.167,0.287
Bolivia,1923,0.166,0.287
Bolivia,1924,0.166,0.287
Bolivia,1925,0.166,0.287
Bolivia,1926,0.175,0.448
Bolivia,1927,0.176,0.448
Bolivia,1928,0.176,0.448
Bolivia,1929,0.176,0.448
Bolivia,1930,0.136,0.448
Bolivia,1931,0.16,0.448
Bolivia,1932,0.156,0.448
Bolivia,1933,0.152,0.448
Bolivia,1934,0.143,0.448
Bolivia,1935,0.074,0.448
Bolivia,1936,0.08,0.448
Bolivia,1937,0.08,0.448
Bolivia,1938,0.141,0.448
Bolivia,1939,0.17,0.448
Bolivia,1940,0.159,0.448
Bolivia,1941,0.158,0.448
Bolivia,1942,0.158,0.448
Bolivia,1943,0.154,0.448
Bolivia,1944,0.099,0.665
Bolivia,1945,0.109,0.665
Bolivia,1946,0.098,0.665
Bolivia,1947,0.159,0.665
Bolivia,1948,0.171,0.665
Bolivia,1949,0.167,0.86
Bolivia,1950,0.165,0.86
Bolivia,1951,0.119,1.35
Bolivia,1952,0.132,1.708
Bolivia,1953,0.218,1.708
Bolivia,1954,0.218,1.51
Bolivia,1955,0.218,1.51
Bolivia,1956,0.241,1.51
Bolivia,1957,0.262,1.235
Bolivia,1958,0.261,1.413
Bolivia,1959,0.26,1.219
Bolivia,1960,0.261,1.219
Bolivia,1961,0.263,1.219
Bolivia,1962,0.258,1.219
Bolivia,1963,0.255,1.219
Bolivia,1964,0.227,1.219
Bolivia,1965,0.123,0.682
Bolivia,1966,0.137,0.682
Bolivia,1967,0.183,0.682
Bolivia,1968,0.183,0.682
Bolivia,1969,0.166,0.682
Bolivia,1970,0.108,1.382
Bolivia,1971,0.097,1.967
Bolivia,1972,0.09,1.967
Bolivia,1973,0.09,1.967
Bolivia,1974,0.089,1.967
Bolivia,1975,0.088,1.967
Bolivia,1976,0.088,1.967
Bolivia,1977,0.088,1.967
Bolivia,1978,0.107,1.967
Bolivia,1979,0.141,1.66
Bolivia,1980,0.126,1.976
Bolivia,1981,0.099,1.797
Bolivia,1982,0.201,1.346
Bolivia,1983,0.32,0.226
Bolivia,1984,0.325,0.226
Bolivia,1985,0.462,-0.079
Bolivia,1986,0.622,-0.079
Bolivia,1987,0.633,-0.079
Bolivia,1988,0.636,-0.278
Bolivia,1989,0.639,-0.278
Bolivia,1990,0.651,-0.278
Bolivia,1991,0.686,-0.278
Bolivia,1992,0.697,-0.278
Bolivia,1993,0.705,-0.278
Bolivia,1994,0.718,-0.082
Bolivia,1995,0.73,-0.082
Bolivia,1996,0.73,-0.082
Bolivia,1997,0.735,-0.285
Bolivia,1998,0.735,-0.285
Bolivia,1999,0.743,-0.285
Bolivia,2000,0.743,-0.285
Bolivia,2001,0.737,-0.285
Bolivia,2002,0.719,-0.07
Bolivia,2003,0.719,0.555
Bolivia,2004,0.753,0.555
Bolivia,2005,0.746,0.435
Bolivia,2006,0.724,0.847
Bolivia,2007,0.719,1.307
Bolivia,2008,0.719,1.407
Bolivia,2009,0.714,0.925
Bolivia,2010,0.68,0.771
Bolivia,2011,0.677,0.771
Bolivia,2012,0.67,0.555
Bolivia,2013,0.658,0.555
Bolivia,2014,0.647,0.555
Bolivia,2015,0.609,0.555
Bolivia,2016,0.62,1.315
Bolivia,2017,0.609,1.315
Bolivia,2018,0.593,1.315
Bolivia,2019,0.456,2.363
Bolivia,2020,0.275,3.402
Bolivia,2021,0.608,2.257
Bolivia,2022,0.587,2.975
Bolivia,2023,0.586,1.986
Bolivia,2024,0.577,2.224
Bolivia,2025,0.605,1.617
Haiti,1789,0.037,NA
Haiti,1790,0.059,NA
Haiti,1791,0.067,NA
Haiti,1792,0.059,NA
Haiti,1793,0.059,NA
Haiti,1794,0.067,NA
Haiti,1795,0.072,NA
Haiti,1796,0.072,NA
Haiti,1797,0.062,NA
Haiti,1798,0.042,NA
Haiti,1799,0.021,NA
Haiti,1800,0.021,NA
Haiti,1801,0.021,NA
Haiti,1802,0.023,NA
Haiti,1803,0.023,NA
Haiti,1804,0.039,NA
Haiti,1805,0.039,NA
Haiti,1806,0.039,NA
Haiti,1807,0.041,NA
Haiti,1808,0.041,NA
Haiti,1809,0.041,NA
Haiti,1810,0.041,NA
Haiti,1811,0.041,NA
Haiti,1812,0.041,NA
Haiti,1813,0.041,NA
Haiti,1814,0.041,NA
Haiti,1815,0.041,NA
Haiti,1816,0.088,NA
Haiti,1817,0.091,NA
Haiti,1818,0.068,NA
Haiti,1819,0.06,NA
Haiti,1820,0.064,NA
Haiti,1821,0.092,NA
Haiti,1822,0.092,NA
Haiti,1823,0.092,NA
Haiti,1824,0.092,NA
Haiti,1825,0.092,NA
Haiti,1826,0.092,NA
Haiti,1827,0.092,NA
Haiti,1828,0.092,NA
Haiti,1829,0.092,NA
Haiti,1830,0.092,NA
Haiti,1831,0.092,NA
Haiti,1832,0.092,NA
Haiti,1833,0.092,NA
Haiti,1834,0.092,NA
Haiti,1835,0.092,NA
Haiti,1836,0.092,NA
Haiti,1837,0.092,NA
Haiti,1838,0.092,NA
Haiti,1839,0.092,NA
Haiti,1840,0.092,NA
Haiti,1841,0.092,NA
Haiti,1842,0.092,NA
Haiti,1843,0.085,NA
Haiti,1844,0.085,NA
Haiti,1845,0.085,NA
Haiti,1846,0.085,NA
Haiti,1847,0.067,NA
Haiti,1848,0.056,NA
Haiti,1849,0.056,NA
Haiti,1850,0.056,NA
Haiti,1851,0.056,NA
Haiti,1852,0.056,NA
Haiti,1853,0.056,NA
Haiti,1854,0.056,NA
Haiti,1855,0.056,NA
Haiti,1856,0.056,NA
Haiti,1857,0.056,NA
Haiti,1858,0.056,NA
Haiti,1859,0.056,NA
Haiti,1860,0.097,NA
Haiti,1861,0.097,NA
Haiti,1862,0.097,NA
Haiti,1863,0.097,NA
Haiti,1864,0.097,NA
Haiti,1865,0.097,NA
Haiti,1866,0.097,NA
Haiti,1867,0.097,NA
Haiti,1868,0.097,NA
Haiti,1869,0.097,NA
Haiti,1870,0.097,NA
Haiti,1871,0.097,NA
Haiti,1872,0.097,NA
Haiti,1873,0.097,NA
Haiti,1874,0.097,NA
Haiti,1875,0.097,NA
Haiti,1876,0.097,NA
Haiti,1877,0.097,NA
Haiti,1878,0.097,NA
Haiti,1879,0.097,NA
Haiti,1880,0.097,NA
Haiti,1881,0.097,NA
Haiti,1882,0.097,NA
Haiti,1883,0.097,NA
Haiti,1884,0.097,NA
Haiti,1885,0.097,NA
Haiti,1886,0.097,NA
Haiti,1887,0.097,NA
Haiti,1888,0.097,NA
Haiti,1889,0.136,NA
Haiti,1890,0.144,NA
Haiti,1891,0.144,NA
Haiti,1892,0.144,NA
Haiti,1893,0.144,NA
Haiti,1894,0.144,NA
Haiti,1895,0.144,NA
Haiti,1896,0.144,NA
Haiti,1897,0.144,NA
Haiti,1898,0.144,NA
Haiti,1899,0.144,NA
Haiti,1900,0.145,1.593
Haiti,1901,0.145,1.593
Haiti,1902,0.143,1.593
Haiti,1903,0.098,1.593
Haiti,1904,0.098,1.593
Haiti,1905,0.105,1.593
Haiti,1906,0.107,1.593
Haiti,1907,0.107,1.593
Haiti,1908,0.107,1.593
Haiti,1909,0.107,1.593
Haiti,1910,0.107,1.593
Haiti,1911,0.107,1.593
Haiti,1912,0.124,1.593
Haiti,1913,0.152,1.593
Haiti,1914,0.152,1.593
Haiti,1915,0.131,1.593
Haiti,1916,0.158,1.593
Haiti,1917,0.158,1.593
Haiti,1918,0.095,1.593
Haiti,1919,0.095,1.593
Haiti,1920,0.095,1.593
Haiti,1921,0.095,1.593
Haiti,1922,0.095,1.593
Haiti,1923,0.095,1.593
Haiti,1924,0.095,1.593
Haiti,1925,0.095,1.593
Haiti,1926,0.095,1.593
Haiti,1927,0.095,1.593
Haiti,1928,0.095,1.593
Haiti,1929,0.095,1.593
Haiti,1930,0.112,1.593
Haiti,1931,0.175,1.593
Haiti,1932,0.156,1.593
Haiti,1933,0.156,1.593
Haiti,1934,0.151,1.593
Haiti,1935,0.15,1.593
Haiti,1936,0.165,1.593
Haiti,1937,0.162,1.593
Haiti,1938,0.162,1.593
Haiti,1939,0.162,1.593
Haiti,1940,0.163,1.593
Haiti,1941,0.166,1.593
Haiti,1942,0.166,1.593
Haiti,1943,0.166,1.593
Haiti,1944,0.166,1.593
Haiti,1945,0.148,1.593
Haiti,1946,0.135,1.593
Haiti,1947,0.163,1.593
Haiti,1948,0.161,1.593
Haiti,1949,0.161,1.593
Haiti,1950,0.094,1.593
Haiti,1951,0.213,1.593
Haiti,1952,0.213,1.593
Haiti,1953,0.213,1.593
Haiti,1954,0.213,1.593
Haiti,1955,0.21,1.593
Haiti,1956,0.176,1.593
Haiti,1957,0.128,1.593
Haiti,1958,0.149,1.593
Haiti,1959,0.148,1.593
Haiti,1960,0.148,1.827
Haiti,1961,0.146,1.827
Haiti,1962,0.145,1.827
Haiti,1963,0.145,1.827
Haiti,1964,0.144,1.827
Haiti,1965,0.144,1.827
Haiti,1966,0.144,1.827
Haiti,1967,0.144,1.827
Haiti,1968,0.144,1.827
Haiti,1969,0.144,1.827
Haiti,1970,0.144,1.827
Haiti,1971,0.148,1.827
Haiti,1972,0.15,1.827
Haiti,1973,0.15,1.827
Haiti,1974,0.15,1.827
Haiti,1975,0.15,1.827
Haiti,1976,0.15,1.827
Haiti,1977,0.15,1.827
Haiti,1978,0.15,1.827
Haiti,1979,0.151,1.827
Haiti,1980,0.148,1.827
Haiti,1981,0.15,1.827
Haiti,1982,0.15,1.827
Haiti,1983,0.115,1.827
Haiti,1984,0.146,1.827
Haiti,1985,0.151,1.827
Haiti,1986,0.121,1.7
Haiti,1987,0.196,0.913
Haiti,1988,0.263,0.878
Haiti,1989,0.208,0.878
Haiti,1990,0.202,0.878
Haiti,1991,0.327,0.878
Haiti,1992,0.18,0.878
Haiti,1993,0.207,0.878
Haiti,1994,0.232,0.878
Haiti,1995,0.348,0.727
Haiti,1996,0.427,0.674
Haiti,1997,0.441,0.674
Haiti,1998,0.442,0.792
Haiti,1999,0.442,0.792
Haiti,2000,0.437,1.094
Haiti,2001,0.417,1.094
Haiti,2002,0.41,1.094
Haiti,2003,0.408,1.094
Haiti,2004,0.249,1.094
Haiti,2005,0.247,1.02
Haiti,2006,0.386,0.819
Haiti,2007,0.469,0.819
Haiti,2008,0.468,0.819
Haiti,2009,0.459,0.819
Haiti,2010,0.459,0.819
Haiti,2011,0.431,0.885
Haiti,2012,0.438,1.093
Haiti,2013,0.434,1.093
Haiti,2014,0.434,1.093
Haiti,2015,0.425,1.093
Haiti,2016,0.42,1.093
Haiti,2017,0.418,1.093
Haiti,2018,0.429,1.093
Haiti,2019,0.421,1.093
Haiti,2020,0.4,0.304
Haiti,2021,0.33,0.98
Haiti,2022,0.233,0.472
Haiti,2023,0.231,0.536
Haiti,2024,0.237,0.897
Haiti,2025,0.238,0.897
Honduras,1838,0.06,NA
Honduras,1839,0.146,NA
Honduras,1840,0.146,NA
Honduras,1841,0.146,NA
Honduras,1842,0.146,NA
Honduras,1843,0.146,NA
Honduras,1844,0.146,NA
Honduras,1845,0.146,NA
Honduras,1846,0.146,NA
Honduras,1847,0.132,NA
Honduras,1848,0.123,NA
Honduras,1849,0.123,NA
Honduras,1850,0.123,NA
Honduras,1851,0.123,NA
Honduras,1852,0.137,NA
Honduras,1853,0.139,NA
Honduras,1854,0.139,NA
Honduras,1855,0.139,NA
Honduras,1856,0.14,NA
Honduras,1857,0.14,NA
Honduras,1858,0.14,NA
Honduras,1859,0.14,NA
Honduras,1860,0.14,NA
Honduras,1861,0.14,NA
Honduras,1862,0.14,NA
Honduras,1863,0.12,NA
Honduras,1864,0.131,NA
Honduras,1865,0.14,NA
Honduras,1866,0.137,NA
Honduras,1867,0.137,NA
Honduras,1868,0.137,NA
Honduras,1869,0.136,NA
Honduras,1870,0.136,NA
Honduras,1871,0.136,NA
Honduras,1872,0.102,NA
Honduras,1873,0.058,NA
Honduras,1874,0.072,NA
Honduras,1875,0.074,NA
Honduras,1876,0.136,NA
Honduras,1877,0.136,NA
Honduras,1878,0.136,NA
Honduras,1879,0.136,NA
Honduras,1880,0.136,NA
Honduras,1881,0.158,NA
Honduras,1882,0.158,NA
Honduras,1883,0.158,NA
Honduras,1884,0.159,NA
Honduras,1885,0.159,NA
Honduras,1886,0.159,NA
Honduras,1887,0.158,NA
Honduras,1888,0.158,NA
Honduras,1889,0.158,NA
Honduras,1890,0.158,NA
Honduras,1891,0.158,NA
Honduras,1892,0.159,NA
Honduras,1893,0.158,NA
Honduras,1894,0.099,NA
Honduras,1895,0.078,NA
Honduras,1896,0.078,NA
Honduras,1897,0.141,NA
Honduras,1898,0.144,NA
Honduras,1899,0.16,NA
Honduras,1900,0.16,-0.56
Honduras,1901,0.16,-0.56
Honduras,1902,0.16,-0.56
Honduras,1903,0.159,-0.56
Honduras,1904,0.16,0.038
Honduras,1905,0.153,-0.584
Honduras,1906,0.151,-0.584
Honduras,1907,0.094,-0.584
Honduras,1908,0.075,0.083
Honduras,1909,0.138,-0.576
Honduras,1910,0.138,-0.576
Honduras,1911,0.142,0.06
Honduras,1912,0.162,-0.596
Honduras,1913,0.162,-0.596
Honduras,1914,0.163,-0.596
Honduras,1915,0.163,-0.596
Honduras,1916,0.166,-0.596
Honduras,1917,0.172,-0.596
Honduras,1918,0.172,-0.596
Honduras,1919,0.17,0.223
Honduras,1920,0.16,-0.64
Honduras,1921,NA,-0.64
Honduras,1922,NA,-0.64
Honduras,1923,NA,-0.64
Honduras,1924,NA,1.391
Honduras,1925,NA,-0.001
Honduras,1926,NA,-0.628
Honduras,1927,NA,-0.628
Honduras,1928,NA,-0.628
Honduras,1929,NA,-0.628
Honduras,1930,NA,-0.628
Honduras,1931,NA,-1.862
Honduras,1932,NA,-1.862
Honduras,1933,NA,-1.186
Honduras,1934,NA,-1.186
Honduras,1935,NA,-1.186
Honduras,1936,NA,-1.186
Honduras,1937,NA,-1.186
Honduras,1938,NA,-1.186
Honduras,1939,NA,-1.186
Honduras,1940,NA,-1.186
Honduras,1941,NA,-1.186
Honduras,1942,NA,-1.186
Honduras,1943,NA,-1.186
Honduras,1944,NA,-1.186
Honduras,1945,0.152,-1.186
Honduras,1946,0.152,-1.186
Honduras,1947,0.154,-1.186
Honduras,1948,0.161,-1.186
Honduras,1949,0.188,-1.186
Honduras,1950,0.246,-1.873
Honduras,1951,0.246,-1.873
Honduras,1952,0.246,-1.873
Honduras,1953,0.246,-1.873
Honduras,1954,0.241,-1.873
Honduras,1955,0.136,-1.19
Honduras,1956,0.169,-1.19
Honduras,1957,0.189,-1.858
Honduras,1958,0.178,-1.858
Honduras,1959,0.178,-1.858
Honduras,1960,0.181,-1.654
Honduras,1961,0.181,-1.016
Honduras,1962,0.181,-1.016
Honduras,1963,0.177,-0.865
Honduras,1964,0.136,-0.989
Honduras,1965,0.151,-1.669
Honduras,1966,0.141,-1.669
Honduras,1967,0.141,-1.669
Honduras,1968,0.141,-1.669
Honduras,1969,0.141,-1.669
Honduras,1970,0.141,-1.669
Honduras,1971,0.239,-1.669
Honduras,1972,0.25,-1.669
Honduras,1973,0.14,-1.669
Honduras,1974,0.14,-1.669
Honduras,1975,0.14,-1.669
Honduras,1976,0.14,-1.669
Honduras,1977,0.139,-1.669
Honduras,1978,0.138,-1.669
Honduras,1979,0.139,-1.669
Honduras,1980,0.176,-0.709
Honduras,1981,0.188,-1.484
Honduras,1982,0.37,-2.002
Honduras,1983,0.394,-2.002
Honduras,1984,0.394,-2.002
Honduras,1985,0.394,-2.002
Honduras,1986,0.395,-2.002
Honduras,1987,0.399,-2.002
Honduras,1988,0.399,-2.002
Honduras,1989,0.403,-2.583
Honduras,1990,0.484,-2.583
Honduras,1991,0.49,-2.583
Honduras,1992,0.49,-2.583
Honduras,1993,0.49,-2.583
Honduras,1994,0.527,-2.583
Honduras,1995,0.544,-2.583
Honduras,1996,0.557,-2.583
Honduras,1997,0.557,-2.583
Honduras,1998,0.555,-2.583
Honduras,1999,0.556,-2.583
Honduras,2000,0.556,-2.583
Honduras,2001,0.555,-2.583
Honduras,2002,0.555,-2.583
Honduras,2003,0.565,-2.583
Honduras,2004,0.565,-2.583
Honduras,2005,0.559,-2.583
Honduras,2006,0.521,-2.356
Honduras,2007,0.522,-2.356
Honduras,2008,0.519,-1.338
Honduras,2009,0.441,0.301
Honduras,2010,0.408,0.948
Honduras,2011,0.419,0.801
Honduras,2012,0.418,0.311
Honduras,2013,0.413,0.311
Honduras,2014,0.433,-0.003
Honduras,2015,0.426,-0.003
Honduras,2016,0.425,-0.003
Honduras,2017,0.414,0.665
Honduras,2018,0.361,0.924
Honduras,2019,0.368,0.924
Honduras,2020,0.372,0.924
Honduras,2021,0.394,0.924
Honduras,2022,0.544,0.01
Honduras,2023,0.539,0.394
Honduras,2024,0.538,0.394
Honduras,2025,0.511,0.839
Mali,1900,0.03,-2.84
Mali,1901,0.03,-2.84
Mali,1902,0.03,-2.84
Mali,1903,0.03,-2.84
Mali,1904,0.03,-2.84
Mali,1905,0.03,-2.84
Mali,1906,0.03,-2.84
Mali,1907,0.03,-2.84
Mali,1908,0.03,-2.84
Mali,1909,0.03,-2.84
Mali,1910,0.03,-2.84
Mali,1911,0.03,-2.84
Mali,1912,0.03,-2.84
Mali,1913,0.03,-2.84
Mali,1914,0.03,-2.84
Mali,1915,0.03,-2.84
Mali,1916,0.03,-2.84
Mali,1917,0.03,-2.84
Mali,1918,0.03,-2.84
Mali,1919,0.03,-2.84
Mali,1920,0.03,-2.84
Mali,1921,0.031,-2.84
Mali,1922,0.031,-2.84
Mali,1923,0.031,-2.84
Mali,1924,0.031,-2.84
Mali,1925,0.031,-2.84
Mali,1926,0.031,-2.84
Mali,1927,0.031,-2.84
Mali,1928,0.031,-2.84
Mali,1929,0.031,-2.84
Mali,1930,0.031,-2.84
Mali,1931,0.031,-2.84
Mali,1932,0.031,-2.84
Mali,1933,0.031,-2.84
Mali,1934,0.031,-2.84
Mali,1935,0.031,-2.84
Mali,1936,0.031,-2.84
Mali,1937,0.031,-2.84
Mali,1938,0.031,-2.84
Mali,1939,0.031,-2.84
Mali,1940,0.031,-1.682
Mali,1941,0.031,-1.682
Mali,1942,0.031,-1.682
Mali,1943,0.031,-1.682
Mali,1944,0.031,-1.682
Mali,1945,0.044,-1.682
Mali,1946,0.06,-1.236
Mali,1947,0.11,-1.236
Mali,1948,0.107,-1.236
Mali,1949,0.109,-1.236
Mali,1950,0.109,-1.236
Mali,1951,0.109,-1.236
Mali,1952,0.113,-1.236
Mali,1953,0.112,-1.236
Mali,1954,0.112,-1.236
Mali,1955,0.112,-1.236
Mali,1956,0.113,-1.236
Mali,1957,0.164,-1.236
Mali,1958,0.164,-1.236
Mali,1959,0.167,-1.236
Mali,1960,0.221,-0.735
Mali,1961,0.256,-1.093
Mali,1962,0.256,-1.093
Mali,1963,0.256,-1.093
Mali,1964,0.242,-1.093
Mali,1965,0.229,-1.093
Mali,1966,0.229,-1.093
Mali,1967,0.229,0.669
Mali,1968,0.201,0.669
Mali,1969,0.106,0.669
Mali,1970,0.104,0.669
Mali,1971,0.104,0.669
Mali,1972,0.104,0.669
Mali,1973,0.104,0.669
Mali,1974,0.104,0.669
Mali,1975,0.106,0.669
Mali,1976,0.106,0.669
Mali,1977,0.105,0.669
Mali,1978,0.105,0.669
Mali,1979,0.15,0.669
Mali,1980,0.191,0.669
Mali,1981,0.191,0.669
Mali,1982,0.192,0.669
Mali,1983,0.19,0.669
Mali,1984,0.19,0.669
Mali,1985,0.191,0.669
Mali,1986,0.19,0.669
Mali,1987,0.193,0.669
Mali,1988,0.198,0.669
Mali,1989,0.196,0.669
Mali,1990,0.202,0.669
Mali,1991,0.21,-1.081
Mali,1992,0.473,-1.081
Mali,1993,0.594,-1.081
Mali,1994,0.594,-1.081
Mali,1995,0.594,0.178
Mali,1996,0.594,0.178
Mali,1997,0.55,0.178
Mali,1998,0.519,0.178
Mali,1999,0.519,0.178
Mali,2000,0.519,0.178
Mali,2001,0.519,0.178
Mali,2002,0.601,0.178
Mali,2003,0.624,0.178
Mali,2004,0.624,0.178
Mali,2005,0.624,0.178
Mali,2006,0.625,0.178
Mali,2007,0.618,0.178
Mali,2008,0.608,0.178
Mali,2009,0.61,0.178
Mali,2010,0.608,0.178
Mali,2011,0.611,0.178
Mali,2012,0.355,0.178
Mali,2013,0.328,0.462
Mali,2014,0.54,0.462
Mali,2015,0.543,0.462
Mali,2016,0.543,0.462
Mali,2017,0.54,0.462
Mali,2018,0.518,0.462
Mali,2019,0.516,0.691
Mali,2020,0.421,1.103
Mali,2021,0.243,0.855
Mali,2022,0.231,0.855
Mali,2023,0.229,0.133
Mali,2024,0.192,0.873
Mali,2025,0.164,0.873
Pakistan,1947,0.18,-2.691
Pakistan,1948,0.18,-2.691
Pakistan,1949,0.196,-2.355
Pakistan,1950,0.198,-2.097
Pakistan,1951,0.198,-1.771
Pakistan,1952,0.198,-1.771
Pakistan,1953,0.182,-1.771
Pakistan,1954,0.18,-1.442
Pakistan,1955,0.18,-1.442
Pakistan,1956,0.191,-1.442
Pakistan,1957,0.196,-1.442
Pakistan,1958,0.16,-1.442
Pakistan,1959,0.128,-1.442
Pakistan,1960,0.127,-1.442
Pakistan,1961,0.128,-1.442
Pakistan,1962,0.133,-1.442
Pakistan,1963,0.138,-1.442
Pakistan,1964,0.138,-1.442
Pakistan,1965,0.138,-1.442
Pakistan,1966,0.143,-1.213
Pakistan,1967,0.139,-0.842
Pakistan,1968,0.141,-0.766
Pakistan,1969,0.142,-0.634
Pakistan,1970,0.192,-0.558
Pakistan,1971,0.155,-0.487
Pakistan,1972,0.167,-1.111
Pakistan,1973,0.192,-1.578
Pakistan,1974,0.231,-1.342
Pakistan,1975,0.226,-1.342
Pakistan,1976,0.23,-1.093
Pakistan,1977,0.218,-0.637
Pakistan,1978,0.114,-1.098
Pakistan,1979,0.107,-1.323
Pakistan,1980,0.107,-1.559
Pakistan,1981,0.107,-1.559
Pakistan,1982,0.11,-1.559
Pakistan,1983,0.11,-1.559
Pakistan,1984,0.11,-1.559
Pakistan,1985,0.157,-1.559
Pakistan,1986,0.171,-1.31
Pakistan,1987,0.171,-1.31
Pakistan,1988,0.214,-1.082
Pakistan,1989,0.371,-0.984
Pakistan,1990,0.372,-0.99
Pakistan,1991,0.367,-0.99
Pakistan,1992,0.367,-0.99
Pakistan,1993,0.368,-0.99
Pakistan,1994,0.37,-0.99
Pakistan,1995,0.37,-0.99
Pakistan,1996,0.37,-1.203
Pakistan,1997,0.386,-1.203
Pakistan,1998,0.391,-1.203
Pakistan,1999,0.34,-1.203
Pakistan,2000,0.205,-1.11
Pakistan,2001,0.203,-0.958
Pakistan,2002,0.243,-0.662
Pakistan,2003,0.356,-0.662
Pakistan,2004,0.356,-0.662
Pakistan,2005,0.358,-0.662
Pakistan,2006,0.355,-0.662
Pakistan,2007,0.351,-0.662
Pakistan,2008,0.416,-0.769
Pakistan,2009,0.451,-0.903
Pakistan,2010,0.466,-0.903
Pakistan,2011,0.466,-0.903
Pakistan,2012,0.466,-0.771
Pakistan,2013,0.47,-0.897
Pakistan,2014,0.469,-0.897
Pakistan,2015,0.441,-0.762
Pakistan,2016,0.429,-0.762
Pakistan,2017,0.419,-0.762
Pakistan,2018,0.395,-0.776
Pakistan,2019,0.368,-0.776
Pakistan,2020,0.377,-0.658
Pakistan,2021,0.394,0.124
Pakistan,2022,0.379,0.697
Pakistan,2023,0.334,1.314
Pakistan,2024,0.313,0.986
Pakistan,2025,0.302,0.986
Peru,1789,NA,NA
Peru,1790,NA,NA
Peru,1791,NA,NA
Peru,1792,NA,NA
Peru,1793,NA,NA
Peru,1794,NA,NA
Peru,1795,NA,NA
Peru,1796,NA,NA
Peru,1797,NA,NA
Peru,1798,NA,NA
Peru,1799,NA,NA
Peru,1800,NA,NA
Peru,1801,NA,NA
Peru,1802,NA,NA
Peru,1803,NA,NA
Peru,1804,NA,NA
Peru,1805,NA,NA
Peru,1806,NA,NA
Peru,1807,NA,NA
Peru,1808,NA,NA
Peru,1809,NA,NA
Peru,1810,NA,NA
Peru,1811,NA,NA
Peru,1812,NA,NA
Peru,1813,NA,NA
Peru,1814,NA,NA
Peru,1815,NA,NA
Peru,1816,NA,NA
Peru,1817,NA,NA
Peru,1818,NA,NA
Peru,1819,NA,NA
Peru,1820,NA,NA
Peru,1821,0.102,NA
Peru,1822,0.181,NA
Peru,1823,0.209,NA
Peru,1824,0.191,NA
Peru,1825,0.211,NA
Peru,1826,0.15,NA
Peru,1827,0.228,NA
Peru,1828,0.228,NA
Peru,1829,0.233,NA
Peru,1830,0.218,NA
Peru,1831,0.218,NA
Peru,1832,0.218,NA
Peru,1833,0.225,NA
Peru,1834,0.219,NA
Peru,1835,0.219,NA
Peru,1836,0.212,NA
Peru,1837,0.16,NA
Peru,1838,0.16,NA
Peru,1839,0.16,NA
Peru,1840,0.206,NA
Peru,1841,0.202,NA
Peru,1842,0.174,NA
Peru,1843,0.174,NA
Peru,1844,0.174,NA
Peru,1845,0.226,NA
Peru,1846,0.242,NA
Peru,1847,0.242,NA
Peru,1848,0.242,NA
Peru,1849,0.242,NA
Peru,1850,0.242,NA
Peru,1851,0.242,NA
Peru,1852,0.242,NA
Peru,1853,0.242,NA
Peru,1854,0.232,NA
Peru,1855,0.192,NA
Peru,1856,0.217,NA
Peru,1857,0.188,NA
Peru,1858,0.189,NA
Peru,1859,0.248,NA
Peru,1860,0.25,NA
Peru,1861,0.223,NA
Peru,1862,0.223,NA
Peru,1863,0.211,NA
Peru,1864,0.207,NA
Peru,1865,0.194,NA
Peru,1866,0.184,NA
Peru,1867,0.209,NA
Peru,1868,0.18,NA
Peru,1869,0.215,NA
Peru,1870,0.215,NA
Peru,1871,0.223,NA
Peru,1872,0.253,NA
Peru,1873,0.253,NA
Peru,1874,0.253,NA
Peru,1875,0.253,NA
Peru,1876,0.253,NA
Peru,1877,0.245,NA
Peru,1878,0.245,NA
Peru,1879,0.201,NA
Peru,1880,0.02,NA
Peru,1881,0.046,NA
Peru,1882,0.052,NA
Peru,1883,0.071,NA
Peru,1884,0.174,NA
Peru,1885,0.183,NA
Peru,1886,NA,NA
Peru,1887,NA,NA
Peru,1888,NA,NA
Peru,1889,NA,NA
Peru,1890,NA,NA
Peru,1891,NA,NA
Peru,1892,0.215,NA
Peru,1893,0.21,NA
Peru,1894,0.204,NA
Peru,1895,0.215,NA
Peru,1896,0.238,NA
Peru,1897,0.255,NA
Peru,1898,0.255,NA
Peru,1899,0.258,NA
Peru,1900,0.262,-1.533
Peru,1901,0.262,-1.533
Peru,1902,0.262,-1.533
Peru,1903,0.252,-1.533
Peru,1904,0.246,-1.533
Peru,1905,0.248,-1.533
Peru,1906,0.249,-1.533
Peru,1907,0.249,-1.533
Peru,1908,0.248,-1.533
Peru,1909,0.249,-1.533
Peru,1910,0.251,-1.533
Peru,1911,0.25,-1.533
Peru,1912,0.25,-1.533
Peru,1913,0.244,-1.533
Peru,1914,0.169,-1.533
Peru,1915,0.192,-1.533
Peru,1916,0.247,-1.533
Peru,1917,0.247,-1.533
Peru,1918,0.247,-1.533
Peru,1919,0.201,0.499
Peru,1920,0.129,-0.046
Peru,1921,0.185,-0.046
Peru,1922,0.185,-0.046
Peru,1923,0.185,-0.046
Peru,1924,0.185,-0.046
Peru,1925,0.181,-0.046
Peru,1926,0.181,-0.046
Peru,1927,0.181,-0.046
Peru,1928,0.181,-0.046
Peru,1929,0.181,-0.046
Peru,1930,0.157,1.259
Peru,1931,0.122,1.593
Peru,1932,0.152,1.593
Peru,1933,0.132,0.978
Peru,1934,0.122,0.978
Peru,1935,0.122,0.978
Peru,1936,0.122,0.978
Peru,1937,0.122,0.978
Peru,1938,0.122,0.978
Peru,1939,0.146,0.978
Peru,1940,0.25,-0.358
Peru,1941,0.25,-0.358
Peru,1942,0.25,-0.358
Peru,1943,0.25,-0.358
Peru,1944,0.25,-0.358
Peru,1945,0.301,0.213
Peru,1946,0.297,0.213
Peru,1947,0.303,0.213
Peru,1948,0.174,0.211
Peru,1949,0.086,0.211
Peru,1950,0.119,0.211
Peru,1951,0.163,0.211
Peru,1952,0.163,0.211
Peru,1953,0.163,0.211
Peru,1954,0.163,0.211
Peru,1955,0.163,0.211
Peru,1956,0.265,0.211
Peru,1957,0.349,0.211
Peru,1958,0.349,0.211
Peru,1959,0.349,0.211
Peru,1960,0.35,0.211
Peru,1961,0.357,0.211
Peru,1962,0.278,0.211
Peru,1963,0.293,0.211
Peru,1964,0.411,0.211
Peru,1965,0.411,0.211
Peru,1966,0.411,0.766
Peru,1967,0.406,0.766
Peru,1968,0.267,0.227
Peru,1969,0.089,-0.32
Peru,1970,0.097,-0.32
Peru,1971,0.097,-0.32
Peru,1972,0.097,-0.32
Peru,1973,0.093,-0.32
Peru,1974,0.091,-0.32
Peru,1975,0.091,-0.32
Peru,1976,0.1,0.954
Peru,1977,0.1,0.954
Peru,1978,0.195,0.954
Peru,1979,0.18,0.954
Peru,1980,0.441,0.226
Peru,1981,0.667,0.226
Peru,1982,0.663,0.226
Peru,1983,0.663,0.226
Peru,1984,0.663,0.226
Peru,1985,0.654,0.226
Peru,1986,0.655,0.226
Peru,1987,0.655,0.226
Peru,1988,0.655,0.226
Peru,1989,0.655,0.226
Peru,1990,0.612,0.226
Peru,1991,0.59,0.226
Peru,1992,0.249,0.681
Peru,1993,0.252,0.681
Peru,1994,0.246,0.681
Peru,1995,0.285,0.681
Peru,1996,0.362,0.681
Peru,1997,0.362,0.681
Peru,1998,0.349,0.681
Peru,1999,0.349,0.681
Peru,2000,0.413,1.222
Peru,2001,0.723,-0.685
Peru,2002,0.792,-0.685
Peru,2003,0.792,-0.685
Peru,2004,0.792,-0.685
Peru,2005,0.792,-0.685
Peru,2006,0.792,-0.357
Peru,2007,0.796,-0.699
Peru,2008,0.801,-0.699
Peru,2009,0.8,-0.699
Peru,2010,0.804,-0.162
Peru,2011,0.812,-0.246
Peru,2012,0.827,-0.194
Peru,2013,0.821,-0.194
Peru,2014,0.822,-0.194
Peru,2015,0.817,-0.194
Peru,2016,0.788,0.78
Peru,2017,0.789,0.906
Peru,2018,0.81,0.987
Peru,2019,0.801,0.888
Peru,2020,0.818,0.984
Peru,2021,0.771,1.921
Peru,2022,0.733,2.519
Peru,2023,0.7,2.519
Peru,2024,0.642,2.519
Peru,2025,0.667,2.519
Senegal,1904,0.051,-2.091
Senegal,1905,0.053,-2.091
Senegal,1906,0.053,-2.091
Senegal,1907,0.053,-2.091
Senegal,1908,0.055,-2.091
Senegal,1909,0.053,-2.091
Senegal,1910,0.053,-2.091
Senegal,1911,0.053,-2.091
Senegal,1912,0.053,-2.091
Senegal,1913,0.053,-2.091
Senegal,1914,0.053,-2.091
Senegal,1915,0.053,-2.091
Senegal,1916,0.053,-2.091
Senegal,1917,0.053,-2.091
Senegal,1918,0.053,-2.091
Senegal,1919,0.053,-2.091
Senegal,1920,0.053,-1.731
Senegal,1921,0.048,-2.115
Senegal,1922,0.048,-2.115
Senegal,1923,0.048,-2.115
Senegal,1924,0.048,-2.115
Senegal,1925,0.048,-2.115
Senegal,1926,0.055,-1.737
Senegal,1927,0.055,-1.737
Senegal,1928,0.055,-2.128
Senegal,1929,0.055,-2.128
Senegal,1930,0.049,-2.128
Senegal,1931,0.049,-2.128
Senegal,1932,0.049,-2.128
Senegal,1933,0.049,-2.128
Senegal,1934,0.049,-2.128
Senegal,1935,0.049,-2.128
Senegal,1936,0.056,-1.745
Senegal,1937,0.056,-1.745
Senegal,1938,0.056,-2.101
Senegal,1939,0.056,-2.101
Senegal,1940,0.05,-1.646
Senegal,1941,0.05,-1.646
Senegal,1942,0.05,-1.646
Senegal,1943,0.05,-1.646
Senegal,1944,0.05,-1.646
Senegal,1945,0.102,-1.646
Senegal,1946,0.233,-1.646
Senegal,1947,0.233,-1.454
Senegal,1948,0.238,-1.834
Senegal,1949,0.238,-1.834
Senegal,1950,0.244,-1.834
Senegal,1951,0.244,-1.834
Senegal,1952,0.245,-1.834
Senegal,1953,0.238,-1.834
Senegal,1954,0.238,-1.834
Senegal,1955,0.238,-1.834
Senegal,1956,0.238,-1.834
Senegal,1957,0.246,-1.834
Senegal,1958,0.246,-1.834
Senegal,1959,0.243,-1.834
Senegal,1960,0.307,-1.112
Senegal,1961,0.393,-0.305
Senegal,1962,0.393,0.366
Senegal,1963,0.389,0.022
Senegal,1964,0.326,-0.333
Senegal,1965,0.326,-0.333
Senegal,1966,0.329,-0.333
Senegal,1967,0.329,-0.333
Senegal,1968,0.353,0.386
Senegal,1969,0.368,0.386
Senegal,1970,0.38,-0.46
Senegal,1971,0.38,-0.46
Senegal,1972,0.385,-0.46
Senegal,1973,0.369,-0.46
Senegal,1974,0.36,-0.46
Senegal,1975,0.36,-0.46
Senegal,1976,0.368,-0.46
Senegal,1977,0.368,-0.46
Senegal,1978,0.394,-0.46
Senegal,1979,0.398,-0.46
Senegal,1980,0.417,-0.46
Senegal,1981,0.451,-0.131
Senegal,1982,0.467,-0.131
Senegal,1983,0.489,-0.131
Senegal,1984,0.492,-0.131
Senegal,1985,0.492,-0.131
Senegal,1986,0.492,-0.131
Senegal,1987,0.492,-0.131
Senegal,1988,0.492,0.593
Senegal,1989,0.492,0.593
Senegal,1990,0.505,1.19
Senegal,1991,0.522,-0.399
Senegal,1992,0.53,-0.657
Senegal,1993,0.61,0.896
Senegal,1994,0.627,0.896
Senegal,1995,0.635,-0.647
Senegal,1996,0.638,-0.647
Senegal,1997,0.638,-0.647
Senegal,1998,0.641,0.151
Senegal,1999,0.642,0.151
Senegal,2000,0.679,-1.227
Senegal,2001,0.602,-1.227
Senegal,2002,0.685,-1.227
Senegal,2003,0.685,-1.227
Senegal,2004,0.685,-1.227
Senegal,2005,0.685,-1.227
Senegal,2006,0.685,-1.227
Senegal,2007,0.672,-1.141
Senegal,2008,0.674,-1.141
Senegal,2009,0.668,-1.215
Senegal,2010,0.684,-1.215
Senegal,2011,0.684,-1.078
Senegal,2012,0.696,-0.992
Senegal,2013,0.722,-1.104
Senegal,2014,0.726,-1.104
Senegal,2015,0.726,-1.104
Senegal,2016,0.726,-0.888
Senegal,2017,0.701,-0.888
Senegal,2018,0.688,-0.888
Senegal,2019,0.697,-0.888
Senegal,2020,0.728,-0.914
Senegal,2021,0.714,-0.121
Senegal,2022,0.686,-0.13
Senegal,2023,0.625,0.014
Senegal,2024,0.605,-0.143
Senegal,2025,0.633,-0.143
South Sudan,2011,0.194,0.569
South Sudan,2012,0.194,0.569
South Sudan,2013,0.169,0.569
South Sudan,2014,0.164,0.569
South Sudan,2015,0.166,0.569
South Sudan,2016,0.158,0.569
South Sudan,2017,0.157,0.569
South Sudan,2018,0.153,0.569
South Sudan,2019,0.16,0.569
South Sudan,2020,0.169,0.569
South Sudan,2021,0.137,1.166
South Sudan,2022,0.13,1.166
South Sudan,2023,0.167,2.219
South Sudan,2024,0.154,1.656
South Sudan,2025,0.133,2.228
Sudan,1900,0.054,-0.745
Sudan,1901,0.054,-0.745
Sudan,1902,0.054,-0.745
Sudan,1903,0.054,-0.745
Sudan,1904,0.054,-0.745
Sudan,1905,0.054,-0.745
Sudan,1906,0.054,-0.745
Sudan,1907,0.054,-0.745
Sudan,1908,0.054,-0.745
Sudan,1909,0.054,-0.745
Sudan,1910,0.054,-0.745
Sudan,1911,0.054,-0.745
Sudan,1912,0.054,-0.745
Sudan,1913,0.054,-0.745
Sudan,1914,0.054,-0.745
Sudan,1915,0.054,-0.745
Sudan,1916,0.054,-0.745
Sudan,1917,0.054,-0.745
Sudan,1918,0.054,-0.745
Sudan,1919,0.054,-0.745
Sudan,1920,0.055,-0.745
Sudan,1921,0.056,-0.745
Sudan,1922,0.056,-0.745
Sudan,1923,0.056,-0.745
Sudan,1924,0.056,-0.745
Sudan,1925,0.056,-0.745
Sudan,1926,0.056,-0.745
Sudan,1927,0.056,-0.745
Sudan,1928,0.056,-0.745
Sudan,1929,0.056,-0.745
Sudan,1930,0.057,-0.745
Sudan,1931,0.057,-0.745
Sudan,1932,0.057,-0.745
Sudan,1933,0.057,-0.745
Sudan,1934,0.057,-0.745
Sudan,1935,0.057,-0.745
Sudan,1936,0.057,-0.745
Sudan,1937,0.057,-0.745
Sudan,1938,0.057,-0.745
Sudan,1939,0.057,-0.745
Sudan,1940,0.057,-0.745
Sudan,1941,0.057,-0.745
Sudan,1942,0.057,-0.745
Sudan,1943,0.057,-0.745
Sudan,1944,0.058,-0.745
Sudan,1945,0.059,-0.745
Sudan,1946,0.059,-0.745
Sudan,1947,0.059,-0.745
Sudan,1948,0.061,-0.745
Sudan,1949,0.106,-0.745
Sudan,1950,0.107,-0.424
Sudan,1951,0.107,-0.424
Sudan,1952,0.107,-0.424
Sudan,1953,0.166,-0.424
Sudan,1954,0.228,-0.424
Sudan,1955,0.243,-0.424
Sudan,1956,0.288,-0.6
Sudan,1957,0.286,-0.428
Sudan,1958,0.259,-0.428
Sudan,1959,0.079,-0.428
Sudan,1960,0.072,-0.178
Sudan,1961,0.072,-0.178
Sudan,1962,0.072,-0.178
Sudan,1963,0.071,-0.178
Sudan,1964,0.105,-0.178
Sudan,1965,0.209,-0.178
Sudan,1966,0.206,-0.178
Sudan,1967,0.206,-0.178
Sudan,1968,0.228,-0.178
Sudan,1969,0.099,-0.178
Sudan,1970,0.1,-0.025
Sudan,1971,0.11,-0.025
Sudan,1972,0.145,-0.025
Sudan,1973,0.146,-0.025
Sudan,1974,0.152,-0.025
Sudan,1975,0.161,-0.025
Sudan,1976,0.161,-0.025
Sudan,1977,0.161,-0.025
Sudan,1978,0.177,-0.025
Sudan,1979,0.181,-0.025
Sudan,1980,0.172,-0.025
Sudan,1981,0.184,-0.025
Sudan,1982,0.163,-0.025
Sudan,1983,0.183,-0.025
Sudan,1984,0.197,-0.025
Sudan,1985,0.209,-0.025
Sudan,1986,0.331,-0.025
Sudan,1987,0.371,-0.025
Sudan,1988,0.371,-0.025
Sudan,1989,0.169,-0.025
Sudan,1990,0.086,0.57
Sudan,1991,0.086,0.57
Sudan,1992,0.088,0.57
Sudan,1993,0.088,0.57
Sudan,1994,0.088,0.57
Sudan,1995,0.088,0.57
Sudan,1996,0.136,0.57
Sudan,1997,0.151,0.57
Sudan,1998,0.151,0.57
Sudan,1999,0.149,0.57
Sudan,2000,0.131,0.905
Sudan,2001,0.172,0.905
Sudan,2002,0.173,0.905
Sudan,2003,0.173,0.905
Sudan,2004,0.179,0.905
Sudan,2005,0.198,0.905
Sudan,2006,0.199,0.905
Sudan,2007,0.198,0.905
Sudan,2008,0.201,0.905
Sudan,2009,0.202,0.905
Sudan,2010,0.213,0.905
Sudan,2011,0.212,0.905
Sudan,2012,0.211,0.905
Sudan,2013,0.212,0.905
Sudan,2014,0.212,0.905
Sudan,2015,0.22,0.905
Sudan,2016,0.219,0.905
Sudan,2017,0.226,0.905
Sudan,2018,0.227,0.905
Sudan,2019,0.193,0.808
Sudan,2020,0.167,0.701
Sudan,2021,0.163,0.544
Sudan,2022,0.158,0.544
Sudan,2023,0.139,0.817
Sudan,2024,0.137,0.981
Sudan,2025,0.13,0.987
Vietnam,1945,0.083,1.551
Vietnam,1946,0.204,1.551
Vietnam,1947,0.285,1.551
Vietnam,1948,0.261,1.551
Vietnam,1949,0.257,1.551
Vietnam,1950,0.254,1.281
Vietnam,1951,0.247,1.281
Vietnam,1952,0.245,1.281
Vietnam,1953,0.245,1.281
Vietnam,1954,0.241,1.281
Vietnam,1955,0.231,1.688
Vietnam,1956,0.228,1.688
Vietnam,1957,0.225,1.688
Vietnam,1958,0.223,1.688
Vietnam,1959,0.223,1.688
Vietnam,1960,0.219,1.688
Vietnam,1961,0.216,1.688
Vietnam,1962,0.216,1.688
Vietnam,1963,0.216,1.688
Vietnam,1964,0.217,1.688
Vietnam,1965,0.218,1.688
Vietnam,1966,0.218,1.688
Vietnam,1967,0.218,1.688
Vietnam,1968,0.218,1.688
Vietnam,1969,0.218,1.688
Vietnam,1970,0.218,1.688
Vietnam,1971,0.218,1.688
Vietnam,1972,0.217,1.688
Vietnam,1973,0.217,1.688
Vietnam,1974,0.217,1.688
Vietnam,1975,0.215,1.891
Vietnam,1976,0.212,1.12
Vietnam,1977,0.212,0.89
Vietnam,1978,0.149,0.89
Vietnam,1979,0.149,0.89
Vietnam,1980,0.149,0.665
Vietnam,1981,0.146,0.665
Vietnam,1982,0.144,0.665
Vietnam,1983,0.144,0.665
Vietnam,1984,0.144,0.665
Vietnam,1985,0.144,0.665
Vietnam,1986,0.154,0.665
Vietnam,1987,0.163,0.665
Vietnam,1988,0.165,0.665
Vietnam,1989,0.161,0.665
Vietnam,1990,0.154,0.234
Vietnam,1991,0.155,0.234
Vietnam,1992,0.153,0.145
Vietnam,1993,0.15,0.145
Vietnam,1994,0.15,0.145
Vietnam,1995,0.15,0.145
Vietnam,1996,0.153,0.145
Vietnam,1997,0.153,0.145
Vietnam,1998,0.153,0.145
Vietnam,1999,0.153,0.145
Vietnam,2000,0.152,0.181
Vietnam,2001,0.152,0.181
Vietnam,2002,0.148,0.181
Vietnam,2003,0.146,0.181
Vietnam,2004,0.147,0.181
Vietnam,2005,0.147,0.181
Vietnam,2006,0.148,0.181
Vietnam,2007,0.149,0.181
Vietnam,2008,0.149,0.181
Vietnam,2009,0.148,0.181
Vietnam,2010,0.149,0.181
Vietnam,2011,0.149,0.181
Vietnam,2012,0.149,0.181
Vietnam,2013,0.147,0.181
Vietnam,2014,0.147,0.181
Vietnam,2015,0.148,0.181
Vietnam,2016,0.15,0.181
Vietnam,2017,0.15,0.46
Vietnam,2018,0.161,0.46
Vietnam,2019,0.211,0.46
Vietnam,2020,0.211,0.46
Vietnam,2021,0.169,0.408
Vietnam,2022,0.152,0.332
Vietnam,2023,0.148,0.401
Vietnam,2024,0.159,0.485
Vietnam,2025,0.146,0.6
Republic of Vietnam,1802,0.039,NA
Republic of Vietnam,1803,0.039,NA
Republic of Vietnam,1804,0.039,NA
Republic of Vietnam,1805,0.039,NA
Republic of Vietnam,1806,0.039,NA
Republic of Vietnam,1807,0.039,NA
Republic of Vietnam,1808,0.039,NA
Republic of Vietnam,1809,0.039,NA
Republic of Vietnam,1810,0.04,NA
Republic of Vietnam,1811,0.04,NA
Republic of Vietnam,1812,0.04,NA
Republic of Vietnam,1813,0.04,NA
Republic of Vietnam,1814,0.04,NA
Republic of Vietnam,1815,0.04,NA
Republic of Vietnam,1816,0.04,NA
Republic of Vietnam,1817,0.04,NA
Republic of Vietnam,1818,0.04,NA
Republic of Vietnam,1819,0.04,NA
Republic of Vietnam,1820,0.038,NA
Republic of Vietnam,1821,0.038,NA
Republic of Vietnam,1822,0.038,NA
Republic of Vietnam,1823,0.038,NA
Republic of Vietnam,1824,0.038,NA
Republic of Vietnam,1825,0.038,NA
Republic of Vietnam,1826,0.038,NA
Republic of Vietnam,1827,0.038,NA
Republic of Vietnam,1828,0.038,NA
Republic of Vietnam,1829,0.038,NA
Republic of Vietnam,1830,0.037,NA
Republic of Vietnam,1831,0.037,NA
Republic of Vietnam,1832,0.037,NA
Republic of Vietnam,1833,0.037,NA
Republic of Vietnam,1834,0.037,NA
Republic of Vietnam,1835,0.037,NA
Republic of Vietnam,1836,0.037,NA
Republic of Vietnam,1837,0.037,NA
Republic of Vietnam,1838,0.037,NA
Republic of Vietnam,1839,0.037,NA
Republic of Vietnam,1840,0.037,NA
Republic of Vietnam,1841,0.037,NA
Republic of Vietnam,1842,0.037,NA
Republic of Vietnam,1843,0.037,NA
Republic of Vietnam,1844,0.037,NA
Republic of Vietnam,1845,0.037,NA
Republic of Vietnam,1846,0.037,NA
Republic of Vietnam,1847,0.037,NA
Republic of Vietnam,1848,0.037,NA
Republic of Vietnam,1849,0.037,NA
Republic of Vietnam,1850,0.037,NA
Republic of Vietnam,1851,0.037,NA
Republic of Vietnam,1852,0.037,NA
Republic of Vietnam,1853,0.037,NA
Republic of Vietnam,1854,0.037,NA
Republic of Vietnam,1855,0.037,NA
Republic of Vietnam,1856,0.037,NA
Republic of Vietnam,1857,0.037,NA
Republic of Vietnam,1858,0.037,NA
Republic of Vietnam,1859,0.037,NA
Republic of Vietnam,1860,0.037,NA
Republic of Vietnam,1861,0.037,NA
Republic of Vietnam,1862,0.037,NA
Republic of Vietnam,1863,0.037,NA
Republic of Vietnam,1864,0.037,NA
Republic of Vietnam,1865,0.037,NA
Republic of Vietnam,1866,0.037,NA
Republic of Vietnam,1867,0.037,NA
Republic of Vietnam,1868,0.037,NA
Republic of Vietnam,1869,0.037,NA
Republic of Vietnam,1870,0.037,NA
Republic of Vietnam,1871,0.037,NA
Republic of Vietnam,1872,0.037,NA
Republic of Vietnam,1873,0.037,NA
Republic of Vietnam,1874,0.037,NA
Republic of Vietnam,1875,0.037,NA
Republic of Vietnam,1876,0.037,NA
Republic of Vietnam,1877,0.037,NA
Republic of Vietnam,1878,0.037,NA
Republic of Vietnam,1879,0.037,NA
Republic of Vietnam,1880,0.037,NA
Republic of Vietnam,1881,0.037,NA
Republic of Vietnam,1882,0.037,NA
Republic of Vietnam,1883,0.037,NA
Republic of Vietnam,1884,0.037,NA
Republic of Vietnam,1885,0.037,NA
Republic of Vietnam,1886,0.049,NA
Republic of Vietnam,1887,0.049,NA
Republic of Vietnam,1888,NA,NA
Republic of Vietnam,1889,NA,NA
Republic of Vietnam,1890,NA,NA
Republic of Vietnam,1891,NA,NA
Republic of Vietnam,1892,NA,NA
Republic of Vietnam,1893,NA,NA
Republic of Vietnam,1894,NA,NA
Republic of Vietnam,1895,NA,NA
Republic of Vietnam,1896,NA,NA
Republic of Vietnam,1897,NA,NA
Republic of Vietnam,1898,NA,NA
Republic of Vietnam,1899,NA,NA
Republic of Vietnam,1900,NA,NA
Republic of Vietnam,1901,NA,NA
Republic of Vietnam,1902,0.069,NA
Republic of Vietnam,1903,0.069,NA
Republic of Vietnam,1904,0.069,NA
Republic of Vietnam,1905,0.069,NA
Republic of Vietnam,1906,0.071,NA
Republic of Vietnam,1907,0.071,NA
Republic of Vietnam,1908,0.075,NA
Republic of Vietnam,1909,0.077,NA
Republic of Vietnam,1910,0.077,NA
Republic of Vietnam,1911,0.077,NA
Republic of Vietnam,1912,0.079,NA
Republic of Vietnam,1913,0.079,NA
Republic of Vietnam,1914,0.095,NA
Republic of Vietnam,1915,0.095,NA
Republic of Vietnam,1916,0.095,NA
Republic of Vietnam,1917,0.095,NA
Republic of Vietnam,1918,0.095,NA
Republic of Vietnam,1919,0.095,NA
Republic of Vietnam,1920,0.097,NA
Republic of Vietnam,1921,0.097,NA
Republic of Vietnam,1922,0.098,NA
Republic of Vietnam,1923,0.098,NA
Republic of Vietnam,1924,0.098,NA
Republic of Vietnam,1925,0.098,NA
Republic of Vietnam,1926,0.098,NA
Republic of Vietnam,1927,0.098,NA
Republic of Vietnam,1928,0.098,NA
Republic of Vietnam,1929,0.098,NA
Republic of Vietnam,1930,0.098,NA
Republic of Vietnam,1931,0.098,NA
Republic of Vietnam,1932,0.098,NA
Republic of Vietnam,1933,0.098,NA
Republic of Vietnam,1934,0.098,NA
Republic of Vietnam,1935,0.098,NA
Republic of Vietnam,1936,0.098,NA
Republic of Vietnam,1937,0.098,NA
Republic of Vietnam,1938,0.098,NA
Republic of Vietnam,1939,0.098,NA
Republic of Vietnam,1940,0.098,NA
Republic of Vietnam,1941,0.098,NA
Republic of Vietnam,1942,0.098,NA
Republic of Vietnam,1943,0.095,NA
Republic of Vietnam,1944,0.095,NA
Republic of Vietnam,1945,0.098,NA
Republic of Vietnam,1946,0.099,NA
Republic of Vietnam,1947,0.161,NA
Republic of Vietnam,1948,0.161,NA
Republic of Vietnam,1949,0.166,NA
Republic of Vietnam,1950,0.161,NA
Republic of Vietnam,1951,0.161,NA
Republic of Vietnam,1952,0.161,NA
Republic of Vietnam,1953,0.161,NA
Republic of Vietnam,1954,0.159,NA
Republic of Vietnam,1955,0.175,NA
Republic of Vietnam,1956,0.289,NA
Republic of Vietnam,1957,0.297,NA
Republic of Vietnam,1958,0.297,NA
Republic of Vietnam,1959,0.297,NA
Republic of Vietnam,1960,0.294,NA
Republic of Vietnam,1961,0.295,NA
Republic of Vietnam,1962,0.295,NA
Republic of Vietnam,1963,0.277,NA
Republic of Vietnam,1964,0.162,NA
Republic of Vietnam,1965,0.155,NA
Republic of Vietnam,1966,0.173,NA
Republic of Vietnam,1967,0.199,NA
Republic of Vietnam,1968,0.316,NA
Republic of Vietnam,1969,0.316,NA
Republic of Vietnam,1970,0.316,NA
Republic of Vietnam,1971,0.316,NA
Republic of Vietnam,1972,0.316,NA
Republic of Vietnam,1973,0.316,NA
Republic of Vietnam,1974,0.316,NA
Republic of Vietnam,1975,0.315,NA
Afghanistan,1789,0.019,NA
Afghanistan,1790,0.019,NA
Afghanistan,1791,0.019,NA
Afghanistan,1792,0.019,NA
Afghanistan,1793,0.019,NA
Afghanistan,1794,0.019,NA
Afghanistan,1795,0.019,NA
Afghanistan,1796,0.019,NA
Afghanistan,1797,0.019,NA
Afghanistan,1798,0.019,NA
Afghanistan,1799,0.019,NA
Afghanistan,1800,0.019,NA
Afghanistan,1801,0.019,NA
Afghanistan,1802,0.019,NA
Afghanistan,1803,0.019,NA
Afghanistan,1804,0.019,NA
Afghanistan,1805,0.019,NA
Afghanistan,1806,0.019,NA
Afghanistan,1807,0.019,NA
Afghanistan,1808,0.019,NA
Afghanistan,1809,0.019,NA
Afghanistan,1810,0.019,NA
Afghanistan,1811,0.019,NA
Afghanistan,1812,0.019,NA
Afghanistan,1813,0.019,NA
Afghanistan,1814,0.019,NA
Afghanistan,1815,0.019,NA
Afghanistan,1816,0.019,NA
Afghanistan,1817,0.019,NA
Afghanistan,1818,0.019,NA
Afghanistan,1819,0.019,NA
Afghanistan,1820,0.019,NA
Afghanistan,1821,0.019,NA
Afghanistan,1822,0.019,NA
Afghanistan,1823,0.019,NA
Afghanistan,1824,0.019,NA
Afghanistan,1825,0.019,NA
Afghanistan,1826,0.019,NA
Afghanistan,1827,0.019,NA
Afghanistan,1828,0.019,NA
Afghanistan,1829,0.019,NA
Afghanistan,1830,0.019,NA
Afghanistan,1831,0.019,NA
Afghanistan,1832,0.019,NA
Afghanistan,1833,0.019,NA
Afghanistan,1834,0.019,NA
Afghanistan,1835,0.019,NA
Afghanistan,1836,0.019,NA
Afghanistan,1837,0.019,NA
Afghanistan,1838,0.019,NA
Afghanistan,1839,0.019,NA
Afghanistan,1840,0.019,NA
Afghanistan,1841,0.019,NA
Afghanistan,1842,0.019,NA
Afghanistan,1843,0.019,NA
Afghanistan,1844,0.019,NA
Afghanistan,1845,0.019,NA
Afghanistan,1846,0.019,NA
Afghanistan,1847,0.019,NA
Afghanistan,1848,0.019,NA
Afghanistan,1849,0.019,NA
Afghanistan,1850,0.019,NA
Afghanistan,1851,0.019,NA
Afghanistan,1852,0.019,NA
Afghanistan,1853,0.019,NA
Afghanistan,1854,0.019,NA
Afghanistan,1855,0.019,NA
Afghanistan,1856,0.019,NA
Afghanistan,1857,0.019,NA
Afghanistan,1858,0.019,NA
Afghanistan,1859,0.019,NA
Afghanistan,1860,0.019,NA
Afghanistan,1861,0.019,NA
Afghanistan,1862,0.019,NA
Afghanistan,1863,0.019,NA
Afghanistan,1864,0.019,NA
Afghanistan,1865,0.019,NA
Afghanistan,1866,0.019,NA
Afghanistan,1867,0.019,NA
Afghanistan,1868,0.019,NA
Afghanistan,1869,0.019,NA
Afghanistan,1870,0.019,NA
Afghanistan,1871,0.019,NA
Afghanistan,1872,0.019,NA
Afghanistan,1873,0.019,NA
Afghanistan,1874,0.019,NA
Afghanistan,1875,0.019,NA
Afghanistan,1876,0.019,NA
Afghanistan,1877,0.019,NA
Afghanistan,1878,0.019,NA
Afghanistan,1879,0.019,NA
Afghanistan,1880,0.019,NA
Afghanistan,1881,0.019,NA
Afghanistan,1882,0.019,NA
Afghanistan,1883,0.019,NA
Afghanistan,1884,0.019,NA
Afghanistan,1885,0.019,NA
Afghanistan,1886,0.019,NA
Afghanistan,1887,0.019,NA
Afghanistan,1888,0.019,NA
Afghanistan,1889,0.019,NA
Afghanistan,1890,0.019,NA
Afghanistan,1891,0.019,NA
Afghanistan,1892,0.019,NA
Afghanistan,1893,0.019,NA
Afghanistan,1894,0.019,NA
Afghanistan,1895,0.019,NA
Afghanistan,1896,0.019,NA
Afghanistan,1897,0.019,NA
Afghanistan,1898,0.019,NA
Afghanistan,1899,0.019,NA
Afghanistan,1900,0.018,NA
Afghanistan,1901,0.018,NA
Afghanistan,1902,0.021,NA
Afghanistan,1903,0.021,NA
Afghanistan,1904,0.021,NA
Afghanistan,1905,0.021,NA
Afghanistan,1906,0.021,NA
Afghanistan,1907,0.021,NA
Afghanistan,1908,0.021,NA
Afghanistan,1909,0.021,NA
Afghanistan,1910,0.023,NA
Afghanistan,1911,0.023,NA
Afghanistan,1912,0.023,NA
Afghanistan,1913,0.023,NA
Afghanistan,1914,0.023,NA
Afghanistan,1915,0.023,NA
Afghanistan,1916,0.023,NA
Afghanistan,1917,0.023,NA
Afghanistan,1918,0.023,NA
Afghanistan,1919,0.028,NA
Afghanistan,1920,0.035,NA
Afghanistan,1921,0.036,NA
Afghanistan,1922,0.036,NA
Afghanistan,1923,0.037,NA
Afghanistan,1924,0.112,NA
Afghanistan,1925,0.11,NA
Afghanistan,1926,0.11,NA
Afghanistan,1927,0.11,NA
Afghanistan,1928,0.11,NA
Afghanistan,1929,0.104,NA
Afghanistan,1930,0.102,NA
Afghanistan,1931,0.116,NA
Afghanistan,1932,0.085,NA
Afghanistan,1933,0.085,NA
Afghanistan,1934,0.087,NA
Afghanistan,1935,0.087,NA
Afghanistan,1936,0.087,NA
Afghanistan,1937,0.086,NA
Afghanistan,1938,0.087,NA
Afghanistan,1939,0.087,NA
Afghanistan,1940,0.088,NA
Afghanistan,1941,0.088,NA
Afghanistan,1942,0.088,NA
Afghanistan,1943,0.084,NA
Afghanistan,1944,0.084,NA
Afghanistan,1945,0.084,NA
Afghanistan,1946,0.089,NA
Afghanistan,1947,0.089,NA
Afghanistan,1948,0.089,NA
Afghanistan,1949,0.093,NA
Afghanistan,1950,0.099,NA
Afghanistan,1951,0.099,NA
Afghanistan,1952,0.088,NA
Afghanistan,1953,0.085,NA
Afghanistan,1954,0.079,NA
Afghanistan,1955,0.08,NA
Afghanistan,1956,0.081,NA
Afghanistan,1957,0.081,NA
Afghanistan,1958,0.081,NA
Afghanistan,1959,0.081,NA
Afghanistan,1960,0.082,NA
Afghanistan,1961,0.082,NA
Afghanistan,1962,0.082,NA
Afghanistan,1963,0.086,NA
Afghanistan,1964,0.138,NA
Afghanistan,1965,0.152,NA
Afghanistan,1966,0.163,NA
Afghanistan,1967,0.164,NA
Afghanistan,1968,0.164,NA
Afghanistan,1969,0.163,NA
Afghanistan,1970,0.162,NA
Afghanistan,1971,0.162,NA
Afghanistan,1972,0.157,NA
Afghanistan,1973,0.151,NA
Afghanistan,1974,0.104,NA
Afghanistan,1975,0.104,NA
Afghanistan,1976,0.104,NA
Afghanistan,1977,0.102,NA
Afghanistan,1978,0.087,NA
Afghanistan,1979,0.083,NA
Afghanistan,1980,0.084,NA
Afghanistan,1981,0.084,NA
Afghanistan,1982,0.084,NA
Afghanistan,1983,0.084,NA
Afghanistan,1984,0.084,NA
Afghanistan,1985,0.084,NA
Afghanistan,1986,0.084,NA
Afghanistan,1987,0.085,NA
Afghanistan,1988,0.091,NA
Afghanistan,1989,0.094,NA
Afghanistan,1990,0.094,NA
Afghanistan,1991,0.094,NA
Afghanistan,1992,0.095,2.779
Afghanistan,1993,0.093,2.779
Afghanistan,1994,0.093,2.779
Afghanistan,1995,0.093,2.779
Afghanistan,1996,0.076,2.779
Afghanistan,1997,0.073,2.779
Afghanistan,1998,0.073,2.779
Afghanistan,1999,0.073,2.779
Afghanistan,2000,0.073,2.208
Afghanistan,2001,0.083,0.02
Afghanistan,2002,0.218,0.02
Afghanistan,2003,0.224,0.02
Afghanistan,2004,0.235,0.02
Afghanistan,2005,0.311,0.02
Afghanistan,2006,0.364,0.02
Afghanistan,2007,0.364,0.02
Afghanistan,2008,0.368,0.02
Afghanistan,2009,0.361,0.02
Afghanistan,2010,0.347,0.02
Afghanistan,2011,0.346,0.02
Afghanistan,2012,0.35,0.02
Afghanistan,2013,0.345,0.12
Afghanistan,2014,0.35,0.12
Afghanistan,2015,0.348,0.12
Afghanistan,2016,0.34,0.12
Afghanistan,2017,0.334,0.12
Afghanistan,2018,0.33,0.12
Afghanistan,2019,0.329,0.12
Afghanistan,2020,0.336,0.12
Afghanistan,2021,0.144,1.463
Afghanistan,2022,0.076,2.485
Afghanistan,2023,0.073,2.485
Afghanistan,2024,0.08,2.485
Afghanistan,2025,0.069,2.32
Argentina,1789,0.082,NA
Argentina,1790,0.082,NA
Argentina,1791,0.082,NA
Argentina,1792,0.082,NA
Argentina,1793,0.082,NA
Argentina,1794,0.082,NA
Argentina,1795,0.082,NA
Argentina,1796,0.082,NA
Argentina,1797,0.082,NA
Argentina,1798,0.082,NA
Argentina,1799,0.082,NA
Argentina,1800,0.082,NA
Argentina,1801,0.082,NA
Argentina,1802,0.082,NA
Argentina,1803,0.082,NA
Argentina,1804,0.082,NA
Argentina,1805,0.082,NA
Argentina,1806,0.082,NA
Argentina,1807,0.082,NA
Argentina,1808,0.082,NA
Argentina,1809,0.082,NA
Argentina,1810,0.089,NA
Argentina,1811,0.101,NA
Argentina,1812,0.101,NA
Argentina,1813,0.101,NA
Argentina,1814,0.101,NA
Argentina,1815,0.101,NA
Argentina,1816,0.132,NA
Argentina,1817,0.132,NA
Argentina,1818,0.132,NA
Argentina,1819,0.132,NA
Argentina,1820,0.136,NA
Argentina,1821,0.136,NA
Argentina,1822,0.136,NA
Argentina,1823,0.136,NA
Argentina,1824,0.136,NA
Argentina,1825,0.136,NA
Argentina,1826,0.155,NA
Argentina,1827,0.147,NA
Argentina,1828,0.127,NA
Argentina,1829,0.125,NA
Argentina,1830,0.1,NA
Argentina,1831,0.1,NA
Argentina,1832,0.1,NA
Argentina,1833,0.1,NA
Argentina,1834,0.1,NA
Argentina,1835,0.1,NA
Argentina,1836,0.1,NA
Argentina,1837,0.1,NA
Argentina,1838,0.1,NA
Argentina,1839,0.1,NA
Argentina,1840,0.1,NA
Argentina,1841,0.1,NA
Argentina,1842,0.1,NA
Argentina,1843,0.1,NA
Argentina,1844,0.1,NA
Argentina,1845,0.1,NA
Argentina,1846,0.1,NA
Argentina,1847,0.1,NA
Argentina,1848,0.1,NA
Argentina,1849,0.1,NA
Argentina,1850,0.1,NA
Argentina,1851,0.1,NA
Argentina,1852,0.1,NA
Argentina,1853,0.16,NA
Argentina,1854,0.171,NA
Argentina,1855,0.239,NA
Argentina,1856,0.238,NA
Argentina,1857,0.26,NA
Argentina,1858,0.262,NA
Argentina,1859,0.26,NA
Argentina,1860,0.279,NA
Argentina,1861,0.293,NA
Argentina,1862,0.317,NA
Argentina,1863,0.33,NA
Argentina,1864,0.329,NA
Argentina,1865,0.329,NA
Argentina,1866,0.33,NA
Argentina,1867,0.33,NA
Argentina,1868,0.329,NA
Argentina,1869,0.329,NA
Argentina,1870,0.341,NA
Argentina,1871,0.341,NA
Argentina,1872,0.337,NA
Argentina,1873,0.337,NA
Argentina,1874,0.355,NA
Argentina,1875,0.355,NA
Argentina,1876,0.353,NA
Argentina,1877,0.353,NA
Argentina,1878,0.351,NA
Argentina,1879,0.351,NA
Argentina,1880,0.351,NA
Argentina,1881,0.351,NA
Argentina,1882,0.35,NA
Argentina,1883,0.35,NA
Argentina,1884,0.353,NA
Argentina,1885,0.353,NA
Argentina,1886,0.351,NA
Argentina,1887,0.351,NA
Argentina,1888,0.352,NA
Argentina,1889,0.352,NA
Argentina,1890,0.344,NA
Argentina,1891,0.344,NA
Argentina,1892,0.346,NA
Argentina,1893,0.346,NA
Argentina,1894,0.346,NA
Argentina,1895,0.346,NA
Argentina,1896,0.344,NA
Argentina,1897,0.344,NA
Argentina,1898,0.347,NA
Argentina,1899,0.347,NA
Argentina,1900,0.341,0.533
Argentina,1901,0.341,0.533
Argentina,1902,0.341,0.533
Argentina,1903,0.341,0.533
Argentina,1904,0.331,0.533
Argentina,1905,0.328,0.533
Argentina,1906,0.328,0.533
Argentina,1907,0.328,0.533
Argentina,1908,0.328,0.533
Argentina,1909,0.328,0.533
Argentina,1910,0.354,0.533
Argentina,1911,0.36,0.533
Argentina,1912,0.419,0.533
Argentina,1913,0.427,0.533
Argentina,1914,0.423,0.533
Argentina,1915,0.422,0.533
Argentina,1916,0.443,0.533
Argentina,1917,0.463,-0.126
Argentina,1918,0.472,-0.126
Argentina,1919,0.467,-0.126
Argentina,1920,0.475,0.527
Argentina,1921,0.476,0.527
Argentina,1922,0.481,0.527
Argentina,1923,0.487,-0.125
Argentina,1924,0.488,-0.125
Argentina,1925,0.488,-0.125
Argentina,1926,0.486,-0.125
Argentina,1927,0.486,-0.125
Argentina,1928,0.486,-0.125
Argentina,1929,0.486,0.544
Argentina,1930,0.284,0.544
Argentina,1931,0.118,1.287
Argentina,1932,0.245,1.287
Argentina,1933,0.29,1.287
Argentina,1934,0.28,1.287
Argentina,1935,0.28,1.287
Argentina,1936,0.28,1.287
Argentina,1937,0.282,1.287
Argentina,1938,0.284,1.287
Argentina,1939,0.285,1.287
Argentina,1940,0.297,1.287
Argentina,1941,0.298,1.287
Argentina,1942,0.3,1.287
Argentina,1943,0.169,1.287
Argentina,1944,0.105,1.643
Argentina,1945,0.089,1.643
Argentina,1946,0.317,0.965
Argentina,1947,0.341,0.965
Argentina,1948,0.385,0.965
Argentina,1949,0.372,0.965
Argentina,1950,0.348,0.965
Argentina,1951,0.339,0.965
Argentina,1952,0.334,0.965
Argentina,1953,0.331,2.146
Argentina,1954,0.327,2.146
Argentina,1955,0.286,2.146
Argentina,1956,0.15,2.146
Argentina,1957,0.185,2.146
Argentina,1958,0.383,2.146
Argentina,1959,0.486,2.146
Argentina,1960,0.492,2.146
Argentina,1961,0.494,2.146
Argentina,1962,0.274,2.146
Argentina,1963,0.31,2.146
Argentina,1964,0.528,2.146
Argentina,1965,0.527,2.146
Argentina,1966,0.228,2.146
Argentina,1967,0.102,2.146
Argentina,1968,0.106,2.146
Argentina,1969,0.108,2.146
Argentina,1970,0.109,2.146
Argentina,1971,0.12,2.146
Argentina,1972,0.13,2.146
Argentina,1973,0.456,2.146
Argentina,1974,0.557,2.146
Argentina,1975,0.509,2.146
Argentina,1976,0.133,2.146
Argentina,1977,0.071,2.146
Argentina,1978,0.071,2.146
Argentina,1979,0.071,2.146
Argentina,1980,0.071,2.146
Argentina,1981,0.071,2.146
Argentina,1982,0.074,2.146
Argentina,1983,0.267,2.031
Argentina,1984,0.83,-0.356
Argentina,1985,0.829,-0.356
Argentina,1986,0.825,-0.356
Argentina,1987,0.827,-0.356
Argentina,1988,0.831,-0.356
Argentina,1989,0.828,-0.356
Argentina,1990,0.826,-0.025
Argentina,1991,0.829,-0.025
Argentina,1992,0.829,-0.025
Argentina,1993,0.829,-0.025
Argentina,1994,0.834,-0.025
Argentina,1995,0.833,-0.025
Argentina,1996,0.83,-0.025
Argentina,1997,0.829,-0.025
Argentina,1998,0.828,-0.025
Argentina,1999,0.828,-0.025
Argentina,2000,0.833,-0.025
Argentina,2001,0.833,-0.025
Argentina,2002,0.826,-0.025
Argentina,2003,0.807,0.358
Argentina,2004,0.795,0.358
Argentina,2005,0.793,0.843
Argentina,2006,0.78,0.843
Argentina,2007,0.781,0.843
Argentina,2008,0.766,0.843
Argentina,2009,0.756,0.843
Argentina,2010,0.746,0.843
Argentina,2011,0.749,1.14
Argentina,2012,0.763,1.14
Argentina,2013,0.772,1.901
Argentina,2014,0.777,1.901
Argentina,2015,0.765,1.901
Argentina,2016,0.751,1.901
Argentina,2017,0.751,1.901
Argentina,2018,0.78,1.901
Argentina,2019,0.779,1.901
Argentina,2020,0.797,1.901
Argentina,2021,0.796,1.901
Argentina,2022,0.831,1.901
Argentina,2023,0.838,1.901
Argentina,2024,0.721,1.901
Argentina,2025,0.69,1.901
Ethiopia,1789,0.01,NA
Ethiopia,1790,0.01,NA
Ethiopia,1791,0.01,NA
Ethiopia,1792,0.01,NA
Ethiopia,1793,0.01,NA
Ethiopia,1794,0.01,NA
Ethiopia,1795,0.01,NA
Ethiopia,1796,0.01,NA
Ethiopia,1797,0.01,NA
Ethiopia,1798,0.01,NA
Ethiopia,1799,0.01,NA
Ethiopia,1800,0.01,NA
Ethiopia,1801,0.01,NA
Ethiopia,1802,0.01,NA
Ethiopia,1803,0.01,NA
Ethiopia,1804,0.01,NA
Ethiopia,1805,0.01,NA
Ethiopia,1806,0.01,NA
Ethiopia,1807,0.01,NA
Ethiopia,1808,0.01,NA
Ethiopia,1809,0.01,NA
Ethiopia,1810,0.01,NA
Ethiopia,1811,0.01,NA
Ethiopia,1812,0.01,NA
Ethiopia,1813,0.01,NA
Ethiopia,1814,0.01,NA
Ethiopia,1815,0.01,NA
Ethiopia,1816,0.01,NA
Ethiopia,1817,0.01,NA
Ethiopia,1818,0.01,NA
Ethiopia,1819,0.01,NA
Ethiopia,1820,0.01,NA
Ethiopia,1821,0.01,NA
Ethiopia,1822,0.01,NA
Ethiopia,1823,0.01,NA
Ethiopia,1824,0.01,NA
Ethiopia,1825,0.01,NA
Ethiopia,1826,0.01,NA
Ethiopia,1827,0.01,NA
Ethiopia,1828,0.01,NA
Ethiopia,1829,0.01,NA
Ethiopia,1830,0.01,NA
Ethiopia,1831,0.01,NA
Ethiopia,1832,0.01,NA
Ethiopia,1833,0.01,NA
Ethiopia,1834,0.01,NA
Ethiopia,1835,0.01,NA
Ethiopia,1836,0.01,NA
Ethiopia,1837,0.01,NA
Ethiopia,1838,0.01,NA
Ethiopia,1839,0.01,NA
Ethiopia,1840,0.01,NA
Ethiopia,1841,0.01,NA
Ethiopia,1842,0.01,NA
Ethiopia,1843,0.01,NA
Ethiopia,1844,0.01,NA
Ethiopia,1845,0.01,NA
Ethiopia,1846,0.01,NA
Ethiopia,1847,0.01,NA
Ethiopia,1848,0.01,NA
Ethiopia,1849,0.01,NA
Ethiopia,1850,0.01,NA
Ethiopia,1851,0.01,NA
Ethiopia,1852,0.01,NA
Ethiopia,1853,0.01,NA
Ethiopia,1854,0.01,NA
Ethiopia,1855,0.01,NA
Ethiopia,1856,0.01,NA
Ethiopia,1857,0.01,NA
Ethiopia,1858,0.01,NA
Ethiopia,1859,0.01,NA
Ethiopia,1860,0.01,NA
Ethiopia,1861,0.01,NA
Ethiopia,1862,0.01,NA
Ethiopia,1863,0.01,NA
Ethiopia,1864,0.01,NA
Ethiopia,1865,0.01,NA
Ethiopia,1866,0.01,NA
Ethiopia,1867,0.01,NA
Ethiopia,1868,0.01,NA
Ethiopia,1869,0.01,NA
Ethiopia,1870,0.01,NA
Ethiopia,1871,0.01,NA
Ethiopia,1872,0.01,NA
Ethiopia,1873,0.01,NA
Ethiopia,1874,0.01,NA
Ethiopia,1875,0.01,NA
Ethiopia,1876,0.01,NA
Ethiopia,1877,0.01,NA
Ethiopia,1878,0.01,NA
Ethiopia,1879,0.01,NA
Ethiopia,1880,0.01,NA
Ethiopia,1881,0.01,NA
Ethiopia,1882,0.01,NA
Ethiopia,1883,0.01,NA
Ethiopia,1884,0.01,NA
Ethiopia,1885,0.01,NA
Ethiopia,1886,0.01,NA
Ethiopia,1887,0.01,NA
Ethiopia,1888,0.01,NA
Ethiopia,1889,0.01,NA
Ethiopia,1890,0.01,NA
Ethiopia,1891,0.01,NA
Ethiopia,1892,0.01,NA
Ethiopia,1893,0.01,NA
Ethiopia,1894,0.01,NA
Ethiopia,1895,0.01,NA
Ethiopia,1896,0.01,NA
Ethiopia,1897,0.01,NA
Ethiopia,1898,0.01,NA
Ethiopia,1899,0.01,NA
Ethiopia,1900,0.011,-0.311
Ethiopia,1901,0.011,-0.311
Ethiopia,1902,0.011,-0.311
Ethiopia,1903,0.011,-0.311
Ethiopia,1904,0.011,-0.311
Ethiopia,1905,0.011,-0.311
Ethiopia,1906,0.011,-0.311
Ethiopia,1907,0.011,-0.311
Ethiopia,1908,0.011,-0.311
Ethiopia,1909,0.011,-0.311
Ethiopia,1910,0.011,-0.311
Ethiopia,1911,0.011,-0.311
Ethiopia,1912,0.011,-0.311
Ethiopia,1913,0.011,-0.311
Ethiopia,1914,0.011,-0.311
Ethiopia,1915,0.011,-0.311
Ethiopia,1916,0.011,-0.311
Ethiopia,1917,0.011,-0.311
Ethiopia,1918,0.011,-0.311
Ethiopia,1919,0.011,-0.311
Ethiopia,1920,0.011,-0.311
Ethiopia,1921,0.011,-0.311
Ethiopia,1922,0.011,-0.311
Ethiopia,1923,0.011,-0.311
Ethiopia,1924,0.011,-0.311
Ethiopia,1925,0.011,-0.311
Ethiopia,1926,0.011,-0.311
Ethiopia,1927,0.011,-0.311
Ethiopia,1928,0.011,-0.311
Ethiopia,1929,0.011,-0.311
Ethiopia,1930,0.011,-0.311
Ethiopia,1931,0.011,-0.311
Ethiopia,1932,0.011,-0.055
Ethiopia,1933,0.011,-0.055
Ethiopia,1934,0.011,-0.055
Ethiopia,1935,0.011,0.149
Ethiopia,1936,0.01,0.149
Ethiopia,1937,0.01,0.149
Ethiopia,1938,0.01,0.149
Ethiopia,1939,0.01,0.149
Ethiopia,1940,0.011,0.149
Ethiopia,1941,0.011,0.149
Ethiopia,1942,0.012,-0.056
Ethiopia,1943,0.012,-0.056
Ethiopia,1944,0.012,-0.056
Ethiopia,1945,0.014,-0.056
Ethiopia,1946,0.014,-0.056
Ethiopia,1947,0.014,-0.056
Ethiopia,1948,0.014,-0.056
Ethiopia,1949,0.014,-0.056
Ethiopia,1950,0.014,0.29
Ethiopia,1951,0.014,0.29
Ethiopia,1952,0.014,0.326
Ethiopia,1953,0.014,0.326
Ethiopia,1954,0.014,0.326
Ethiopia,1955,0.03,0.326
Ethiopia,1956,0.093,0.326
Ethiopia,1957,0.093,0.326
Ethiopia,1958,0.093,0.326
Ethiopia,1959,0.093,0.326
Ethiopia,1960,0.093,0.413
Ethiopia,1961,0.093,0.413
Ethiopia,1962,0.093,0.413
Ethiopia,1963,0.093,0.413
Ethiopia,1964,0.093,0.413
Ethiopia,1965,0.093,0.413
Ethiopia,1966,0.093,0.413
Ethiopia,1967,0.093,0.462
Ethiopia,1968,0.094,0.462
Ethiopia,1969,0.094,0.462
Ethiopia,1970,0.094,0.462
Ethiopia,1971,0.094,0.462
Ethiopia,1972,0.095,0.462
Ethiopia,1973,0.095,0.462
Ethiopia,1974,0.086,1.53
Ethiopia,1975,0.077,1.53
Ethiopia,1976,0.072,1.53
Ethiopia,1977,0.072,1.178
Ethiopia,1978,0.072,1.178
Ethiopia,1979,0.072,1.178
Ethiopia,1980,0.072,1.571
Ethiopia,1981,0.072,1.571
Ethiopia,1982,0.072,1.571
Ethiopia,1983,0.072,1.571
Ethiopia,1984,0.072,1.571
Ethiopia,1985,0.072,1.571
Ethiopia,1986,0.072,1.571
Ethiopia,1987,0.099,1.571
Ethiopia,1988,0.149,1.571
Ethiopia,1989,0.149,1.571
Ethiopia,1990,0.15,1.43
Ethiopia,1991,0.203,1.43
Ethiopia,1992,0.23,1.057
Ethiopia,1993,0.23,1.057
Ethiopia,1994,0.195,1.057
Ethiopia,1995,0.223,1.057
Ethiopia,1996,0.245,1.057
Ethiopia,1997,0.245,1.057
Ethiopia,1998,0.245,1.44
Ethiopia,1999,0.245,1.44
Ethiopia,2000,0.241,1.44
Ethiopia,2001,0.241,1.44
Ethiopia,2002,0.242,0.921
Ethiopia,2003,0.242,0.921
Ethiopia,2004,0.241,0.921
Ethiopia,2005,0.256,0.921
Ethiopia,2006,0.241,1.069
Ethiopia,2007,0.244,1.069
Ethiopia,2008,0.244,0.889
Ethiopia,2009,0.244,0.89
Ethiopia,2010,0.229,0.585
Ethiopia,2011,0.223,0.585
Ethiopia,2012,0.225,0.585
Ethiopia,2013,0.223,0.585
Ethiopia,2014,0.227,0.585
Ethiopia,2015,0.228,0.585
Ethiopia,2016,0.226,0.514
Ethiopia,2017,0.228,0.443
Ethiopia,2018,0.271,0.394
Ethiopia,2019,0.329,0.549
Ethiopia,2020,0.32,0.883
Ethiopia,2021,0.29,2.2
Ethiopia,2022,0.3,2.046
Ethiopia,2023,0.279,1.612
Ethiopia,2024,0.26,0.902
Ethiopia,2025,0.257,0.984
India,1789,0.053,NA
India,1790,0.053,NA
India,1791,0.053,NA
India,1792,0.053,NA
India,1793,0.053,NA
India,1794,0.053,NA
India,1795,0.053,NA
India,1796,0.053,NA
India,1797,0.053,NA
India,1798,0.053,NA
India,1799,0.053,NA
India,1800,0.053,NA
India,1801,0.053,NA
India,1802,0.053,NA
India,1803,0.053,NA
India,1804,0.053,NA
India,1805,0.053,NA
India,1806,0.053,NA
India,1807,0.053,NA
India,1808,0.053,NA
India,1809,0.053,NA
India,1810,0.053,NA
India,1811,0.053,NA
India,1812,0.053,NA
India,1813,0.053,NA
India,1814,0.053,NA
India,1815,0.053,NA
India,1816,0.053,NA
India,1817,0.053,NA
India,1818,0.053,NA
India,1819,0.053,NA
India,1820,0.053,NA
India,1821,0.053,NA
India,1822,0.053,NA
India,1823,0.053,NA
India,1824,0.053,NA
India,1825,0.053,NA
India,1826,0.053,NA
India,1827,0.053,NA
India,1828,0.053,NA
India,1829,0.053,NA
India,1830,0.053,NA
India,1831,0.053,NA
India,1832,0.053,NA
India,1833,0.053,NA
India,1834,0.053,NA
India,1835,0.053,NA
India,1836,0.053,NA
India,1837,0.053,NA
India,1838,0.058,NA
India,1839,0.058,NA
India,1840,0.058,NA
India,1841,0.058,NA
India,1842,0.058,NA
India,1843,0.058,NA
India,1844,0.058,NA
India,1845,0.058,NA
India,1846,0.058,NA
India,1847,0.058,NA
India,1848,0.058,NA
India,1849,0.058,NA
India,1850,0.058,NA
India,1851,0.058,NA
India,1852,0.058,NA
India,1853,0.058,NA
India,1854,0.058,NA
India,1855,0.058,NA
India,1856,0.058,NA
India,1857,0.058,NA
India,1858,0.054,NA
India,1859,0.054,NA
India,1860,0.054,NA
India,1861,0.054,NA
India,1862,0.054,NA
India,1863,0.054,NA
India,1864,0.054,NA
India,1865,0.054,NA
India,1866,0.054,NA
India,1867,0.054,NA
India,1868,0.054,NA
India,1869,0.054,NA
India,1870,0.054,NA
India,1871,0.054,NA
India,1872,0.054,NA
India,1873,0.054,NA
India,1874,0.054,NA
India,1875,0.054,NA
India,1876,0.057,NA
India,1877,0.056,NA
India,1878,0.05,NA
India,1879,0.05,NA
India,1880,0.05,NA
India,1881,0.062,NA
India,1882,0.064,NA
India,1883,0.074,NA
India,1884,0.074,NA
India,1885,0.074,NA
India,1886,0.074,NA
India,1887,0.074,NA
India,1888,0.074,NA
India,1889,0.074,NA
India,1890,0.074,NA
India,1891,0.074,NA
India,1892,0.074,NA
India,1893,0.074,NA
India,1894,0.074,NA
India,1895,0.074,NA
India,1896,0.074,NA
India,1897,0.074,NA
India,1898,0.074,NA
India,1899,0.074,NA
India,1900,0.076,-1.04
India,1901,0.076,-1.04
India,1902,0.076,-1.04
India,1903,0.076,-1.04
India,1904,0.076,-1.04
India,1905,0.074,-1.04
India,1906,0.075,-1.04
India,1907,0.075,-1.04
India,1908,0.075,-1.04
India,1909,0.075,-1.04
India,1910,0.076,-0.78
India,1911,0.076,-0.78
India,1912,0.076,-0.78
India,1913,0.076,-0.78
India,1914,0.076,-1.284
India,1915,0.076,-1.284
India,1916,0.076,-1.284
India,1917,0.076,-1.284
India,1918,0.076,-1.284
India,1919,0.076,-1.039
India,1920,0.087,-0.726
India,1921,0.139,-0.726
India,1922,0.139,-0.726
India,1923,0.14,-0.726
India,1924,0.144,-0.726
India,1925,0.144,-0.726
India,1926,0.143,-0.726
India,1927,0.138,-0.726
India,1928,0.138,-0.726
India,1929,0.138,-0.726
India,1930,0.137,-0.726
India,1931,0.139,-0.726
India,1932,0.139,-0.726
India,1933,0.139,-0.726
India,1934,0.141,-0.726
India,1935,0.177,-0.726
India,1936,0.176,-0.726
India,1937,0.18,-0.726
India,1938,0.18,-0.726
India,1939,0.18,-0.726
India,1940,0.179,1.221
India,1941,0.179,1.221
India,1942,0.179,1.221
India,1943,0.179,1.221
India,1944,0.179,1.221
India,1945,0.197,1.221
India,1946,0.21,2.137
India,1947,0.226,1.903
India,1948,0.185,-0.323
India,1949,0.187,-0.323
India,1950,0.272,-0.553
India,1951,0.312,-0.553
India,1952,0.596,-0.553
India,1953,0.661,-0.553
India,1954,0.661,-0.553
India,1955,0.661,-0.553
India,1956,0.661,-0.553
India,1957,0.668,-0.553
India,1958,0.67,-0.553
India,1959,0.67,-0.553
India,1960,0.67,-0.553
India,1961,0.67,-0.553
India,1962,0.655,-0.553
India,1963,0.653,-0.553
India,1964,0.65,-0.553
India,1965,0.644,-0.553
India,1966,0.645,-0.553
India,1967,0.66,-0.553
India,1968,0.665,-0.52
India,1969,0.665,-0.52
India,1970,0.664,-0.465
India,1971,0.618,0.099
India,1972,0.612,0.099
India,1973,0.612,0.099
India,1974,0.57,0.339
India,1975,0.39,0.781
India,1976,0.381,0.781
India,1977,0.494,0.781
India,1978,0.652,-0.125
India,1979,0.656,-0.125
India,1980,0.646,-0.178
India,1981,0.643,-0.178
India,1982,0.641,-0.178
India,1983,0.641,-0.178
India,1984,0.642,0.634
India,1985,0.658,0.351
India,1986,0.668,-0.051
India,1987,0.668,-0.051
India,1988,0.664,-0.462
India,1989,0.665,-0.413
India,1990,0.693,-0.184
India,1991,0.713,-0.184
India,1992,0.726,0.227
India,1993,0.731,0.227
India,1994,0.738,0.227
India,1995,0.738,0.227
India,1996,0.741,0.264
India,1997,0.742,0.264
India,1998,0.746,0.264
India,1999,0.737,0.264
India,2000,0.735,-0.224
India,2001,0.735,0.23
India,2002,0.739,0.018
India,2003,0.736,-0.207
India,2004,0.731,-0.207
India,2005,0.723,-0.421
India,2006,0.721,-0.421
India,2007,0.721,-0.421
India,2008,0.721,-0.421
India,2009,0.683,-0.421
India,2010,0.671,-0.247
India,2011,0.671,-0.247
India,2012,0.659,-0.142
India,2013,0.65,0.081
India,2014,0.617,1.525
India,2015,0.543,1.722
India,2016,0.524,1.895
India,2017,0.488,1.848
India,2018,0.482,1.873
India,2019,0.43,1.873
India,2020,0.39,1.507
India,2021,0.398,1.499
India,2022,0.384,1.511
India,2023,0.374,2.194
India,2024,0.381,2.083
India,2025,0.377,2.08
Kenya,1900,0.01,0.672
Kenya,1901,0.01,0.672
Kenya,1902,0.01,0.672
Kenya,1903,0.01,0.672
Kenya,1904,0.01,0.672
Kenya,1905,0.01,0.672
Kenya,1906,0.01,0.672
Kenya,1907,0.01,0.672
Kenya,1908,0.01,0.672
Kenya,1909,0.01,0.672
Kenya,1910,0.01,0.672
Kenya,1911,0.01,0.672
Kenya,1912,0.01,0.672
Kenya,1913,0.01,0.672
Kenya,1914,0.01,0.672
Kenya,1915,0.01,0.672
Kenya,1916,0.01,0.672
Kenya,1917,0.01,0.672
Kenya,1918,0.01,0.672
Kenya,1919,0.01,0.672
Kenya,1920,0.062,0.672
Kenya,1921,0.067,1.193
Kenya,1922,0.067,1.193
Kenya,1923,0.067,1.193
Kenya,1924,0.07,1.193
Kenya,1925,0.071,1.193
Kenya,1926,0.071,1.193
Kenya,1927,0.068,1.193
Kenya,1928,0.074,1.193
Kenya,1929,0.074,1.193
Kenya,1930,0.076,1.193
Kenya,1931,0.075,1.193
Kenya,1932,0.075,1.193
Kenya,1933,0.075,1.193
Kenya,1934,0.053,1.193
Kenya,1935,0.046,1.193
Kenya,1936,0.046,1.193
Kenya,1937,0.046,1.193
Kenya,1938,0.068,1.193
Kenya,1939,0.075,1.193
Kenya,1940,0.074,1.193
Kenya,1941,0.074,1.193
Kenya,1942,0.074,1.193
Kenya,1943,0.074,1.193
Kenya,1944,0.074,1.193
Kenya,1945,0.076,1.193
Kenya,1946,0.079,1.193
Kenya,1947,0.079,1.193
Kenya,1948,0.082,1.193
Kenya,1949,0.082,1.193
Kenya,1950,0.085,1.193
Kenya,1951,0.084,1.193
Kenya,1952,0.081,2.09
Kenya,1953,0.078,2.09
Kenya,1954,0.077,2.09
Kenya,1955,0.08,2.09
Kenya,1956,0.094,2.09
Kenya,1957,0.097,2.09
Kenya,1958,0.1,2.09
Kenya,1959,0.102,2.09
Kenya,1960,0.111,1.712
Kenya,1961,0.122,0.782
Kenya,1962,0.123,0.782
Kenya,1963,0.21,-0.787
Kenya,1964,0.238,-2.078
Kenya,1965,0.275,-2.078
Kenya,1966,0.247,-1.603
Kenya,1967,0.219,-1.603
Kenya,1968,0.217,-1.603
Kenya,1969,0.2,-1.603
Kenya,1970,0.196,-1.603
Kenya,1971,0.197,-1.603
Kenya,1972,0.196,-1.603
Kenya,1973,0.198,-1.603
Kenya,1974,0.202,-1.603
Kenya,1975,0.209,-1.603
Kenya,1976,0.21,-1.603
Kenya,1977,0.21,-1.603
Kenya,1978,0.21,-1.603
Kenya,1979,0.211,-1.603
Kenya,1980,0.207,-1.603
Kenya,1981,0.205,-1.603
Kenya,1982,0.197,-1.603
Kenya,1983,0.193,-1.603
Kenya,1984,0.181,-1.603
Kenya,1985,0.181,-1.603
Kenya,1986,0.183,-1.603
Kenya,1987,0.183,-1.603
Kenya,1988,0.177,-1.603
Kenya,1989,0.175,-1.603
Kenya,1990,0.189,-0.885
Kenya,1991,0.203,-0.694
Kenya,1992,0.291,-0.308
Kenya,1993,0.329,-0.308
Kenya,1994,0.334,0.232
Kenya,1995,0.337,0.232
Kenya,1996,0.337,0.232
Kenya,1997,0.336,0.232
Kenya,1998,0.363,0.232
Kenya,1999,0.363,0.232
Kenya,2000,0.374,0.063
Kenya,2001,0.376,0.063
Kenya,2002,0.419,0.063
Kenya,2003,0.51,0.634
Kenya,2004,0.51,0.142
Kenya,2005,0.51,0.142
Kenya,2006,0.51,0.511
Kenya,2007,0.511,0.276
Kenya,2008,0.415,0.675
Kenya,2009,0.416,0.384
Kenya,2010,0.427,-0.828
Kenya,2011,0.428,-0.36
Kenya,2012,0.425,0.374
Kenya,2013,0.524,1.185
Kenya,2014,0.539,0.157
Kenya,2015,0.539,-0.06
Kenya,2016,0.534,0.324
Kenya,2017,0.512,1.197
Kenya,2018,0.496,-0.056
Kenya,2019,0.501,-0.45
Kenya,2020,0.503,-0.223
Kenya,2021,0.507,0.364
Kenya,2022,0.55,0.6
Kenya,2023,0.57,-0.629
Kenya,2024,0.557,0.397
Kenya,2025,0.563,0.669
North Korea,1945,0.02,-0.9
North Korea,1946,0.016,-0.9
North Korea,1947,0.016,-0.9
North Korea,1948,0.02,-0.9
North Korea,1949,0.098,-1.115
North Korea,1950,0.096,-1.115
North Korea,1951,0.096,-1.115
North Korea,1952,0.096,-1.115
North Korea,1953,0.096,-1.115
North Korea,1954,0.096,-1.115
North Korea,1955,0.096,-1.115
North Korea,1956,0.096,-1.115
North Korea,1957,0.094,-1.186
North Korea,1958,0.092,-1.186
North Korea,1959,0.092,-1.186
North Korea,1960,0.092,-1.666
North Korea,1961,0.092,-1.666
North Korea,1962,0.091,-1.666
North Korea,1963,0.089,-1.666
North Korea,1964,0.089,-1.666
North Korea,1965,0.089,-1.666
North Korea,1966,0.089,-1.666
North Korea,1967,0.089,-1.666
North Korea,1968,0.088,-1.666
North Korea,1969,0.088,-1.666
North Korea,1970,0.088,-1.036
North Korea,1971,0.088,-1.036
North Korea,1972,0.086,-1.036
North Korea,1973,0.087,-1.036
North Korea,1974,0.087,-1.036
North Korea,1975,0.087,-1.036
North Korea,1976,0.087,-1.036
North Korea,1977,0.086,-1.036
North Korea,1978,0.086,-1.036
North Korea,1979,0.086,-1.036
North Korea,1980,0.086,-1.036
North Korea,1981,0.086,-1.036
North Korea,1982,0.086,-1.036
North Korea,1983,0.087,-1.036
North Korea,1984,0.087,-1.036
North Korea,1985,0.087,-1.036
North Korea,1986,0.086,-1.036
North Korea,1987,0.084,-1.036
North Korea,1988,0.084,-1.036
North Korea,1989,0.084,-1.036
North Korea,1990,0.086,-1.036
North Korea,1991,0.087,-1.036
North Korea,1992,0.084,-1.036
North Korea,1993,0.084,-1.036
North Korea,1994,0.084,-1.036
North Korea,1995,0.084,-1.036
North Korea,1996,0.084,-1.036
North Korea,1997,0.084,-1.036
North Korea,1998,0.084,-1.036
North Korea,1999,0.083,-1.036
North Korea,2000,0.083,-1.036
North Korea,2001,0.083,-1.036
North Korea,2002,0.083,-1.036
North Korea,2003,0.083,-1.036
North Korea,2004,0.085,-1.036
North Korea,2005,0.085,-1.036
North Korea,2006,0.085,-1.036
North Korea,2007,0.085,-1.036
North Korea,2008,0.085,-1.036
North Korea,2009,0.085,-1.036
North Korea,2010,0.086,-1.036
North Korea,2011,0.086,-1.036
North Korea,2012,0.086,-1.036
North Korea,2013,0.086,-1.036
North Korea,2014,0.085,-1.036
North Korea,2015,0.085,-1.036
North Korea,2016,0.085,-1.036
North Korea,2017,0.085,-1.036
North Korea,2018,0.085,-1.036
North Korea,2019,0.083,-1.036
North Korea,2020,0.083,-1.036
North Korea,2021,0.083,-1.036
North Korea,2022,0.083,-1.036
North Korea,2023,0.083,-1.036
North Korea,2024,0.084,-1.036
North Korea,2025,0.083,-1.036
South Korea,1789,0.015,NA
South Korea,1790,0.015,NA
South Korea,1791,0.015,NA
South Korea,1792,0.015,NA
South Korea,1793,0.015,NA
South Korea,1794,0.015,NA
South Korea,1795,0.015,NA
South Korea,1796,0.015,NA
South Korea,1797,0.015,NA
South Korea,1798,0.015,NA
South Korea,1799,0.015,NA
South Korea,1800,0.015,NA
South Korea,1801,0.015,NA
South Korea,1802,0.015,NA
South Korea,1803,0.015,NA
South Korea,1804,0.015,NA
South Korea,1805,0.015,NA
South Korea,1806,0.015,NA
South Korea,1807,0.015,NA
South Korea,1808,0.015,NA
South Korea,1809,0.015,NA
South Korea,1810,0.015,NA
South Korea,1811,0.015,NA
South Korea,1812,0.015,NA
South Korea,1813,0.015,NA
South Korea,1814,0.015,NA
South Korea,1815,0.015,NA
South Korea,1816,0.015,NA
South Korea,1817,0.015,NA
South Korea,1818,0.015,NA
South Korea,1819,0.015,NA
South Korea,1820,0.015,NA
South Korea,1821,0.015,NA
South Korea,1822,0.015,NA
South Korea,1823,0.015,NA
South Korea,1824,0.015,NA
South Korea,1825,0.015,NA
South Korea,1826,0.015,NA
South Korea,1827,0.015,NA
South Korea,1828,0.015,NA
South Korea,1829,0.015,NA
South Korea,1830,0.015,NA
South Korea,1831,0.015,NA
South Korea,1832,0.015,NA
South Korea,1833,0.015,NA
South Korea,1834,0.015,NA
South Korea,1835,0.015,NA
South Korea,1836,0.015,NA
South Korea,1837,0.015,NA
South Korea,1838,0.015,NA
South Korea,1839,0.015,NA
South Korea,1840,0.015,NA
South Korea,1841,0.015,NA
South Korea,1842,0.015,NA
South Korea,1843,0.015,NA
South Korea,1844,0.015,NA
South Korea,1845,0.015,NA
South Korea,1846,0.015,NA
South Korea,1847,0.015,NA
South Korea,1848,0.015,NA
South Korea,1849,0.015,NA
South Korea,1850,0.015,NA
South Korea,1851,0.015,NA
South Korea,1852,0.015,NA
South Korea,1853,0.015,NA
South Korea,1854,0.015,NA
South Korea,1855,0.015,NA
South Korea,1856,0.015,NA
South Korea,1857,0.015,NA
South Korea,1858,0.015,NA
South Korea,1859,0.015,NA
South Korea,1860,0.015,NA
South Korea,1861,0.015,NA
South Korea,1862,0.015,NA
South Korea,1863,0.015,NA
South Korea,1864,0.015,NA
South Korea,1865,0.015,NA
South Korea,1866,0.015,NA
South Korea,1867,0.015,NA
South Korea,1868,0.015,NA
South Korea,1869,0.015,NA
South Korea,1870,0.015,NA
South Korea,1871,0.015,NA
South Korea,1872,0.015,NA
South Korea,1873,0.015,NA
South Korea,1874,0.015,NA
South Korea,1875,0.015,NA
South Korea,1876,0.015,NA
South Korea,1877,0.015,NA
South Korea,1878,0.015,NA
South Korea,1879,0.015,NA
South Korea,1880,0.015,NA
South Korea,1881,0.017,NA
South Korea,1882,0.017,NA
South Korea,1883,0.017,NA
South Korea,1884,0.017,NA
South Korea,1885,0.017,NA
South Korea,1886,0.017,NA
South Korea,1887,0.017,NA
South Korea,1888,0.017,NA
South Korea,1889,0.017,NA
South Korea,1890,0.017,NA
South Korea,1891,0.017,NA
South Korea,1892,0.017,NA
South Korea,1893,0.017,NA
South Korea,1894,0.017,NA
South Korea,1895,0.018,NA
South Korea,1896,0.05,NA
South Korea,1897,0.036,NA
South Korea,1898,0.033,NA
South Korea,1899,0.027,NA
South Korea,1900,0.027,1.499
South Korea,1901,0.027,1.499
South Korea,1902,0.027,1.499
South Korea,1903,0.027,1.499
South Korea,1904,0.02,1.822
South Korea,1905,0.018,1.672
South Korea,1906,0.017,1.672
South Korea,1907,0.017,1.672
South Korea,1908,0.017,1.672
South Korea,1909,0.017,1.672
South Korea,1910,0.013,1.672
South Korea,1911,0.012,1.672
South Korea,1912,0.012,1.672
South Korea,1913,0.012,1.672
South Korea,1914,0.012,1.672
South Korea,1915,0.012,1.672
South Korea,1916,0.012,1.672
South Korea,1917,0.012,1.672
South Korea,1918,0.012,1.672
South Korea,1919,0.014,1.672
South Korea,1920,0.014,1.672
South Korea,1921,0.014,1.672
South Korea,1922,0.014,1.672
South Korea,1923,0.014,1.672
South Korea,1924,0.014,1.672
South Korea,1925,0.014,1.672
South Korea,1926,0.014,1.672
South Korea,1927,0.014,1.672
South Korea,1928,0.014,1.672
South Korea,1929,0.014,1.672
South Korea,1930,0.014,1.672
South Korea,1931,0.014,1.672
South Korea,1932,0.014,1.672
South Korea,1933,0.014,1.672
South Korea,1934,0.014,1.672
South Korea,1935,0.014,1.672
South Korea,1936,0.014,1.672
South Korea,1937,0.014,1.672
South Korea,1938,0.014,1.672
South Korea,1939,0.014,1.672
South Korea,1940,0.014,1.672
South Korea,1941,0.013,1.672
South Korea,1942,0.013,1.672
South Korea,1943,0.013,1.672
South Korea,1944,0.013,1.672
South Korea,1945,0.076,1.811
South Korea,1946,0.088,1.649
South Korea,1947,0.081,1.649
South Korea,1948,0.137,1.649
South Korea,1949,0.26,1.201
South Korea,1950,0.253,1.923
South Korea,1951,0.252,1.923
South Korea,1952,0.252,1.923
South Korea,1953,0.253,1.562
South Korea,1954,0.261,0.772
South Korea,1955,0.261,0.736
South Korea,1956,0.257,0.736
South Korea,1957,0.257,0.736
South Korea,1958,0.261,0.736
South Korea,1959,0.261,0.736
South Korea,1960,0.331,0.736
South Korea,1961,0.216,0.527
South Korea,1962,0.163,0.527
South Korea,1963,0.175,0.527
South Korea,1964,0.273,0.527
South Korea,1965,0.273,0.527
South Korea,1966,0.273,0.527
South Korea,1967,0.276,0.527
South Korea,1968,0.278,0.527
South Korea,1969,0.278,0.527
South Korea,1970,0.276,0.527
South Korea,1971,0.274,0.527
South Korea,1972,0.231,0.527
South Korea,1973,0.208,0.527
South Korea,1974,0.211,0.527
South Korea,1975,0.211,0.527
South Korea,1976,0.209,0.527
South Korea,1977,0.209,0.527
South Korea,1978,0.209,0.527
South Korea,1979,0.208,0.527
South Korea,1980,0.199,0.776
South Korea,1981,0.21,0.776
South Korea,1982,0.22,0.776
South Korea,1983,0.228,0.776
South Korea,1984,0.245,0.776
South Korea,1985,0.303,0.776
South Korea,1986,0.312,0.776
South Korea,1987,0.38,0.646
South Korea,1988,0.616,0.29
South Korea,1989,0.646,-0.033
South Korea,1990,0.647,-0.043
South Korea,1991,0.647,-0.043
South Korea,1992,0.651,-0.043
South Korea,1993,0.724,-0.043
South Korea,1994,0.731,-0.043
South Korea,1995,0.731,-0.043
South Korea,1996,0.736,-0.043
South Korea,1997,0.743,-0.043
South Korea,1998,0.804,-0.043
South Korea,1999,0.811,-0.043
South Korea,2000,0.829,-0.043
South Korea,2001,0.833,-0.043
South Korea,2002,0.833,-0.043
South Korea,2003,0.835,0.071
South Korea,2004,0.834,0.071
South Korea,2005,0.834,0.071
South Korea,2006,0.834,0.071
South Korea,2007,0.834,0.071
South Korea,2008,0.759,0.071
South Korea,2009,0.759,0.071
South Korea,2010,0.762,0.071
South Korea,2011,0.762,0.071
South Korea,2012,0.753,0.071
South Korea,2013,0.716,0.071
South Korea,2014,0.705,0.178
South Korea,2015,0.705,0.178
South Korea,2016,0.718,0.637
South Korea,2017,0.852,0.637
South Korea,2018,0.857,0.637
South Korea,2019,0.842,0.637
South Korea,2020,0.85,0.637
South Korea,2021,0.852,0.637
South Korea,2022,0.802,0.829
South Korea,2023,0.722,0.855
South Korea,2024,0.724,1.438
South Korea,2025,0.819,1.438
Kosovo,1999,0.219,1.654
Kosovo,2000,0.238,1.402
Kosovo,2001,0.25,1.402
Kosovo,2002,0.493,1.402
Kosovo,2003,0.532,1.402
Kosovo,2004,0.527,1.402
Kosovo,2005,0.512,0.644
Kosovo,2006,0.512,0.644
Kosovo,2007,0.519,0.644
Kosovo,2008,0.512,0.644
Kosovo,2009,0.514,0.644
Kosovo,2010,0.533,0.653
Kosovo,2011,0.504,0.653
Kosovo,2012,0.507,0.653
Kosovo,2013,0.519,0.653
Kosovo,2014,0.593,0.653
Kosovo,2015,0.651,0.653
Kosovo,2016,0.653,0.653
Kosovo,2017,0.574,0.653
Kosovo,2018,0.662,0.653
Kosovo,2019,0.677,0.653
Kosovo,2020,0.67,0.466
Kosovo,2021,0.674,0.466
Kosovo,2022,0.676,0.466
Kosovo,2023,0.676,0.466
Kosovo,2024,0.648,1.226
Kosovo,2025,0.631,0.865
Lebanon,1918,NA,0.457
Lebanon,1919,0.12,0.457
Lebanon,1920,0.127,0.457
Lebanon,1921,0.127,0.457
Lebanon,1922,0.129,0.457
Lebanon,1923,0.16,0.457
Lebanon,1924,0.159,0.457
Lebanon,1925,0.158,0.457
Lebanon,1926,0.174,0.457
Lebanon,1927,0.188,0.457
Lebanon,1928,0.18,0.457
Lebanon,1929,0.18,0.457
Lebanon,1930,0.18,0.457
Lebanon,1931,0.18,0.457
Lebanon,1932,0.178,0.457
Lebanon,1933,0.18,0.457
Lebanon,1934,0.221,0.457
Lebanon,1935,0.221,0.457
Lebanon,1936,0.221,0.457
Lebanon,1937,0.221,0.457
Lebanon,1938,0.221,0.457
Lebanon,1939,0.221,0.457
Lebanon,1940,0.219,0.457
Lebanon,1941,0.219,0.457
Lebanon,1942,0.222,0.457
Lebanon,1943,0.266,0.457
Lebanon,1944,0.322,0.457
Lebanon,1945,0.322,0.457
Lebanon,1946,0.322,0.457
Lebanon,1947,0.319,0.457
Lebanon,1948,0.318,0.457
Lebanon,1949,0.318,0.457
Lebanon,1950,0.318,0.391
Lebanon,1951,0.309,0.391
Lebanon,1952,0.305,0.391
Lebanon,1953,0.371,0.391
Lebanon,1954,0.383,0.391
Lebanon,1955,0.385,0.391
Lebanon,1956,0.385,0.391
Lebanon,1957,0.36,0.669
Lebanon,1958,0.342,1.03
Lebanon,1959,0.342,1.03
Lebanon,1960,0.373,1.03
Lebanon,1961,0.395,0.666
Lebanon,1962,0.394,0.666
Lebanon,1963,0.394,0.666
Lebanon,1964,0.389,0.666
Lebanon,1965,0.387,0.666
Lebanon,1966,0.387,0.666
Lebanon,1967,0.387,0.666
Lebanon,1968,0.386,0.666
Lebanon,1969,0.386,0.666
Lebanon,1970,0.395,0.841
Lebanon,1971,0.395,0.841
Lebanon,1972,0.376,1.02
Lebanon,1973,0.369,1.02
Lebanon,1974,0.369,1.02
Lebanon,1975,0.358,1.218
Lebanon,1976,0.348,1.534
Lebanon,1977,0.348,1.534
Lebanon,1978,0.348,1.534
Lebanon,1979,0.348,2.012
Lebanon,1980,0.348,2.012
Lebanon,1981,0.348,2.012
Lebanon,1982,0.348,2.012
Lebanon,1983,0.348,2.012
Lebanon,1984,0.348,2.012
Lebanon,1985,0.348,2.012
Lebanon,1986,0.348,2.012
Lebanon,1987,0.348,2.012
Lebanon,1988,0.334,2.012
Lebanon,1989,0.304,2.012
Lebanon,1990,0.342,1.559
Lebanon,1991,0.336,1.013
Lebanon,1992,0.336,0.949
Lebanon,1993,0.317,0.867
Lebanon,1994,0.312,0.867
Lebanon,1995,0.312,0.867
Lebanon,1996,0.312,0.867
Lebanon,1997,0.312,0.867
Lebanon,1998,0.312,0.867
Lebanon,1999,0.312,0.867
Lebanon,2000,0.323,0.867
Lebanon,2001,0.354,0.867
Lebanon,2002,0.351,0.867
Lebanon,2003,0.351,0.867
Lebanon,2004,0.355,0.867
Lebanon,2005,0.402,1.524
Lebanon,2006,0.441,1.85
Lebanon,2007,0.442,1.755
Lebanon,2008,0.443,1.755
Lebanon,2009,0.467,1.165
Lebanon,2010,0.466,1.108
Lebanon,2011,0.479,1.001
Lebanon,2012,0.477,1.001
Lebanon,2013,0.486,0.818
Lebanon,2014,0.486,0.818
Lebanon,2015,0.48,0.818
Lebanon,2016,0.479,0.818
Lebanon,2017,0.47,0.818
Lebanon,2018,0.44,0.929
Lebanon,2019,0.429,0.929
Lebanon,2020,0.436,1.176
Lebanon,2021,0.433,1.176
Lebanon,2022,0.405,0.984
Lebanon,2023,0.361,1.2
Lebanon,2024,0.347,1.2
Lebanon,2025,0.419,1.588
Nigeria,1914,0.114,-1.81
Nigeria,1915,0.114,-1.81
Nigeria,1916,0.114,-1.81
Nigeria,1917,0.114,-1.81
Nigeria,1918,0.114,-1.81
Nigeria,1919,0.113,-1.81
Nigeria,1920,0.109,-1.81
Nigeria,1921,0.109,-1.81
Nigeria,1922,0.133,-1.81
Nigeria,1923,0.14,-1.81
Nigeria,1924,0.14,-1.81
Nigeria,1925,0.14,-1.81
Nigeria,1926,0.14,-1.81
Nigeria,1927,0.14,-1.81
Nigeria,1928,0.14,-1.81
Nigeria,1929,0.14,-1.81
Nigeria,1930,0.14,-1.542
Nigeria,1931,0.14,-1.542
Nigeria,1932,0.14,-1.542
Nigeria,1933,0.14,-1.542
Nigeria,1934,0.141,-1.542
Nigeria,1935,0.141,-1.542
Nigeria,1936,0.141,-1.542
Nigeria,1937,0.141,-1.542
Nigeria,1938,0.141,-1.542
Nigeria,1939,0.141,-1.542
Nigeria,1940,0.141,-1.542
Nigeria,1941,0.141,-1.542
Nigeria,1942,0.141,-1.542
Nigeria,1943,0.141,-1.542
Nigeria,1944,0.141,-1.542
Nigeria,1945,0.138,-1.542
Nigeria,1946,0.142,-1.542
Nigeria,1947,0.144,-1.542
Nigeria,1948,0.144,-1.542
Nigeria,1949,0.144,-1.542
Nigeria,1950,0.144,-0.992
Nigeria,1951,0.144,-0.992
Nigeria,1952,0.149,-0.992
Nigeria,1953,0.18,-0.992
Nigeria,1954,0.184,-0.992
Nigeria,1955,0.18,-0.992
Nigeria,1956,0.18,-0.992
Nigeria,1957,0.19,-0.992
Nigeria,1958,0.211,-0.992
Nigeria,1959,0.181,-0.992
Nigeria,1960,0.25,-0.774
Nigeria,1961,0.249,-0.589
Nigeria,1962,0.249,-0.589
Nigeria,1963,0.249,-0.571
Nigeria,1964,0.249,-0.54
Nigeria,1965,0.233,-0.54
Nigeria,1966,0.213,-0.54
Nigeria,1967,0.181,-0.54
Nigeria,1968,0.181,-0.54
Nigeria,1969,0.181,-0.54
Nigeria,1970,0.181,-0.58
Nigeria,1971,0.181,-1.112
Nigeria,1972,0.181,-1.112
Nigeria,1973,0.179,-1.112
Nigeria,1974,0.179,-1.112
Nigeria,1975,0.18,-1.112
Nigeria,1976,0.181,-1.112
Nigeria,1977,0.191,-1.112
Nigeria,1978,0.2,-1.112
Nigeria,1979,0.262,-1.05
Nigeria,1980,0.376,-1.189
Nigeria,1981,0.376,-1.189
Nigeria,1982,0.376,-1.189
Nigeria,1983,0.311,-0.734
Nigeria,1984,0.187,-1.01
Nigeria,1985,0.189,-1.01
Nigeria,1986,0.193,-1.01
Nigeria,1987,0.193,-1.01
Nigeria,1988,0.193,-1.01
Nigeria,1989,0.199,-1.01
Nigeria,1990,0.203,-1.01
Nigeria,1991,0.204,-1.01
Nigeria,1992,0.223,-1.01
Nigeria,1993,0.229,-0.963
Nigeria,1994,0.197,-0.693
Nigeria,1995,0.189,-0.693
Nigeria,1996,0.189,-0.693
Nigeria,1997,0.2,-0.693
Nigeria,1998,0.222,-0.693
Nigeria,1999,0.376,-0.693
Nigeria,2000,0.471,-0.687
Nigeria,2001,0.471,-0.687
Nigeria,2002,0.471,-0.687
Nigeria,2003,0.428,-0.687
Nigeria,2004,0.412,-0.687
Nigeria,2005,0.412,-0.687
Nigeria,2006,0.417,-0.687
Nigeria,2007,0.408,-0.687
Nigeria,2008,0.414,-0.687
Nigeria,2009,0.413,-0.985
Nigeria,2010,0.43,-1.037
Nigeria,2011,0.481,-1.037
Nigeria,2012,0.506,-1.037
Nigeria,2013,0.52,-1.037
Nigeria,2014,0.525,-1.015
Nigeria,2015,0.554,-1.433
Nigeria,2016,0.555,-1.433
Nigeria,2017,0.556,-1.433
Nigeria,2018,0.555,-0.728
Nigeria,2019,0.52,-1.079
Nigeria,2020,0.512,-0.88
Nigeria,2021,0.488,-0.821
Nigeria,2022,0.49,-0.594
Nigeria,2023,0.484,-0.594
Nigeria,2024,0.499,-0.594
Nigeria,2025,0.505,-0.594
Philippines,1900,0.065,0.877
Philippines,1901,0.067,0.877
Philippines,1902,0.068,0.877
Philippines,1903,0.07,-0.208
Philippines,1904,0.07,-0.208
Philippines,1905,0.07,-0.208
Philippines,1906,0.071,-0.208
Philippines,1907,0.112,-0.208
Philippines,1908,0.143,-0.208
Philippines,1909,0.147,-0.208
Philippines,1910,0.158,-0.208
Philippines,1911,0.158,-0.208
Philippines,1912,0.156,-0.208
Philippines,1913,0.154,-0.208
Philippines,1914,0.154,-0.208
Philippines,1915,0.154,-0.208
Philippines,1916,0.159,-1.294
Philippines,1917,0.164,-1.294
Philippines,1918,0.165,-1.294
Philippines,1919,0.17,-1.294
Philippines,1920,0.176,-1.294
Philippines,1921,0.176,-1.294
Philippines,1922,0.168,-1.294
Philippines,1923,0.162,-1.294
Philippines,1924,0.162,-1.294
Philippines,1925,0.17,-1.294
Philippines,1926,0.175,-1.294
Philippines,1927,0.175,-1.294
Philippines,1928,0.168,-1.294
Philippines,1929,0.164,-1.294
Philippines,1930,0.164,-1.294
Philippines,1931,0.162,-1.294
Philippines,1932,0.158,-1.294
Philippines,1933,0.158,-1.294
Philippines,1934,0.169,-1.294
Philippines,1935,0.198,-1.294
Philippines,1936,0.228,-1.294
Philippines,1937,0.25,-1.294
Philippines,1938,0.249,-1.294
Philippines,1939,0.247,-1.294
Philippines,1940,0.257,-1.294
Philippines,1941,0.233,-1.082
Philippines,1942,0.059,0.966
Philippines,1943,0.079,0.966
Philippines,1944,0.134,0.966
Philippines,1945,0.128,0.966
Philippines,1946,0.3,-1.167
Philippines,1947,0.349,-1.167
Philippines,1948,0.349,-1.167
Philippines,1949,0.347,-1.167
Philippines,1950,0.342,-1.167
Philippines,1951,0.346,-1.167
Philippines,1952,0.346,-1.167
Philippines,1953,0.349,-1.571
Philippines,1954,0.368,-1.571
Philippines,1955,0.375,-1.571
Philippines,1956,0.375,-1.571
Philippines,1957,0.376,-1.571
Philippines,1958,0.382,-1.571
Philippines,1959,0.382,-1.571
Philippines,1960,0.402,-1.571
Philippines,1961,0.399,-1.571
Philippines,1962,0.398,-1.571
Philippines,1963,0.398,-1.571
Philippines,1964,0.398,-1.571
Philippines,1965,0.404,-1.571
Philippines,1966,0.392,-1.571
Philippines,1967,0.392,-1.571
Philippines,1968,0.391,-1.571
Philippines,1969,0.387,-1.571
Philippines,1970,0.35,-1.571
Philippines,1971,0.331,-0.383
Philippines,1972,0.141,-0.233
Philippines,1973,0.077,-0.233
Philippines,1974,0.077,-0.233
Philippines,1975,0.077,-0.233
Philippines,1976,0.077,-0.233
Philippines,1977,0.077,-0.233
Philippines,1978,0.155,-0.233
Philippines,1979,0.167,-0.233
Philippines,1980,0.167,-0.233
Philippines,1981,0.171,-0.233
Philippines,1982,0.174,-0.233
Philippines,1983,0.177,-0.233
Philippines,1984,0.179,-0.233
Philippines,1985,0.182,-0.233
Philippines,1986,0.235,-1.142
Philippines,1987,0.431,-1.396
Philippines,1988,0.552,-1.396
Philippines,1989,0.552,-1.396
Philippines,1990,0.565,-1.396
Philippines,1991,0.565,-1.396
Philippines,1992,0.555,-1.396
Philippines,1993,0.542,-1.396
Philippines,1994,0.542,-1.396
Philippines,1995,0.55,-1.396
Philippines,1996,0.555,-1.396
Philippines,1997,0.555,-1.396
Philippines,1998,0.579,-1.396
Philippines,1999,0.576,-1.396
Philippines,2000,0.585,-1.144
Philippines,2001,0.545,-1.144
Philippines,2002,0.531,-1.287
Philippines,2003,0.529,-1.287
Philippines,2004,0.486,-1.287
Philippines,2005,0.463,-1.287
Philippines,2006,0.463,-1.287
Philippines,2007,0.459,-1.287
Philippines,2008,0.456,-1.287
Philippines,2009,0.46,-1.287
Philippines,2010,0.506,-1.447
Philippines,2011,0.524,-1.302
Philippines,2012,0.524,-1.302
Philippines,2013,0.521,-1.302
Philippines,2014,0.521,-1.302
Philippines,2015,0.522,-1.302
Philippines,2016,0.485,-0.779
Philippines,2017,0.469,-0.779
Philippines,2018,0.45,-0.717
Philippines,2019,0.428,-0.717
Philippines,2020,0.405,-0.654
Philippines,2021,0.411,-0.654
Philippines,2022,0.411,-0.654
Philippines,2023,0.416,0.506
Philippines,2024,0.411,0.506
Philippines,2025,0.392,0.506
Tanzania,1914,NA,-0.513
Tanzania,1915,0.044,-0.513
Tanzania,1916,0.044,-0.513
Tanzania,1917,0.039,-0.513
Tanzania,1918,0.039,-0.513
Tanzania,1919,0.044,-0.513
Tanzania,1920,0.045,-0.513
Tanzania,1921,0.045,-0.513
Tanzania,1922,0.045,-0.513
Tanzania,1923,0.045,-0.513
Tanzania,1924,0.045,-0.513
Tanzania,1925,0.045,-0.513
Tanzania,1926,0.045,-0.513
Tanzania,1927,0.045,-0.513
Tanzania,1928,0.045,-0.513
Tanzania,1929,0.045,-0.513
Tanzania,1930,0.047,-0.513
Tanzania,1931,0.047,-0.513
Tanzania,1932,0.047,-0.513
Tanzania,1933,0.047,-0.513
Tanzania,1934,0.047,-0.513
Tanzania,1935,0.047,-0.513
Tanzania,1936,0.047,-0.513
Tanzania,1937,0.047,-0.513
Tanzania,1938,0.052,-0.513
Tanzania,1939,0.052,-0.513
Tanzania,1940,0.052,-0.513
Tanzania,1941,0.052,-0.513
Tanzania,1942,0.052,-0.513
Tanzania,1943,0.052,-0.513
Tanzania,1944,0.052,-0.513
Tanzania,1945,0.052,-0.513
Tanzania,1946,0.052,-0.513
Tanzania,1947,0.052,-0.513
Tanzania,1948,0.052,-0.513
Tanzania,1949,0.052,-0.513
Tanzania,1950,0.052,-0.513
Tanzania,1951,0.057,-0.513
Tanzania,1952,0.057,-0.513
Tanzania,1953,0.057,-0.513
Tanzania,1954,0.063,-0.513
Tanzania,1955,0.069,-0.513
Tanzania,1956,0.072,-0.513
Tanzania,1957,0.072,-0.513
Tanzania,1958,0.11,-0.513
Tanzania,1959,0.155,-0.513
Tanzania,1960,0.165,-1.332
Tanzania,1961,0.21,-2.179
Tanzania,1962,0.246,-2.179
Tanzania,1963,0.324,-2.179
Tanzania,1964,0.318,-1.728
Tanzania,1965,0.269,-2.187
Tanzania,1966,0.254,-2.364
Tanzania,1967,0.245,-1.915
Tanzania,1968,0.243,-1.915
Tanzania,1969,0.243,-1.915
Tanzania,1970,0.242,-1.915
Tanzania,1971,0.242,-1.915
Tanzania,1972,0.242,-1.915
Tanzania,1973,0.242,-1.915
Tanzania,1974,0.242,-1.915
Tanzania,1975,0.242,-1.915
Tanzania,1976,0.241,-1.915
Tanzania,1977,0.243,-1.915
Tanzania,1978,0.243,-1.915
Tanzania,1979,0.243,-1.915
Tanzania,1980,0.242,-1.915
Tanzania,1981,0.244,-1.915
Tanzania,1982,0.248,-1.915
Tanzania,1983,0.248,-1.915
Tanzania,1984,0.248,-1.915
Tanzania,1985,0.256,-1.915
Tanzania,1986,0.263,-1.529
Tanzania,1987,0.267,-1.529
Tanzania,1988,0.267,-1.529
Tanzania,1989,0.267,-1.529
Tanzania,1990,0.287,-1.529
Tanzania,1991,0.294,-1.529
Tanzania,1992,0.393,-1.939
Tanzania,1993,0.402,-1.939
Tanzania,1994,0.414,-1.539
Tanzania,1995,0.473,-1.539
Tanzania,1996,0.491,-1.539
Tanzania,1997,0.491,-1.539
Tanzania,1998,0.491,-1.539
Tanzania,1999,0.491,-1.539
Tanzania,2000,0.477,-1.539
Tanzania,2001,0.44,-1.539
Tanzania,2002,0.44,-1.539
Tanzania,2003,0.44,-1.539
Tanzania,2004,0.44,-1.539
Tanzania,2005,0.429,-1.539
Tanzania,2006,0.465,-1.539
Tanzania,2007,0.462,-1.539
Tanzania,2008,0.464,-1.539
Tanzania,2009,0.465,-1.539
Tanzania,2010,0.467,-1.476
Tanzania,2011,0.477,-1.476
Tanzania,2012,0.475,-1.476
Tanzania,2013,0.47,-1.476
Tanzania,2014,0.467,-1.476
Tanzania,2015,0.453,-1.05
Tanzania,2016,0.409,-0.678
Tanzania,2017,0.401,-0.678
Tanzania,2018,0.385,-0.678
Tanzania,2019,0.383,-0.678
Tanzania,2020,0.383,-0.656
Tanzania,2021,0.366,-0.685
Tanzania,2022,0.397,-0.948
Tanzania,2023,0.409,-0.833
Tanzania,2024,0.413,-0.786
Tanzania,2025,0.365,-0.095
Taiwan,1900,0.018,0.823
Taiwan,1901,0.018,0.823
Taiwan,1902,0.018,0.823
Taiwan,1903,0.018,0.823
Taiwan,1904,0.018,0.823
Taiwan,1905,0.018,0.823
Taiwan,1906,0.018,0.823
Taiwan,1907,0.017,0.823
Taiwan,1908,0.017,0.823
Taiwan,1909,0.017,0.823
Taiwan,1910,0.017,0.823
Taiwan,1911,0.017,0.823
Taiwan,1912,0.017,0.823
Taiwan,1913,0.017,0.823
Taiwan,1914,0.017,0.823
Taiwan,1915,0.017,0.179
Taiwan,1916,0.017,0.179
Taiwan,1917,0.018,0.179
Taiwan,1918,0.018,0.179
Taiwan,1919,0.018,0.179
Taiwan,1920,0.018,0.179
Taiwan,1921,0.018,0.179
Taiwan,1922,0.018,0.179
Taiwan,1923,0.018,0.179
Taiwan,1924,0.018,0.179
Taiwan,1925,0.018,0.179
Taiwan,1926,0.018,0.179
Taiwan,1927,0.018,0.179
Taiwan,1928,0.019,0.179
Taiwan,1929,0.019,0.179
Taiwan,1930,0.018,0.179
Taiwan,1931,0.018,0.179
Taiwan,1932,0.018,0.179
Taiwan,1933,0.018,0.179
Taiwan,1934,0.018,0.179
Taiwan,1935,0.018,0.179
Taiwan,1936,0.018,0.179
Taiwan,1937,0.017,0.179
Taiwan,1938,0.016,0.449
Taiwan,1939,0.015,0.449
Taiwan,1940,0.015,0.449
Taiwan,1941,0.015,0.449
Taiwan,1942,0.015,0.449
Taiwan,1943,0.015,0.449
Taiwan,1944,0.015,0.449
Taiwan,1945,0.022,0.449
Taiwan,1946,0.023,0.88
Taiwan,1947,0.085,0.88
Taiwan,1948,0.098,0.88
Taiwan,1949,0.074,0.88
Taiwan,1950,0.074,0.508
Taiwan,1951,0.076,0.7
Taiwan,1952,0.077,0.7
Taiwan,1953,0.077,0.7
Taiwan,1954,0.077,0.7
Taiwan,1955,0.077,0.7
Taiwan,1956,0.077,0.7
Taiwan,1957,0.077,0.7
Taiwan,1958,0.078,0.7
Taiwan,1959,0.078,0.7
Taiwan,1960,0.081,0.7
Taiwan,1961,0.081,0.7
Taiwan,1962,0.081,0.7
Taiwan,1963,0.081,0.7
Taiwan,1964,0.081,0.7
Taiwan,1965,0.081,0.7
Taiwan,1966,0.081,0.7
Taiwan,1967,0.081,0.7
Taiwan,1968,0.082,0.7
Taiwan,1969,0.083,0.7
Taiwan,1970,0.114,0.7
Taiwan,1971,0.111,0.7
Taiwan,1972,0.112,0.7
Taiwan,1973,0.111,0.7
Taiwan,1974,0.112,0.7
Taiwan,1975,0.112,0.641
Taiwan,1976,0.115,0.641
Taiwan,1977,0.117,0.641
Taiwan,1978,0.118,0.641
Taiwan,1979,0.118,0.641
Taiwan,1980,0.126,0.658
Taiwan,1981,0.132,0.658
Taiwan,1982,0.134,0.658
Taiwan,1983,0.135,0.658
Taiwan,1984,0.139,0.658
Taiwan,1985,0.14,0.658
Taiwan,1986,0.155,0.461
Taiwan,1987,0.198,0.146
Taiwan,1988,0.22,0.061
Taiwan,1989,0.24,-0.074
Taiwan,1990,0.263,-0.348
Taiwan,1991,0.265,-0.751
Taiwan,1992,0.296,-0.751
Taiwan,1993,0.319,-0.751
Taiwan,1994,0.32,-0.751
Taiwan,1995,0.324,-0.751
Taiwan,1996,0.505,-1.469
Taiwan,1997,0.643,-1.469
Taiwan,1998,0.659,-1.469
Taiwan,1999,0.649,-1.469
Taiwan,2000,0.772,-1.386
Taiwan,2001,0.782,-1.73
Taiwan,2002,0.787,-1.73
Taiwan,2003,0.784,-1.73
Taiwan,2004,0.776,-1.517
Taiwan,2005,0.771,-1.601
Taiwan,2006,0.776,-1.601
Taiwan,2007,0.775,-1.669
Taiwan,2008,0.793,-1.626
Taiwan,2009,0.794,-2.175
Taiwan,2010,0.798,-2.286
Taiwan,2011,0.798,-2.286
Taiwan,2012,0.799,-2.286
Taiwan,2013,0.803,-2.286
Taiwan,2014,0.806,-2.008
Taiwan,2015,0.806,-2.13
Taiwan,2016,0.835,-1.695
Taiwan,2017,0.845,-1.695
Taiwan,2018,0.845,-1.377
Taiwan,2019,0.834,-1.377
Taiwan,2020,0.82,-0.883
Taiwan,2021,0.82,-1.085
Taiwan,2022,0.827,-1.379
Taiwan,2023,0.823,-1.379
Taiwan,2024,0.804,-0.816
Taiwan,2025,0.801,-1.156
Thailand,1789,0.025,NA
Thailand,1790,0.025,NA
Thailand,1791,0.025,NA
Thailand,1792,0.025,NA
Thailand,1793,0.025,NA
Thailand,1794,0.025,NA
Thailand,1795,0.025,NA
Thailand,1796,0.025,NA
Thailand,1797,0.025,NA
Thailand,1798,0.025,NA
Thailand,1799,0.025,NA
Thailand,1800,0.025,NA
Thailand,1801,0.025,NA
Thailand,1802,0.025,NA
Thailand,1803,0.025,NA
Thailand,1804,0.025,NA
Thailand,1805,0.025,NA
Thailand,1806,0.025,NA
Thailand,1807,0.025,NA
Thailand,1808,0.025,NA
Thailand,1809,0.025,NA
Thailand,1810,0.025,NA
Thailand,1811,0.025,NA
Thailand,1812,0.025,NA
Thailand,1813,0.025,NA
Thailand,1814,0.025,NA
Thailand,1815,0.025,NA
Thailand,1816,0.025,NA
Thailand,1817,0.025,NA
Thailand,1818,0.025,NA
Thailand,1819,0.025,NA
Thailand,1820,0.025,NA
Thailand,1821,0.025,NA
Thailand,1822,0.025,NA
Thailand,1823,0.025,NA
Thailand,1824,0.025,NA
Thailand,1825,0.025,NA
Thailand,1826,0.025,NA
Thailand,1827,0.025,NA
Thailand,1828,0.025,NA
Thailand,1829,0.025,NA
Thailand,1830,0.026,NA
Thailand,1831,0.026,NA
Thailand,1832,0.026,NA
Thailand,1833,0.026,NA
Thailand,1834,0.026,NA
Thailand,1835,0.026,NA
Thailand,1836,0.026,NA
Thailand,1837,0.026,NA
Thailand,1838,0.026,NA
Thailand,1839,0.026,NA
Thailand,1840,0.026,NA
Thailand,1841,0.026,NA
Thailand,1842,0.026,NA
Thailand,1843,0.026,NA
Thailand,1844,0.026,NA
Thailand,1845,0.026,NA
Thailand,1846,0.026,NA
Thailand,1847,0.026,NA
Thailand,1848,0.026,NA
Thailand,1849,0.026,NA
Thailand,1850,0.026,NA
Thailand,1851,0.026,NA
Thailand,1852,0.026,NA
Thailand,1853,0.026,NA
Thailand,1854,0.026,NA
Thailand,1855,0.026,NA
Thailand,1856,0.026,NA
Thailand,1857,0.026,NA
Thailand,1858,0.026,NA
Thailand,1859,0.026,NA
Thailand,1860,0.026,NA
Thailand,1861,0.026,NA
Thailand,1862,0.026,NA
Thailand,1863,0.026,NA
Thailand,1864,0.026,NA
Thailand,1865,0.026,NA
Thailand,1866,0.026,NA
Thailand,1867,0.026,NA
Thailand,1868,0.026,NA
Thailand,1869,0.026,NA
Thailand,1870,0.026,NA
Thailand,1871,0.026,NA
Thailand,1872,0.026,NA
Thailand,1873,0.026,NA
Thailand,1874,0.026,NA
Thailand,1875,0.026,NA
Thailand,1876,0.026,NA
Thailand,1877,0.026,NA
Thailand,1878,0.023,NA
Thailand,1879,0.023,NA
Thailand,1880,0.022,NA
Thailand,1881,0.022,NA
Thailand,1882,0.022,NA
Thailand,1883,0.022,NA
Thailand,1884,0.023,NA
Thailand,1885,0.023,NA
Thailand,1886,0.023,NA
Thailand,1887,0.023,NA
Thailand,1888,0.023,NA
Thailand,1889,0.023,NA
Thailand,1890,0.023,NA
Thailand,1891,0.023,NA
Thailand,1892,0.023,NA
Thailand,1893,0.023,NA
Thailand,1894,0.023,NA
Thailand,1895,0.023,NA
Thailand,1896,0.023,NA
Thailand,1897,0.023,NA
Thailand,1898,0.023,NA
Thailand,1899,0.023,NA
Thailand,1900,0.023,-0.916
Thailand,1901,0.023,-0.916
Thailand,1902,0.023,-0.916
Thailand,1903,0.023,-0.916
Thailand,1904,0.023,-0.916
Thailand,1905,0.023,-0.916
Thailand,1906,0.023,-0.916
Thailand,1907,0.023,-0.916
Thailand,1908,0.023,-0.916
Thailand,1909,0.023,-0.916
Thailand,1910,0.024,-0.916
Thailand,1911,0.024,-0.916
Thailand,1912,0.024,-0.916
Thailand,1913,0.024,-0.916
Thailand,1914,0.024,-0.916
Thailand,1915,0.024,-0.916
Thailand,1916,0.028,-0.916
Thailand,1917,0.028,-0.916
Thailand,1918,0.028,-0.916
Thailand,1919,0.028,-0.916
Thailand,1920,0.028,-0.916
Thailand,1921,0.028,-0.916
Thailand,1922,0.028,-0.916
Thailand,1923,0.028,-0.916
Thailand,1924,0.028,-0.916
Thailand,1925,0.028,-0.916
Thailand,1926,0.028,-0.916
Thailand,1927,0.028,-0.916
Thailand,1928,0.028,-0.916
Thailand,1929,0.028,-0.916
Thailand,1930,0.028,-0.916
Thailand,1931,0.028,-0.916
Thailand,1932,0.027,-0.802
Thailand,1933,0.108,-0.552
Thailand,1934,0.131,-0.552
Thailand,1935,0.131,-0.552
Thailand,1936,0.133,-0.552
Thailand,1937,0.149,-0.552
Thailand,1938,0.152,-0.552
Thailand,1939,0.151,-0.552
Thailand,1940,0.148,-0.552
Thailand,1941,0.155,-0.552
Thailand,1942,0.155,-0.552
Thailand,1943,0.155,-0.552
Thailand,1944,0.155,-0.552
Thailand,1945,0.162,-0.552
Thailand,1946,0.172,-0.552
Thailand,1947,0.143,-0.552
Thailand,1948,0.13,-0.552
Thailand,1949,0.13,-0.552
Thailand,1950,0.131,-0.552
Thailand,1951,0.129,-0.552
Thailand,1952,0.118,-0.552
Thailand,1953,0.121,-0.552
Thailand,1954,0.123,-0.552
Thailand,1955,0.133,-0.552
Thailand,1956,0.137,-0.552
Thailand,1957,0.142,-0.552
Thailand,1958,0.127,-0.552
Thailand,1959,0.108,-0.552
Thailand,1960,0.112,0.085
Thailand,1961,0.112,0.085
Thailand,1962,0.112,0.085
Thailand,1963,0.112,0.085
Thailand,1964,0.112,0.085
Thailand,1965,0.112,0.085
Thailand,1966,0.112,0.085
Thailand,1967,0.114,0.085
Thailand,1968,0.126,0.085
Thailand,1969,0.15,0.085
Thailand,1970,0.154,0.085
Thailand,1971,0.148,0.085
Thailand,1972,0.114,0.257
Thailand,1973,0.127,0.385
Thailand,1974,0.177,0.385
Thailand,1975,0.271,0.385
Thailand,1976,0.231,0.659
Thailand,1977,0.124,0.532
Thailand,1978,0.125,0.532
Thailand,1979,0.142,0.532
Thailand,1980,0.25,0.134
Thailand,1981,0.288,0.134
Thailand,1982,0.292,0.134
Thailand,1983,0.316,0.134
Thailand,1984,0.326,0.134
Thailand,1985,0.327,0.134
Thailand,1986,0.322,0.134
Thailand,1987,0.327,0.134
Thailand,1988,0.345,0.134
Thailand,1989,0.363,0.134
Thailand,1990,0.371,0.134
Thailand,1991,0.209,0.134
Thailand,1992,0.271,-0.11
Thailand,1993,0.405,-0.307
Thailand,1994,0.404,-0.307
Thailand,1995,0.412,-0.307
Thailand,1996,0.394,-0.307
Thailand,1997,0.476,-0.307
Thailand,1998,0.507,-0.307
Thailand,1999,0.507,-0.307
Thailand,2000,0.501,-0.202
Thailand,2001,0.55,-0.225
Thailand,2002,0.547,-0.372
Thailand,2003,0.537,-0.794
Thailand,2004,0.53,0.645
Thailand,2005,0.507,1.742
Thailand,2006,0.227,2.802
Thailand,2007,0.181,2.061
Thailand,2008,0.402,2.737
Thailand,2009,0.418,2.737
Thailand,2010,0.411,2.737
Thailand,2011,0.462,2.737
Thailand,2012,0.493,2.737
Thailand,2013,0.446,2.402
Thailand,2014,0.162,2.54
Thailand,2015,0.16,1.863
Thailand,2016,0.16,1.319
Thailand,2017,0.154,1.304
Thailand,2018,0.17,1.79
Thailand,2019,0.208,2.002
Thailand,2020,0.201,2.272
Thailand,2021,0.208,2.468
Thailand,2022,0.216,0.887
Thailand,2023,0.295,0.949
Thailand,2024,0.41,0.958
Thailand,2025,0.424,1.561
Uganda,1900,0.062,-1.769
Uganda,1901,0.062,-1.769
Uganda,1902,0.062,-1.769
Uganda,1903,0.062,-1.769
Uganda,1904,0.062,-1.769
Uganda,1905,0.062,-1.769
Uganda,1906,0.062,-1.769
Uganda,1907,0.062,-1.769
Uganda,1908,0.062,-1.769
Uganda,1909,0.062,-1.769
Uganda,1910,0.062,-1.769
Uganda,1911,0.062,-1.769
Uganda,1912,0.062,-1.769
Uganda,1913,0.062,-1.769
Uganda,1914,0.062,-1.769
Uganda,1915,0.062,-1.769
Uganda,1916,0.062,-1.769
Uganda,1917,0.062,-1.769
Uganda,1918,0.062,-1.769
Uganda,1919,0.062,-1.769
Uganda,1920,0.062,-1.769
Uganda,1921,0.061,-1.769
Uganda,1922,0.061,-1.769
Uganda,1923,0.061,-1.769
Uganda,1924,0.061,-1.769
Uganda,1925,0.061,-1.769
Uganda,1926,0.061,-1.769
Uganda,1927,0.061,-1.769
Uganda,1928,0.061,-1.769
Uganda,1929,0.061,-1.769
Uganda,1930,0.061,-1.769
Uganda,1931,0.061,-1.769
Uganda,1932,0.061,-1.769
Uganda,1933,0.061,-1.406
Uganda,1934,0.061,-1.406
Uganda,1935,0.061,-1.406
Uganda,1936,0.061,-1.406
Uganda,1937,0.061,-1.406
Uganda,1938,0.061,-1.756
Uganda,1939,0.061,-1.756
Uganda,1940,0.061,-1.314
Uganda,1941,0.061,-1.314
Uganda,1942,0.061,-1.314
Uganda,1943,0.061,-1.314
Uganda,1944,0.061,-1.314
Uganda,1945,0.061,-1.147
Uganda,1946,0.061,-1.147
Uganda,1947,0.061,-1.147
Uganda,1948,0.061,-1.147
Uganda,1949,0.061,-1.147
Uganda,1950,0.063,-1.249
Uganda,1951,0.073,-1.373
Uganda,1952,0.074,-1.373
Uganda,1953,0.076,-1.373
Uganda,1954,0.076,-1.373
Uganda,1955,0.076,-1.373
Uganda,1956,0.087,-1.373
Uganda,1957,0.087,-1.373
Uganda,1958,0.166,-1.373
Uganda,1959,0.163,-1.373
Uganda,1960,0.175,-0.473
Uganda,1961,0.183,-0.473
Uganda,1962,0.252,-0.715
Uganda,1963,0.391,-0.715
Uganda,1964,0.386,-0.715
Uganda,1965,0.386,0.176
Uganda,1966,0.238,0.334
Uganda,1967,0.224,0.334
Uganda,1968,0.224,0.334
Uganda,1969,0.201,0.521
Uganda,1970,0.194,1.044
Uganda,1971,0.12,1.992
Uganda,1972,0.084,1.992
Uganda,1973,0.083,1.992
Uganda,1974,0.083,1.992
Uganda,1975,0.083,1.992
Uganda,1976,0.083,1.992
Uganda,1977,0.083,1.992
Uganda,1978,0.083,1.992
Uganda,1979,0.084,1.992
Uganda,1980,0.147,1.712
Uganda,1981,0.221,1.712
Uganda,1982,0.22,1.712
Uganda,1983,0.22,1.712
Uganda,1984,0.22,1.712
Uganda,1985,0.182,1.665
Uganda,1986,0.122,0.172
Uganda,1987,0.124,-0.788
Uganda,1988,0.132,-0.788
Uganda,1989,0.171,-0.788
Uganda,1990,0.178,-0.992
Uganda,1991,0.255,-0.992
Uganda,1992,0.258,-0.992
Uganda,1993,0.265,-0.992
Uganda,1994,0.287,-0.992
Uganda,1995,0.293,-0.992
Uganda,1996,0.304,-0.783
Uganda,1997,0.305,-0.628
Uganda,1998,0.305,-0.628
Uganda,1999,0.305,-0.628
Uganda,2000,0.304,-0.065
Uganda,2001,0.27,-0.147
Uganda,2002,0.262,-0.147
Uganda,2003,0.257,-0.147
Uganda,2004,0.265,-0.147
Uganda,2005,0.294,-0.147
Uganda,2006,0.318,-0.421
Uganda,2007,0.323,-0.421
Uganda,2008,0.32,-0.297
Uganda,2009,0.318,-0.349
Uganda,2010,0.317,-0.349
Uganda,2011,0.317,-0.349
Uganda,2012,0.316,-0.349
Uganda,2013,0.312,-0.238
Uganda,2014,0.305,-0.33
Uganda,2015,0.3,-0.33
Uganda,2016,0.289,-0.33
Uganda,2017,0.291,0.091
Uganda,2018,0.283,0.091
Uganda,2019,0.284,0.091
Uganda,2020,0.285,0.015
Uganda,2021,0.274,-0.365
Uganda,2022,0.269,-0.344
Uganda,2023,0.259,-0.251
Uganda,2024,0.261,0.003
Uganda,2025,0.253,-0.034
Venezuela,1789,0.006,NA
Venezuela,1790,0.006,NA
Venezuela,1791,0.006,NA
Venezuela,1792,0.006,NA
Venezuela,1793,0.006,NA
Venezuela,1794,0.006,NA
Venezuela,1795,0.006,NA
Venezuela,1796,0.006,NA
Venezuela,1797,0.006,NA
Venezuela,1798,0.006,NA
Venezuela,1799,0.006,NA
Venezuela,1800,0.008,NA
Venezuela,1801,0.008,NA
Venezuela,1802,0.008,NA
Venezuela,1803,0.008,NA
Venezuela,1804,0.008,NA
Venezuela,1805,0.008,NA
Venezuela,1806,0.008,NA
Venezuela,1807,0.008,NA
Venezuela,1808,0.008,NA
Venezuela,1809,0.008,NA
Venezuela,1810,0.065,NA
Venezuela,1811,0.065,NA
Venezuela,1812,0.049,NA
Venezuela,1813,0.015,NA
Venezuela,1814,0.012,NA
Venezuela,1815,0.012,NA
Venezuela,1816,0.012,NA
Venezuela,1817,0.012,NA
Venezuela,1818,0.012,NA
Venezuela,1819,0.012,NA
Venezuela,1830,0.169,NA
Venezuela,1831,0.169,NA
Venezuela,1832,0.216,NA
Venezuela,1833,0.216,NA
Venezuela,1834,0.216,NA
Venezuela,1835,0.216,NA
Venezuela,1836,0.205,NA
Venezuela,1837,0.2,NA
Venezuela,1838,0.2,NA
Venezuela,1839,0.214,NA
Venezuela,1840,0.192,NA
Venezuela,1841,0.19,NA
Venezuela,1842,0.19,NA
Venezuela,1843,0.19,NA
Venezuela,1844,0.19,NA
Venezuela,1845,0.19,NA
Venezuela,1846,0.19,NA
Venezuela,1847,0.183,NA
Venezuela,1848,0.125,NA
Venezuela,1849,0.109,NA
Venezuela,1850,0.111,NA
Venezuela,1851,0.111,NA
Venezuela,1852,0.111,NA
Venezuela,1853,0.111,NA
Venezuela,1854,0.111,NA
Venezuela,1855,0.111,NA
Venezuela,1856,0.111,NA
Venezuela,1857,0.111,NA
Venezuela,1858,0.106,NA
Venezuela,1859,0.101,NA
Venezuela,1860,0.129,NA
Venezuela,1861,0.103,NA
Venezuela,1862,0.052,NA
Venezuela,1863,0.121,NA
Venezuela,1864,0.124,NA
Venezuela,1865,0.13,NA
Venezuela,1866,0.13,NA
Venezuela,1867,0.13,NA
Venezuela,1868,0.104,NA
Venezuela,1869,0.127,NA
Venezuela,1870,0.09,NA
Venezuela,1871,0.075,NA
Venezuela,1872,0.075,NA
Venezuela,1873,0.075,NA
Venezuela,1874,0.075,NA
Venezuela,1875,0.075,NA
Venezuela,1876,0.075,NA
Venezuela,1877,0.115,NA
Venezuela,1878,0.122,NA
Venezuela,1879,0.092,NA
Venezuela,1880,0.076,NA
Venezuela,1881,0.076,NA
Venezuela,1882,0.076,NA
Venezuela,1883,0.08,NA
Venezuela,1884,0.112,NA
Venezuela,1885,0.132,NA
Venezuela,1886,0.137,NA
Venezuela,1887,0.14,NA
Venezuela,1888,0.14,NA
Venezuela,1889,0.14,NA
Venezuela,1890,0.18,NA
Venezuela,1891,0.18,NA
Venezuela,1892,0.164,NA
Venezuela,1893,0.168,NA
Venezuela,1894,0.226,NA
Venezuela,1895,0.241,NA
Venezuela,1896,0.241,NA
Venezuela,1897,0.175,NA
Venezuela,1898,0.169,NA
Venezuela,1899,0.155,NA
Venezuela,1900,0.025,-0.002
Venezuela,1901,0.025,-0.002
Venezuela,1902,0.025,-0.002
Venezuela,1903,0.025,-0.002
Venezuela,1904,0.025,-0.271
Venezuela,1905,0.025,-0.271
Venezuela,1906,0.025,-0.271
Venezuela,1907,0.024,-0.271
Venezuela,1908,0.024,-0.883
Venezuela,1909,0.026,-0.883
Venezuela,1910,0.026,-0.668
Venezuela,1911,0.026,-0.668
Venezuela,1912,0.026,-0.668
Venezuela,1913,0.026,-0.668
Venezuela,1914,0.023,0.227
Venezuela,1915,0.022,0.227
Venezuela,1916,0.021,0.227
Venezuela,1917,0.02,0.227
Venezuela,1918,0.02,0.227
Venezuela,1919,0.02,0.227
Venezuela,1920,0.024,-0.043
Venezuela,1921,0.024,-0.043
Venezuela,1922,0.024,-0.043
Venezuela,1923,0.024,0.226
Venezuela,1924,0.024,-0.022
Venezuela,1925,0.024,-0.334
Venezuela,1926,0.024,-0.334
Venezuela,1927,0.024,-0.334
Venezuela,1928,0.024,0.983
Venezuela,1929,0.024,0.425
Venezuela,1930,0.024,0.1
Venezuela,1931,0.024,0.1
Venezuela,1932,0.024,0.1
Venezuela,1933,0.024,0.1
Venezuela,1934,0.024,0.1
Venezuela,1935,0.024,0.1
Venezuela,1936,0.053,-0.212
Venezuela,1937,0.072,-0.538
Venezuela,1938,0.074,-0.538
Venezuela,1939,0.076,-0.538
Venezuela,1940,0.083,-0.769
Venezuela,1941,0.106,-0.904
Venezuela,1942,0.109,-0.904
Venezuela,1943,0.11,-0.904
Venezuela,1944,0.113,-0.904
Venezuela,1945,0.157,0.301
Venezuela,1946,0.184,-0.178
Venezuela,1947,0.308,-0.178
Venezuela,1948,0.374,1
Venezuela,1949,0.102,0.72
Venezuela,1950,0.096,0.72
Venezuela,1951,0.096,0.72
Venezuela,1952,0.095,0.72
Venezuela,1953,0.09,1.011
Venezuela,1954,0.09,1.011
Venezuela,1955,0.09,1.011
Venezuela,1956,0.09,1.011
Venezuela,1957,0.094,1.011
Venezuela,1958,0.263,-0.584
Venezuela,1959,0.593,-0.798
Venezuela,1960,0.65,-0.152
Venezuela,1961,0.663,-0.152
Venezuela,1962,0.658,0.208
Venezuela,1963,0.655,0.208
Venezuela,1964,0.631,0.014
Venezuela,1965,0.638,-0.233
Venezuela,1966,0.638,-0.233
Venezuela,1967,0.638,-0.233
Venezuela,1968,0.643,-0.42
Venezuela,1969,0.671,-0.72
Venezuela,1970,0.685,-1.709
Venezuela,1971,0.689,-1.709
Venezuela,1972,0.702,-1.709
Venezuela,1973,0.7,-2.688
Venezuela,1974,0.736,-2.909
Venezuela,1975,0.736,-2.909
Venezuela,1976,0.736,-2.909
Venezuela,1977,0.736,-2.909
Venezuela,1978,0.732,-2.527
Venezuela,1979,0.728,-2.932
Venezuela,1980,0.731,-2.932
Venezuela,1981,0.731,-2.932
Venezuela,1982,0.731,-2.932
Venezuela,1983,0.732,-2.545
Venezuela,1984,0.731,-2.887
Venezuela,1985,0.73,-2.887
Venezuela,1986,0.726,-2.843
Venezuela,1987,0.726,-2.843
Venezuela,1988,0.732,-1.858
Venezuela,1989,0.735,-1.477
Venezuela,1990,0.741,-2.178
Venezuela,1991,0.742,-2.178
Venezuela,1992,0.733,-0.908
Venezuela,1993,0.744,-2.052
Venezuela,1994,0.748,-2.164
Venezuela,1995,0.748,-2.164
Venezuela,1996,0.748,-2.164
Venezuela,1997,0.746,-2.164
Venezuela,1998,0.73,-1.749
Venezuela,1999,0.665,-0.567
Venezuela,2000,0.573,0.379
Venezuela,2001,0.529,0.379
Venezuela,2002,0.495,0.923
Venezuela,2003,0.487,1.026
Venezuela,2004,0.475,1.026
Venezuela,2005,0.474,1.248
Venezuela,2006,0.45,1.248
Venezuela,2007,0.434,1.941
Venezuela,2008,0.432,1.941
Venezuela,2009,0.431,1.941
Venezuela,2010,0.419,1.941
Venezuela,2011,0.415,1.941
Venezuela,2012,0.399,1.941
Venezuela,2013,0.327,2.166
Venezuela,2014,0.312,2.172
Venezuela,2015,0.3,2.076
Venezuela,2016,0.293,2.076
Venezuela,2017,0.233,2.472
Venezuela,2018,0.213,2.472
Venezuela,2019,0.209,2.103
Venezuela,2020,0.206,2.103
Venezuela,2021,0.215,1.687
Venezuela,2022,0.209,1.617
Venezuela,2023,0.206,1.973
Venezuela,2024,0.196,2.227
Venezuela,2025,0.181,2.227
Benin,1900,0.032,-0.6
Benin,1901,0.032,-0.6
Benin,1902,0.032,-0.6
Benin,1903,0.032,-0.6
Benin,1904,0.032,-0.6
Benin,1905,0.032,-0.6
Benin,1906,0.032,-0.6
Benin,1907,0.032,-0.6
Benin,1908,0.032,-0.6
Benin,1909,0.032,-0.6
Benin,1910,0.032,-0.6
Benin,1911,0.032,-0.6
Benin,1912,0.032,-0.6
Benin,1913,0.032,-0.6
Benin,1914,0.032,-0.6
Benin,1915,0.032,-0.6
Benin,1916,0.032,-0.6
Benin,1917,0.032,-0.6
Benin,1918,0.032,-0.6
Benin,1919,0.032,-0.6
Benin,1920,0.032,-0.6
Benin,1921,0.032,-0.6
Benin,1922,0.032,-0.6
Benin,1923,0.032,-0.6
Benin,1924,0.032,-0.6
Benin,1925,0.033,-0.6
Benin,1926,0.033,-0.6
Benin,1927,0.033,-0.6
Benin,1928,0.033,-0.6
Benin,1929,0.033,-0.6
Benin,1930,0.033,-0.6
Benin,1931,0.033,-0.6
Benin,1932,0.033,-0.6
Benin,1933,0.033,-0.6
Benin,1934,0.033,-0.6
Benin,1935,0.033,-0.6
Benin,1936,0.033,-0.6
Benin,1937,0.033,-0.6
Benin,1938,0.033,-0.6
Benin,1939,0.033,-0.6
Benin,1940,0.033,-0.6
Benin,1941,0.033,-0.6
Benin,1942,0.033,-0.6
Benin,1943,0.033,-0.6
Benin,1944,0.033,-0.6
Benin,1945,0.038,-0.6
Benin,1946,0.049,-0.6
Benin,1947,0.049,-0.6
Benin,1948,0.049,-0.6
Benin,1949,0.049,-0.6
Benin,1950,0.049,-0.6
Benin,1951,0.049,-0.6
Benin,1952,0.077,-0.6
Benin,1953,0.084,-0.6
Benin,1954,0.084,-0.6
Benin,1955,0.084,-0.6
Benin,1956,0.134,-0.6
Benin,1957,0.133,-0.6
Benin,1958,0.135,-0.6
Benin,1959,0.151,-0.6
Benin,1960,0.269,-0.014
Benin,1961,0.331,-0.014
Benin,1962,0.331,-0.014
Benin,1963,0.331,-0.014
Benin,1964,0.314,-0.014
Benin,1965,0.31,-0.014
Benin,1966,0.174,-0.014
Benin,1967,0.174,-0.014
Benin,1968,0.221,-0.014
Benin,1969,0.257,-0.014
Benin,1970,0.176,-0.014
Benin,1971,0.17,-0.014
Benin,1972,0.123,0.349
Benin,1973,0.093,0.349
Benin,1974,0.088,0.349
Benin,1975,0.085,0.349
Benin,1976,0.085,0.303
Benin,1977,0.085,0.303
Benin,1978,0.085,0.303
Benin,1979,0.087,0.303
Benin,1980,0.106,0.303
Benin,1981,0.106,0.303
Benin,1982,0.106,0.303
Benin,1983,0.106,0.303
Benin,1984,0.104,0.303
Benin,1985,0.101,0.303
Benin,1986,0.101,0.303
Benin,1987,0.102,0.303
Benin,1988,0.102,0.373
Benin,1989,0.102,0.373
Benin,1990,0.221,-1.443
Benin,1991,0.462,-1.34
Benin,1992,0.598,-1.34
Benin,1993,0.598,-1.214
Benin,1994,0.598,-1.214
Benin,1995,0.624,-1.214
Benin,1996,0.617,-1.309
Benin,1997,0.618,-1.309
Benin,1998,0.618,-1.309
Benin,1999,0.613,-1.309
Benin,2000,0.611,-1.309
Benin,2001,0.609,-1.217
Benin,2002,0.61,-1.217
Benin,2003,0.603,-1.217
Benin,2004,0.601,-1.317
Benin,2005,0.622,-1.317
Benin,2006,0.659,-1.42
Benin,2007,0.645,-1.42
Benin,2008,0.635,-1.305
Benin,2009,0.633,-1.213
Benin,2010,0.635,-1.213
Benin,2011,0.599,-1.13
Benin,2012,0.596,-1.13
Benin,2013,0.603,-1.13
Benin,2014,0.606,-1.13
Benin,2015,0.652,-1.13
Benin,2016,0.712,-0.468
Benin,2017,0.713,-0.468
Benin,2018,0.606,-0.451
Benin,2019,0.452,-0.212
Benin,2020,0.408,-0.243
Benin,2021,0.39,-0.243
Benin,2022,0.423,-0.243
Benin,2023,0.487,-0.225
Benin,2024,0.491,-0.154
Benin,2025,0.493,-0.273
Bhutan,1900,0.026,-1.9
Bhutan,1901,0.026,-1.9
Bhutan,1902,0.027,-1.9
Bhutan,1903,0.027,-1.9
Bhutan,1904,0.027,-1.9
Bhutan,1905,0.027,-1.9
Bhutan,1906,0.027,-1.9
Bhutan,1907,0.025,-1.9
Bhutan,1908,0.025,-2.223
Bhutan,1909,0.025,-2.223
Bhutan,1910,0.025,-2.223
Bhutan,1911,0.025,-2.223
Bhutan,1912,0.025,-2.223
Bhutan,1913,0.025,-2.223
Bhutan,1914,0.025,-2.223
Bhutan,1915,0.025,-2.223
Bhutan,1916,0.025,-2.223
Bhutan,1917,0.025,-2.223
Bhutan,1918,0.025,-2.223
Bhutan,1919,0.025,-2.223
Bhutan,1920,0.025,-2.223
Bhutan,1921,0.025,-2.223
Bhutan,1922,0.025,-2.223
Bhutan,1923,0.025,-2.223
Bhutan,1924,0.025,-2.223
Bhutan,1925,0.025,-2.223
Bhutan,1926,0.025,-2.223
Bhutan,1927,0.025,-2.223
Bhutan,1928,0.025,-2.223
Bhutan,1929,0.025,-2.223
Bhutan,1930,0.025,-2.223
Bhutan,1931,0.025,-2.223
Bhutan,1932,0.025,-2.223
Bhutan,1933,0.025,-2.223
Bhutan,1934,0.025,-2.223
Bhutan,1935,0.025,-2.223
Bhutan,1936,0.025,-2.223
Bhutan,1937,0.025,-2.223
Bhutan,1938,0.025,-2.223
Bhutan,1939,0.025,-2.223
Bhutan,1940,0.025,-2.223
Bhutan,1941,0.025,-2.223
Bhutan,1942,0.025,-2.223
Bhutan,1943,0.03,-2.223
Bhutan,1944,0.025,-2.223
Bhutan,1945,0.031,-2.223
Bhutan,1946,0.031,-2.223
Bhutan,1947,0.031,-2.223
Bhutan,1948,0.031,-2.223
Bhutan,1949,0.031,-2.223
Bhutan,1950,0.033,-2.829
Bhutan,1951,0.033,-2.631
Bhutan,1952,0.035,-2.631
Bhutan,1953,0.035,-2.631
Bhutan,1954,0.036,-2.631
Bhutan,1955,0.038,-2.631
Bhutan,1956,0.038,-2.631
Bhutan,1957,0.038,-2.631
Bhutan,1958,0.038,-2.631
Bhutan,1959,0.038,-2.631
Bhutan,1960,0.04,-2.631
Bhutan,1961,0.04,-2.631
Bhutan,1962,0.04,-2.631
Bhutan,1963,0.04,-2.631
Bhutan,1964,0.04,-2.631
Bhutan,1965,0.04,-2.631
Bhutan,1966,0.04,-2.631
Bhutan,1967,0.047,-2.631
Bhutan,1968,0.047,-2.631
Bhutan,1969,0.047,-2.631
Bhutan,1970,0.047,-2.631
Bhutan,1971,0.049,-2.631
Bhutan,1972,0.049,-2.631
Bhutan,1973,0.05,-2.631
Bhutan,1974,0.05,-2.631
Bhutan,1975,0.05,-2.631
Bhutan,1976,0.053,-2.631
Bhutan,1977,0.053,-2.631
Bhutan,1978,0.053,-2.631
Bhutan,1979,0.053,-2.631
Bhutan,1980,0.053,-2.175
Bhutan,1981,0.053,-2.175
Bhutan,1982,0.053,-2.175
Bhutan,1983,0.053,-2.175
Bhutan,1984,0.053,-2.175
Bhutan,1985,0.053,-2.175
Bhutan,1986,0.057,-2.175
Bhutan,1987,0.059,-2.175
Bhutan,1988,0.059,-2.175
Bhutan,1989,0.059,-2.175
Bhutan,1990,0.059,-2.175
Bhutan,1991,0.059,-2.175
Bhutan,1992,0.063,-2.175
Bhutan,1993,0.065,-2.175
Bhutan,1994,0.064,-2.175
Bhutan,1995,0.064,-3.071
Bhutan,1996,0.064,-3.071
Bhutan,1997,0.064,-3.071
Bhutan,1998,0.064,-3.071
Bhutan,1999,0.088,-3.071
Bhutan,2000,0.091,-2.376
Bhutan,2001,0.093,-2.376
Bhutan,2002,0.095,-2.376
Bhutan,2003,0.096,-2.376
Bhutan,2004,0.098,-2.376
Bhutan,2005,0.099,-2.333
Bhutan,2006,0.107,-2.333
Bhutan,2007,0.133,-2.333
Bhutan,2008,0.491,-1.491
Bhutan,2009,0.587,-1.491
Bhutan,2010,0.601,-1.178
Bhutan,2011,0.601,-1.178
Bhutan,2012,0.597,-1.178
Bhutan,2013,0.573,-1.178
Bhutan,2014,0.564,-1.178
Bhutan,2015,0.568,-1.178
Bhutan,2016,0.558,-1.178
Bhutan,2017,0.571,-1.178
Bhutan,2018,0.579,-1.178
Bhutan,2019,0.598,-1.178
Bhutan,2020,0.598,-1.178
Bhutan,2021,0.574,-1.176
Bhutan,2022,0.558,-1.176
Bhutan,2023,0.532,-1.176
Bhutan,2024,0.565,-0.894
Bhutan,2025,0.566,-0.894
Burkina Faso,1919,0.083,-1.192
Burkina Faso,1920,0.083,-1.192
Burkina Faso,1921,0.083,-1.192
Burkina Faso,1922,0.084,-1.192
Burkina Faso,1923,0.084,-1.192
Burkina Faso,1924,0.084,-1.192
Burkina Faso,1925,0.084,-1.192
Burkina Faso,1926,0.084,-1.192
Burkina Faso,1927,0.084,-1.192
Burkina Faso,1928,0.084,-1.192
Burkina Faso,1929,0.084,-1.192
Burkina Faso,1930,0.084,-1.192
Burkina Faso,1931,0.084,-1.192
Burkina Faso,1947,0.104,-1.318
Burkina Faso,1948,0.104,-1.318
Burkina Faso,1949,0.137,-1.318
Burkina Faso,1950,0.14,-1.318
Burkina Faso,1951,0.14,-1.318
Burkina Faso,1952,0.148,-1.318
Burkina Faso,1953,0.148,-1.318
Burkina Faso,1954,0.148,-1.318
Burkina Faso,1955,0.152,-1.318
Burkina Faso,1956,0.152,-1.318
Burkina Faso,1957,0.202,-1.318
Burkina Faso,1958,0.201,-1.318
Burkina Faso,1959,0.226,-1.318
Burkina Faso,1960,0.299,0.107
Burkina Faso,1961,0.364,0.107
Burkina Faso,1962,0.364,0.107
Burkina Faso,1963,0.364,0.107
Burkina Faso,1964,0.364,0.107
Burkina Faso,1965,0.347,0.107
Burkina Faso,1966,0.186,0.107
Burkina Faso,1967,0.174,-0.687
Burkina Faso,1968,0.174,-0.687
Burkina Faso,1969,0.174,-0.687
Burkina Faso,1970,0.181,-0.46
Burkina Faso,1971,0.178,-0.46
Burkina Faso,1972,0.178,-0.46
Burkina Faso,1973,0.178,-0.46
Burkina Faso,1974,0.178,-0.46
Burkina Faso,1975,0.178,-0.46
Burkina Faso,1976,0.178,-0.46
Burkina Faso,1977,0.179,-0.46
Burkina Faso,1978,0.234,-0.46
Burkina Faso,1979,0.378,-0.46
Burkina Faso,1980,0.316,0.855
Burkina Faso,1981,0.159,0.855
Burkina Faso,1982,0.159,0.855
Burkina Faso,1983,0.16,1.026
Burkina Faso,1984,0.158,1.026
Burkina Faso,1985,0.155,1.026
Burkina Faso,1986,0.155,1.026
Burkina Faso,1987,0.159,1.026
Burkina Faso,1988,0.159,1.026
Burkina Faso,1989,0.159,1.026
Burkina Faso,1990,0.167,1.175
Burkina Faso,1991,0.193,0.663
Burkina Faso,1992,0.415,-0.654
Burkina Faso,1993,0.481,-0.654
Burkina Faso,1994,0.481,-0.654
Burkina Faso,1995,0.481,-0.654
Burkina Faso,1996,0.484,-0.654
Burkina Faso,1997,0.486,-0.654
Burkina Faso,1998,0.492,-0.523
Burkina Faso,1999,0.487,-0.523
Burkina Faso,2000,0.516,-0.668
Burkina Faso,2001,0.519,-0.668
Burkina Faso,2002,0.517,-0.668
Burkina Faso,2003,0.516,-0.668
Burkina Faso,2004,0.516,-0.668
Burkina Faso,2005,0.52,-0.529
Burkina Faso,2006,0.542,-0.529
Burkina Faso,2007,0.534,-0.529
Burkina Faso,2008,0.531,-0.529
Burkina Faso,2009,0.537,-0.529
Burkina Faso,2010,0.559,-0.62
Burkina Faso,2011,0.561,-0.62
Burkina Faso,2012,0.571,-0.256
Burkina Faso,2013,0.598,-0.596
Burkina Faso,2014,0.569,-1.096
Burkina Faso,2015,0.376,-1.096
Burkina Faso,2016,0.683,-1.232
Burkina Faso,2017,0.683,-1.232
Burkina Faso,2018,0.666,-1.232
Burkina Faso,2019,0.657,-1.232
Burkina Faso,2020,0.662,-1.089
Burkina Faso,2021,0.634,0.558
Burkina Faso,2022,0.275,0.946
Burkina Faso,2023,0.212,1.533
Burkina Faso,2024,0.154,1.533
Burkina Faso,2025,0.134,1.533
Cambodia,1900,0.034,-0.754
Cambodia,1901,0.034,-0.754
Cambodia,1902,0.034,-0.754
Cambodia,1903,0.034,-0.754
Cambodia,1904,0.034,-0.754
Cambodia,1905,0.034,-0.754
Cambodia,1906,0.034,-0.754
Cambodia,1907,0.034,-0.754
Cambodia,1908,0.034,-0.754
Cambodia,1909,0.034,-0.754
Cambodia,1910,0.034,-0.754
Cambodia,1911,0.034,-0.754
Cambodia,1912,0.034,-0.754
Cambodia,1913,0.034,-0.754
Cambodia,1914,0.034,-0.754
Cambodia,1915,0.034,-0.754
Cambodia,1916,0.034,-0.754
Cambodia,1917,0.034,-0.754
Cambodia,1918,0.034,-0.754
Cambodia,1919,0.034,-0.754
Cambodia,1920,0.034,-0.754
Cambodia,1921,0.034,-0.754
Cambodia,1922,0.034,-0.754
Cambodia,1923,0.034,-0.754
Cambodia,1924,0.034,-0.754
Cambodia,1925,0.034,-0.754
Cambodia,1926,0.034,-0.754
Cambodia,1927,0.034,-0.754
Cambodia,1928,0.034,-0.754
Cambodia,1929,0.034,-0.754
Cambodia,1930,0.034,-0.754
Cambodia,1931,0.034,-0.754
Cambodia,1932,0.034,-0.754
Cambodia,1933,0.034,-0.754
Cambodia,1934,0.034,-0.754
Cambodia,1935,0.034,-0.754
Cambodia,1936,0.034,-0.754
Cambodia,1937,0.034,-0.754
Cambodia,1938,0.034,-0.754
Cambodia,1939,0.034,-0.754
Cambodia,1940,0.034,-0.616
Cambodia,1941,0.034,-0.616
Cambodia,1942,0.034,-0.616
Cambodia,1943,0.034,0.333
Cambodia,1944,0.034,0.333
Cambodia,1945,0.035,0.333
Cambodia,1946,0.04,0.009
Cambodia,1947,0.07,0.009
Cambodia,1948,0.099,0.009
Cambodia,1949,0.09,0.009
Cambodia,1950,0.071,0.576
Cambodia,1951,0.081,0.576
Cambodia,1952,0.086,0.576
Cambodia,1953,0.069,0.804
Cambodia,1954,0.102,0.431
Cambodia,1955,0.141,0.431
Cambodia,1956,0.266,0.096
Cambodia,1957,0.266,0.096
Cambodia,1958,0.264,-0.247
Cambodia,1959,0.263,-0.247
Cambodia,1960,0.27,-0.247
Cambodia,1961,0.27,-0.247
Cambodia,1962,0.265,-0.247
Cambodia,1963,0.263,-0.247
Cambodia,1964,0.262,-0.247
Cambodia,1965,0.262,-0.247
Cambodia,1966,0.262,-0.247
Cambodia,1967,0.262,0.493
Cambodia,1968,0.262,0.493
Cambodia,1969,0.262,0.493
Cambodia,1970,0.16,2.238
Cambodia,1971,0.137,2.238
Cambodia,1972,0.147,2.238
Cambodia,1973,0.163,2.238
Cambodia,1974,0.163,2.238
Cambodia,1975,0.067,2.865
Cambodia,1976,0.103,2.865
Cambodia,1977,0.13,2.865
Cambodia,1978,0.13,2.865
Cambodia,1979,0.069,2.865
Cambodia,1980,0.07,1.649
Cambodia,1981,0.089,1.649
Cambodia,1982,0.105,1.649
Cambodia,1983,0.105,1.649
Cambodia,1984,0.105,1.649
Cambodia,1985,0.105,1.649
Cambodia,1986,0.105,1.649
Cambodia,1987,0.105,1.649
Cambodia,1988,0.105,1.649
Cambodia,1989,0.105,1.649
Cambodia,1990,0.138,1.831
Cambodia,1991,0.139,1.831
Cambodia,1992,0.164,0.847
Cambodia,1993,0.318,0.499
Cambodia,1994,0.365,0.499
Cambodia,1995,0.365,0.499
Cambodia,1996,0.365,0.499
Cambodia,1997,0.365,1.319
Cambodia,1998,0.347,0.528
Cambodia,1999,0.321,0.528
Cambodia,2000,0.318,-0.168
Cambodia,2001,0.317,-0.168
Cambodia,2002,0.317,-0.168
Cambodia,2003,0.321,-0.168
Cambodia,2004,0.324,-0.168
Cambodia,2005,0.32,-0.168
Cambodia,2006,0.32,-0.168
Cambodia,2007,0.319,-0.168
Cambodia,2008,0.316,-0.168
Cambodia,2009,0.308,-0.168
Cambodia,2010,0.308,-0.106
Cambodia,2011,0.308,-0.106
Cambodia,2012,0.305,0.358
Cambodia,2013,0.297,0.31
Cambodia,2014,0.293,0.31
Cambodia,2015,0.291,-0.019
Cambodia,2016,0.275,-0.019
Cambodia,2017,0.234,0.244
Cambodia,2018,0.211,0.808
Cambodia,2019,0.194,0.808
Cambodia,2020,0.191,0.566
Cambodia,2021,0.19,0.566
Cambodia,2022,0.199,0.566
Cambodia,2023,0.189,0.983
Cambodia,2024,0.184,0.988
Cambodia,2025,0.183,0.988
Indonesia,1800,0.019,NA
Indonesia,1801,0.019,NA
Indonesia,1802,0.019,NA
Indonesia,1803,0.019,NA
Indonesia,1804,0.019,NA
Indonesia,1805,0.019,NA
Indonesia,1806,0.019,NA
Indonesia,1807,0.019,NA
Indonesia,1808,0.019,NA
Indonesia,1809,0.019,NA
Indonesia,1810,0.019,NA
Indonesia,1811,0.019,NA
Indonesia,1812,0.019,NA
Indonesia,1813,0.019,NA
Indonesia,1814,0.019,NA
Indonesia,1815,0.019,NA
Indonesia,1816,0.019,NA
Indonesia,1817,0.019,NA
Indonesia,1818,0.019,NA
Indonesia,1819,0.019,NA
Indonesia,1820,0.019,NA
Indonesia,1821,0.019,NA
Indonesia,1822,0.019,NA
Indonesia,1823,0.019,NA
Indonesia,1824,0.019,NA
Indonesia,1825,0.019,NA
Indonesia,1826,0.019,NA
Indonesia,1827,0.019,NA
Indonesia,1828,0.019,NA
Indonesia,1829,0.019,NA
Indonesia,1830,0.019,NA
Indonesia,1831,0.019,NA
Indonesia,1832,0.019,NA
Indonesia,1833,0.019,NA
Indonesia,1834,0.019,NA
Indonesia,1835,0.019,NA
Indonesia,1836,0.019,NA
Indonesia,1837,0.019,NA
Indonesia,1838,0.019,NA
Indonesia,1839,0.019,NA
Indonesia,1840,0.019,NA
Indonesia,1841,0.019,NA
Indonesia,1842,0.019,NA
Indonesia,1843,0.019,NA
Indonesia,1844,0.019,NA
Indonesia,1845,0.019,NA
Indonesia,1846,0.019,NA
Indonesia,1847,0.019,NA
Indonesia,1848,0.019,NA
Indonesia,1849,0.019,NA
Indonesia,1850,0.019,NA
Indonesia,1851,0.019,NA
Indonesia,1852,0.019,NA
Indonesia,1853,0.019,NA
Indonesia,1854,0.019,NA
Indonesia,1855,0.019,NA
Indonesia,1856,0.019,NA
Indonesia,1857,0.019,NA
Indonesia,1858,0.019,NA
Indonesia,1859,0.019,NA
Indonesia,1860,0.019,NA
Indonesia,1861,0.019,NA
Indonesia,1862,0.019,NA
Indonesia,1863,0.019,NA
Indonesia,1864,0.019,NA
Indonesia,1865,0.019,NA
Indonesia,1866,0.019,NA
Indonesia,1867,0.019,NA
Indonesia,1868,0.019,NA
Indonesia,1869,0.019,NA
Indonesia,1870,0.019,NA
Indonesia,1871,0.019,NA
Indonesia,1872,0.019,NA
Indonesia,1873,0.019,NA
Indonesia,1874,0.019,NA
Indonesia,1875,0.019,NA
Indonesia,1876,0.019,NA
Indonesia,1877,0.019,NA
Indonesia,1878,0.019,NA
Indonesia,1879,0.019,NA
Indonesia,1880,0.019,NA
Indonesia,1881,0.019,NA
Indonesia,1882,0.019,NA
Indonesia,1883,0.019,NA
Indonesia,1884,0.019,NA
Indonesia,1885,0.019,NA
Indonesia,1886,0.019,NA
Indonesia,1887,0.019,NA
Indonesia,1888,0.019,NA
Indonesia,1889,0.019,NA
Indonesia,1890,0.019,NA
Indonesia,1891,0.019,NA
Indonesia,1892,0.019,NA
Indonesia,1893,0.019,NA
Indonesia,1894,0.019,NA
Indonesia,1895,0.019,NA
Indonesia,1896,0.019,NA
Indonesia,1897,0.019,NA
Indonesia,1898,0.019,NA
Indonesia,1899,0.019,NA
Indonesia,1900,0.023,1.387
Indonesia,1901,0.025,1.387
Indonesia,1902,0.025,1.387
Indonesia,1903,0.025,1.387
Indonesia,1904,0.025,1.387
Indonesia,1905,0.025,1.387
Indonesia,1906,0.031,1.387
Indonesia,1907,0.031,1.387
Indonesia,1908,0.037,1.387
Indonesia,1909,0.038,1.387
Indonesia,1910,0.037,1.387
Indonesia,1911,0.037,1.387
Indonesia,1912,0.037,1.387
Indonesia,1913,0.037,1.387
Indonesia,1914,0.037,1.387
Indonesia,1915,0.037,1.387
Indonesia,1916,0.037,1.387
Indonesia,1917,0.037,1.387
Indonesia,1918,0.037,1.387
Indonesia,1919,0.043,1.387
Indonesia,1920,0.043,0.966
Indonesia,1921,0.043,0.966
Indonesia,1922,0.043,0.966
Indonesia,1923,0.043,0.966
Indonesia,1924,0.043,0.966
Indonesia,1925,0.043,0.966
Indonesia,1926,0.042,0.966
Indonesia,1927,0.042,0.966
Indonesia,1928,0.038,0.966
Indonesia,1929,0.038,0.966
Indonesia,1930,0.038,0.966
Indonesia,1931,0.035,0.966
Indonesia,1932,0.035,0.966
Indonesia,1933,0.035,0.966
Indonesia,1934,0.035,0.966
Indonesia,1935,0.035,0.966
Indonesia,1936,0.035,0.966
Indonesia,1937,0.035,0.966
Indonesia,1938,0.035,0.966
Indonesia,1939,0.035,0.966
Indonesia,1940,0.033,0.661
Indonesia,1941,0.033,0.661
Indonesia,1942,0.026,0.571
Indonesia,1943,0.026,0.571
Indonesia,1944,0.026,1.003
Indonesia,1945,0.112,1.003
Indonesia,1946,0.169,1.085
Indonesia,1947,0.169,1.085
Indonesia,1948,0.169,1.085
Indonesia,1949,0.197,1.085
Indonesia,1950,0.222,2.041
Indonesia,1951,0.261,2.041
Indonesia,1952,0.261,2.041
Indonesia,1953,0.261,2.041
Indonesia,1954,0.261,2.041
Indonesia,1955,0.281,1.421
Indonesia,1956,0.605,1.421
Indonesia,1957,0.535,0.936
Indonesia,1958,0.459,0.936
Indonesia,1959,0.416,1.007
Indonesia,1960,0.241,1.476
Indonesia,1961,0.224,1.476
Indonesia,1962,0.224,1.476
Indonesia,1963,0.224,1.476
Indonesia,1964,0.224,1.555
Indonesia,1965,0.216,2.662
Indonesia,1966,0.195,2.076
Indonesia,1967,0.194,0.406
Indonesia,1968,0.194,0.406
Indonesia,1969,0.194,-0.256
Indonesia,1970,0.189,-0.586
Indonesia,1971,0.208,-0.586
Indonesia,1972,0.233,-0.586
Indonesia,1973,0.23,-0.586
Indonesia,1974,0.225,-0.586
Indonesia,1975,0.217,-0.586
Indonesia,1976,0.217,-0.586
Indonesia,1977,0.199,-0.586
Indonesia,1978,0.193,-0.586
Indonesia,1979,0.193,-0.586
Indonesia,1980,0.193,-0.156
Indonesia,1981,0.193,-0.156
Indonesia,1982,0.192,-0.156
Indonesia,1983,0.192,-0.156
Indonesia,1984,0.192,-0.156
Indonesia,1985,0.192,-0.156
Indonesia,1986,0.192,-0.156
Indonesia,1987,0.192,-0.156
Indonesia,1988,0.192,-0.156
Indonesia,1989,0.192,-0.156
Indonesia,1990,0.192,-0.175
Indonesia,1991,0.195,-0.175
Indonesia,1992,0.194,-0.175
Indonesia,1993,0.193,-0.175
Indonesia,1994,0.193,-0.175
Indonesia,1995,0.193,-0.175
Indonesia,1996,0.193,-0.175
Indonesia,1997,0.2,-0.175
Indonesia,1998,0.286,0.25
Indonesia,1999,0.55,0.181
Indonesia,2000,0.666,0.181
Indonesia,2001,0.666,0.181
Indonesia,2002,0.666,0.181
Indonesia,2003,0.666,0.181
Indonesia,2004,0.689,0.181
Indonesia,2005,0.7,0.181
Indonesia,2006,0.696,0.181
Indonesia,2007,0.697,0.181
Indonesia,2008,0.707,0.181
Indonesia,2009,0.684,0.181
Indonesia,2010,0.686,0.388
Indonesia,2011,0.686,0.388
Indonesia,2012,0.685,0.613
Indonesia,2013,0.668,0.613
Indonesia,2014,0.658,0.916
Indonesia,2015,0.654,0.916
Indonesia,2016,0.639,1.498
Indonesia,2017,0.627,1.498
Indonesia,2018,0.599,1.498
Indonesia,2019,0.596,1.498
Indonesia,2020,0.566,0.699
Indonesia,2021,0.545,0.699
Indonesia,2022,0.561,0.699
Indonesia,2023,0.538,0.807
Indonesia,2024,0.496,0.807
Indonesia,2025,0.462,0.104
Mozambique,1900,0.029,0.173
Mozambique,1901,0.029,0.173
Mozambique,1902,0.029,0.173
Mozambique,1903,0.029,0.173
Mozambique,1904,0.029,0.173
Mozambique,1905,0.029,0.173
Mozambique,1906,0.029,0.173
Mozambique,1907,0.029,0.173
Mozambique,1908,0.029,0.173
Mozambique,1909,0.029,0.173
Mozambique,1910,0.029,0.173
Mozambique,1911,0.029,0.173
Mozambique,1912,0.029,0.173
Mozambique,1913,0.029,0.173
Mozambique,1914,0.029,0.173
Mozambique,1915,0.029,0.173
Mozambique,1916,0.029,0.173
Mozambique,1917,0.029,0.173
Mozambique,1918,0.029,0.173
Mozambique,1919,0.029,0.173
Mozambique,1920,0.029,0.173
Mozambique,1921,0.029,0.173
Mozambique,1922,0.029,0.173
Mozambique,1923,0.029,0.173
Mozambique,1924,0.029,0.173
Mozambique,1925,0.029,0.173
Mozambique,1926,0.028,0.173
Mozambique,1927,0.028,0.173
Mozambique,1928,0.028,0.173
Mozambique,1929,0.028,0.173
Mozambique,1930,0.027,0.173
Mozambique,1931,0.027,0.173
Mozambique,1932,0.027,0.173
Mozambique,1933,0.027,0.173
Mozambique,1934,0.027,0.173
Mozambique,1935,0.027,0.173
Mozambique,1936,0.027,0.173
Mozambique,1937,0.027,0.173
Mozambique,1938,0.027,0.173
Mozambique,1939,0.027,0.173
Mozambique,1940,0.027,0.173
Mozambique,1941,0.027,0.173
Mozambique,1942,0.027,0.173
Mozambique,1943,0.027,0.173
Mozambique,1944,0.027,0.173
Mozambique,1945,0.026,0.173
Mozambique,1946,0.026,0.173
Mozambique,1947,0.026,0.173
Mozambique,1948,0.026,0.173
Mozambique,1949,0.026,0.173
Mozambique,1950,0.026,0.173
Mozambique,1951,0.026,0.173
Mozambique,1952,0.026,0.173
Mozambique,1953,0.026,0.173
Mozambique,1954,0.026,0.173
Mozambique,1955,0.026,0.173
Mozambique,1956,0.026,0.173
Mozambique,1957,0.026,0.173
Mozambique,1958,0.026,0.173
Mozambique,1959,0.026,0.173
Mozambique,1960,0.026,0.173
Mozambique,1961,0.026,0.173
Mozambique,1962,0.027,0.173
Mozambique,1963,0.027,0.173
Mozambique,1964,0.027,0.173
Mozambique,1965,0.027,0.173
Mozambique,1966,0.027,0.173
Mozambique,1967,0.027,0.173
Mozambique,1968,0.027,0.173
Mozambique,1969,0.027,0.173
Mozambique,1970,0.027,0.173
Mozambique,1971,0.027,0.173
Mozambique,1972,0.027,0.173
Mozambique,1973,0.05,0.173
Mozambique,1974,0.034,0.173
Mozambique,1975,0.024,-0.278
Mozambique,1976,0.08,-0.278
Mozambique,1977,0.08,0.097
Mozambique,1978,0.08,0.097
Mozambique,1979,0.08,0.097
Mozambique,1980,0.08,0.097
Mozambique,1981,0.08,0.097
Mozambique,1982,0.08,0.097
Mozambique,1983,0.08,0.097
Mozambique,1984,0.08,0.097
Mozambique,1985,0.08,0.097
Mozambique,1986,0.08,0.097
Mozambique,1987,0.081,0.097
Mozambique,1988,0.081,0.097
Mozambique,1989,0.081,0.097
Mozambique,1990,0.123,-0.264
Mozambique,1991,0.16,-0.264
Mozambique,1992,0.183,-0.264
Mozambique,1993,0.22,-0.442
Mozambique,1994,0.246,-0.58
Mozambique,1995,0.463,-0.858
Mozambique,1996,0.457,-0.858
Mozambique,1997,0.457,-0.858
Mozambique,1998,0.46,-0.858
Mozambique,1999,0.453,-0.858
Mozambique,2000,0.419,-1.061
Mozambique,2001,0.419,-1.061
Mozambique,2002,0.419,-1.061
Mozambique,2003,0.422,-1.061
Mozambique,2004,0.425,-1.061
Mozambique,2005,0.463,-1.213
Mozambique,2006,0.464,-1.213
Mozambique,2007,0.464,-1.213
Mozambique,2008,0.456,-1.213
Mozambique,2009,0.453,-1.213
Mozambique,2010,0.425,-1.125
Mozambique,2011,0.427,-1.125
Mozambique,2012,0.427,-1.125
Mozambique,2013,0.437,-1.125
Mozambique,2014,0.43,-1.125
Mozambique,2015,0.437,-1.125
Mozambique,2016,0.433,-1.125
Mozambique,2017,0.408,-1.125
Mozambique,2018,0.4,-1.125
Mozambique,2019,0.397,-1.125
Mozambique,2020,0.364,-1.049
Mozambique,2021,0.367,-0.894
Mozambique,2022,0.366,-0.894
Mozambique,2023,0.351,-0.744
Mozambique,2024,0.31,1.513
Mozambique,2025,0.279,1.256
Nepal,1789,0.007,NA
Nepal,1790,0.007,NA
Nepal,1791,0.007,NA
Nepal,1792,0.007,NA
Nepal,1793,0.007,NA
Nepal,1794,0.007,NA
Nepal,1795,0.007,NA
Nepal,1796,0.007,NA
Nepal,1797,0.007,NA
Nepal,1798,0.007,NA
Nepal,1799,0.007,NA
Nepal,1800,0.007,NA
Nepal,1801,0.007,NA
Nepal,1802,0.007,NA
Nepal,1803,0.007,NA
Nepal,1804,0.007,NA
Nepal,1805,0.007,NA
Nepal,1806,0.007,NA
Nepal,1807,0.007,NA
Nepal,1808,0.007,NA
Nepal,1809,0.007,NA
Nepal,1810,0.007,NA
Nepal,1811,0.007,NA
Nepal,1812,0.007,NA
Nepal,1813,0.007,NA
Nepal,1814,0.007,NA
Nepal,1815,0.007,NA
Nepal,1816,0.007,NA
Nepal,1817,0.007,NA
Nepal,1818,0.007,NA
Nepal,1819,0.007,NA
Nepal,1820,0.007,NA
Nepal,1821,0.007,NA
Nepal,1822,0.007,NA
Nepal,1823,0.007,NA
Nepal,1824,0.007,NA
Nepal,1825,0.007,NA
Nepal,1826,0.007,NA
Nepal,1827,0.007,NA
Nepal,1828,0.007,NA
Nepal,1829,0.007,NA
Nepal,1830,0.007,NA
Nepal,1831,0.007,NA
Nepal,1832,0.007,NA
Nepal,1833,0.007,NA
Nepal,1834,0.007,NA
Nepal,1835,0.007,NA
Nepal,1836,0.007,NA
Nepal,1837,0.007,NA
Nepal,1838,0.007,NA
Nepal,1839,0.007,NA
Nepal,1840,0.007,NA
Nepal,1841,0.007,NA
Nepal,1842,0.007,NA
Nepal,1843,0.007,NA
Nepal,1844,0.007,NA
Nepal,1845,0.007,NA
Nepal,1846,0.006,NA
Nepal,1847,0.006,NA
Nepal,1848,0.006,NA
Nepal,1849,0.006,NA
Nepal,1850,0.006,NA
Nepal,1851,0.006,NA
Nepal,1852,0.006,NA
Nepal,1853,0.006,NA
Nepal,1854,0.006,NA
Nepal,1855,0.006,NA
Nepal,1856,0.006,NA
Nepal,1857,0.006,NA
Nepal,1858,0.006,NA
Nepal,1859,0.006,NA
Nepal,1860,0.006,NA
Nepal,1861,0.006,NA
Nepal,1862,0.006,NA
Nepal,1863,0.006,NA
Nepal,1864,0.006,NA
Nepal,1865,0.006,NA
Nepal,1866,0.006,NA
Nepal,1867,0.006,NA
Nepal,1868,0.006,NA
Nepal,1869,0.006,NA
Nepal,1870,0.006,NA
Nepal,1871,0.006,NA
Nepal,1872,0.006,NA
Nepal,1873,0.006,NA
Nepal,1874,0.006,NA
Nepal,1875,0.006,NA
Nepal,1876,0.006,NA
Nepal,1877,0.006,NA
Nepal,1878,0.006,NA
Nepal,1879,0.006,NA
Nepal,1880,0.006,NA
Nepal,1881,0.006,NA
Nepal,1882,0.006,NA
Nepal,1883,0.006,NA
Nepal,1884,0.006,NA
Nepal,1885,0.006,NA
Nepal,1886,0.006,NA
Nepal,1887,0.006,NA
Nepal,1888,0.006,NA
Nepal,1889,0.006,NA
Nepal,1890,0.006,NA
Nepal,1891,0.006,NA
Nepal,1892,0.006,NA
Nepal,1893,0.006,NA
Nepal,1894,0.006,NA
Nepal,1895,0.006,NA
Nepal,1896,0.006,NA
Nepal,1897,0.006,NA
Nepal,1898,0.006,NA
Nepal,1899,0.006,NA
Nepal,1900,0.01,-1.442
Nepal,1901,0.01,-1.442
Nepal,1902,0.01,-1.442
Nepal,1903,0.01,-1.442
Nepal,1904,0.01,-1.442
Nepal,1905,0.01,-1.442
Nepal,1906,0.01,-1.442
Nepal,1907,0.01,-1.442
Nepal,1908,0.01,-1.442
Nepal,1909,0.01,-1.442
Nepal,1910,0.01,-1.214
Nepal,1911,0.01,-1.214
Nepal,1912,0.01,-1.214
Nepal,1913,0.01,-1.214
Nepal,1914,0.01,-1.214
Nepal,1915,0.01,-1.214
Nepal,1916,0.01,-1.214
Nepal,1917,0.01,-1.214
Nepal,1918,0.01,-1.214
Nepal,1919,0.01,-1.214
Nepal,1920,0.009,-1.417
Nepal,1921,0.009,-1.417
Nepal,1922,0.009,-1.417
Nepal,1923,0.009,-1.417
Nepal,1924,0.009,-1.417
Nepal,1925,0.009,-1.417
Nepal,1926,0.009,-1.417
Nepal,1927,0.009,-1.417
Nepal,1928,0.009,-1.417
Nepal,1929,0.009,-1.417
Nepal,1930,0.009,-1.417
Nepal,1931,0.009,-1.417
Nepal,1932,0.01,-1.417
Nepal,1933,0.01,-1.417
Nepal,1934,0.01,-1.417
Nepal,1935,0.01,-1.417
Nepal,1936,0.01,-1.417
Nepal,1937,0.01,-1.417
Nepal,1938,0.01,-1.417
Nepal,1939,0.01,-1.417
Nepal,1940,0.01,-1.417
Nepal,1941,0.01,-1.417
Nepal,1942,0.01,-1.417
Nepal,1943,0.01,-1.417
Nepal,1944,0.01,-1.417
Nepal,1945,0.013,-1.417
Nepal,1946,0.013,-1.417
Nepal,1947,0.014,-1.417
Nepal,1948,0.014,-1.417
Nepal,1949,0.014,-1.417
Nepal,1950,0.027,-0.838
Nepal,1951,0.054,-0.72
Nepal,1952,0.141,-0.72
Nepal,1953,0.141,-0.72
Nepal,1954,0.141,-0.72
Nepal,1955,0.141,-0.72
Nepal,1956,0.141,-0.72
Nepal,1957,0.141,-0.72
Nepal,1958,0.143,-0.72
Nepal,1959,0.207,-0.833
Nepal,1960,0.199,0.519
Nepal,1961,0.101,0.645
Nepal,1962,0.092,0.778
Nepal,1963,0.092,0.778
Nepal,1964,0.092,0.778
Nepal,1965,0.092,0.778
Nepal,1966,0.092,1.948
Nepal,1967,0.092,1.948
Nepal,1968,0.092,1.948
Nepal,1969,0.092,1.948
Nepal,1970,0.092,2.052
Nepal,1971,0.094,2.052
Nepal,1972,0.094,2.052
Nepal,1973,0.094,2.052
Nepal,1974,0.094,2.052
Nepal,1975,0.094,2.052
Nepal,1976,0.094,2.052
Nepal,1977,0.094,2.052
Nepal,1978,0.094,2.052
Nepal,1979,0.094,2.052
Nepal,1980,0.098,1.751
Nepal,1981,0.106,1.751
Nepal,1982,0.11,1.751
Nepal,1983,0.11,1.751
Nepal,1984,0.11,1.751
Nepal,1985,0.11,1.751
Nepal,1986,0.112,1.751
Nepal,1987,0.112,1.751
Nepal,1988,0.112,1.751
Nepal,1989,0.112,1.751
Nepal,1990,0.258,1.125
Nepal,1991,0.383,1.008
Nepal,1992,0.407,1.086
Nepal,1993,0.407,1.215
Nepal,1994,0.407,1.215
Nepal,1995,0.405,0.991
Nepal,1996,0.398,0.991
Nepal,1997,0.395,0.991
Nepal,1998,0.395,0.991
Nepal,1999,0.388,0.991
Nepal,2000,0.36,0.991
Nepal,2001,0.352,0.991
Nepal,2002,0.271,0.991
Nepal,2003,0.224,0.991
Nepal,2004,0.224,0.991
Nepal,2005,0.222,0.991
Nepal,2006,0.23,0.991
Nepal,2007,0.274,0.991
Nepal,2008,0.478,0.843
Nepal,2009,0.56,0.843
Nepal,2010,0.554,0.946
Nepal,2011,0.556,0.946
Nepal,2012,0.39,0.946
Nepal,2013,0.28,0.946
Nepal,2014,0.625,0.946
Nepal,2015,0.643,1.017
Nepal,2016,0.665,1.017
Nepal,2017,0.66,1.087
Nepal,2018,0.633,1.087
Nepal,2019,0.606,1.087
Nepal,2020,0.598,1.073
Nepal,2021,0.609,1.072
Nepal,2022,0.631,0.941
Nepal,2023,0.685,0.941
Nepal,2024,0.669,0.941
Nepal,2025,0.656,-0.448
Nicaragua,1838,NA,NA
Nicaragua,1839,0.043,NA
Nicaragua,1840,0.065,NA
Nicaragua,1841,0.075,NA
Nicaragua,1842,0.075,NA
Nicaragua,1843,0.075,NA
Nicaragua,1844,0.075,NA
Nicaragua,1845,0.073,NA
Nicaragua,1846,0.075,NA
Nicaragua,1847,0.063,NA
Nicaragua,1848,0.059,NA
Nicaragua,1849,0.071,NA
Nicaragua,1850,0.075,NA
Nicaragua,1851,0.073,NA
Nicaragua,1852,0.075,NA
Nicaragua,1853,0.063,NA
Nicaragua,1854,0.058,NA
Nicaragua,1855,0.052,NA
Nicaragua,1856,0.026,NA
Nicaragua,1857,0.036,NA
Nicaragua,1858,0.098,NA
Nicaragua,1859,0.129,NA
Nicaragua,1860,0.182,NA
Nicaragua,1861,0.182,NA
Nicaragua,1862,0.182,NA
Nicaragua,1863,0.182,NA
Nicaragua,1864,0.182,NA
Nicaragua,1865,0.182,NA
Nicaragua,1866,0.182,NA
Nicaragua,1867,0.182,NA
Nicaragua,1868,0.182,NA
Nicaragua,1869,0.182,NA
Nicaragua,1870,0.182,NA
Nicaragua,1871,0.182,NA
Nicaragua,1872,0.182,NA
Nicaragua,1873,0.182,NA
Nicaragua,1874,0.182,NA
Nicaragua,1875,0.182,NA
Nicaragua,1876,0.182,NA
Nicaragua,1877,0.182,NA
Nicaragua,1878,0.182,NA
Nicaragua,1879,0.168,NA
Nicaragua,1880,0.166,NA
Nicaragua,1881,0.166,NA
Nicaragua,1882,0.166,NA
Nicaragua,1883,0.179,NA
Nicaragua,1884,0.182,NA
Nicaragua,1885,0.182,NA
Nicaragua,1886,0.203,NA
Nicaragua,1887,0.203,NA
Nicaragua,1888,0.222,NA
Nicaragua,1889,0.215,NA
Nicaragua,1890,0.194,NA
Nicaragua,1891,0.209,NA
Nicaragua,1892,0.169,NA
Nicaragua,1893,0.146,NA
Nicaragua,1894,0.11,NA
Nicaragua,1895,0.173,NA
Nicaragua,1896,0.099,NA
Nicaragua,1897,0.099,NA
Nicaragua,1898,0.099,NA
Nicaragua,1899,0.102,NA
Nicaragua,1900,0.107,1.193
Nicaragua,1901,0.106,1.193
Nicaragua,1902,0.099,1.193
Nicaragua,1903,0.099,1.193
Nicaragua,1904,0.099,1.193
Nicaragua,1905,0.1,1.193
Nicaragua,1906,0.1,1.193
Nicaragua,1907,0.096,1.193
Nicaragua,1908,0.096,1.193
Nicaragua,1909,0.096,1.193
Nicaragua,1910,0.101,1.193
Nicaragua,1911,0.097,1.193
Nicaragua,1912,0.099,1.193
Nicaragua,1913,0.131,1.193
Nicaragua,1914,0.133,1.193
Nicaragua,1915,0.162,1.193
Nicaragua,1916,0.162,1.193
Nicaragua,1917,0.161,1.193
Nicaragua,1918,0.161,1.193
Nicaragua,1919,0.161,1.193
Nicaragua,1920,0.162,1.462
Nicaragua,1921,0.164,1.462
Nicaragua,1922,0.164,1.462
Nicaragua,1923,0.165,1.462
Nicaragua,1924,0.168,1.462
Nicaragua,1925,0.169,1.462
Nicaragua,1926,0.113,1.462
Nicaragua,1927,0.109,1.462
Nicaragua,1928,0.099,1.462
Nicaragua,1929,0.109,1.462
Nicaragua,1930,0.108,1.462
Nicaragua,1931,0.107,1.462
Nicaragua,1932,0.107,1.462
Nicaragua,1933,0.096,1.462
Nicaragua,1934,0.152,1.462
Nicaragua,1935,0.148,1.462
Nicaragua,1936,0.146,1.462
Nicaragua,1937,0.142,1.68
Nicaragua,1938,0.142,1.68
Nicaragua,1939,0.142,1.68
Nicaragua,1940,0.143,1.68
Nicaragua,1941,0.143,1.68
Nicaragua,1942,0.143,1.68
Nicaragua,1943,0.143,1.68
Nicaragua,1944,0.143,1.68
Nicaragua,1945,0.142,1.68
Nicaragua,1946,0.142,1.68
Nicaragua,1947,0.128,1.68
Nicaragua,1948,0.137,1.68
Nicaragua,1949,0.137,1.68
Nicaragua,1950,0.139,2.123
Nicaragua,1951,0.14,2.123
Nicaragua,1952,0.14,2.123
Nicaragua,1953,0.14,2.123
Nicaragua,1954,0.14,2.123
Nicaragua,1955,0.14,2.123
Nicaragua,1956,0.172,2.123
Nicaragua,1957,0.172,2.123
Nicaragua,1958,0.172,2.123
Nicaragua,1959,0.17,2.123
Nicaragua,1960,0.172,0.519
Nicaragua,1961,0.173,0.519
Nicaragua,1962,0.174,0.519
Nicaragua,1963,0.174,0.519
Nicaragua,1964,0.175,0.519
Nicaragua,1965,0.175,0.519
Nicaragua,1966,0.174,0.519
Nicaragua,1967,0.176,0.519
Nicaragua,1968,0.175,0.519
Nicaragua,1969,0.175,0.519
Nicaragua,1970,0.175,2.1
Nicaragua,1971,0.175,2.1
Nicaragua,1972,0.161,2.1
Nicaragua,1973,0.171,2.1
Nicaragua,1974,0.172,2.1
Nicaragua,1975,0.174,2.1
Nicaragua,1976,0.174,2.1
Nicaragua,1977,0.172,2.1
Nicaragua,1978,0.172,2.1
Nicaragua,1979,0.147,2.1
Nicaragua,1980,0.182,0.116
Nicaragua,1981,0.187,0.116
Nicaragua,1982,0.17,0.638
Nicaragua,1983,0.177,0.638
Nicaragua,1984,0.198,0.638
Nicaragua,1985,0.362,0.638
Nicaragua,1986,0.365,0.835
Nicaragua,1987,0.364,0.835
Nicaragua,1988,0.382,0.835
Nicaragua,1989,0.401,0.835
Nicaragua,1990,0.631,0.488
Nicaragua,1991,0.688,0.488
Nicaragua,1992,0.688,0.488
Nicaragua,1993,0.691,0.488
Nicaragua,1994,0.69,0.488
Nicaragua,1995,0.689,0.488
Nicaragua,1996,0.676,0.488
Nicaragua,1997,0.632,0.488
Nicaragua,1998,0.632,0.488
Nicaragua,1999,0.597,0.488
Nicaragua,2000,0.586,-0.474
Nicaragua,2001,0.588,-0.474
Nicaragua,2002,0.601,0.021
Nicaragua,2003,0.591,0.021
Nicaragua,2004,0.591,0.021
Nicaragua,2005,0.591,0.021
Nicaragua,2006,0.563,0.129
Nicaragua,2007,0.457,0.129
Nicaragua,2008,0.445,0.129
Nicaragua,2009,0.441,0.129
Nicaragua,2010,0.436,-0.047
Nicaragua,2011,0.425,-0.047
Nicaragua,2012,0.371,-0.047
Nicaragua,2013,0.319,-0.047
Nicaragua,2014,0.319,-0.047
Nicaragua,2015,0.318,-0.047
Nicaragua,2016,0.305,-0.047
Nicaragua,2017,0.281,-0.047
Nicaragua,2018,0.221,1.707
Nicaragua,2019,0.215,1.707
Nicaragua,2020,0.215,2.114
Nicaragua,2021,0.195,3.141
Nicaragua,2022,0.158,3.141
Nicaragua,2023,0.158,3.141
Nicaragua,2024,0.151,3.141
Nicaragua,2025,0.151,3.141
Niger,1922,0.015,-3.811
Niger,1923,0.015,-3.811
Niger,1924,0.015,-3.811
Niger,1925,0.015,-3.811
Niger,1926,0.015,-3.811
Niger,1927,0.015,-3.811
Niger,1928,0.015,-3.811
Niger,1929,0.015,-3.811
Niger,1930,0.016,-3.811
Niger,1931,0.016,-3.811
Niger,1932,0.016,-3.811
Niger,1933,0.016,-3.811
Niger,1934,0.016,-3.811
Niger,1935,0.016,-3.811
Niger,1936,0.016,-3.811
Niger,1937,0.016,-3.811
Niger,1938,0.016,-3.811
Niger,1939,0.016,-3.811
Niger,1940,0.016,-3.811
Niger,1941,0.016,-3.811
Niger,1942,0.016,-3.811
Niger,1943,0.016,-3.811
Niger,1944,0.016,-3.811
Niger,1945,0.018,-3.352
Niger,1946,0.028,-3.352
Niger,1947,0.055,-3.352
Niger,1948,0.03,-3.352
Niger,1949,0.03,-3.352
Niger,1950,0.031,-2.997
Niger,1951,0.031,-2.997
Niger,1952,0.037,-2.78
Niger,1953,0.037,-2.78
Niger,1954,0.038,-2.78
Niger,1955,0.038,-2.78
Niger,1956,0.038,-2.78
Niger,1957,0.113,-2.78
Niger,1958,0.114,-2.484
Niger,1959,0.133,-2.484
Niger,1960,0.142,-1.12
Niger,1961,0.199,-1.12
Niger,1962,0.196,-1.12
Niger,1963,0.198,-1.12
Niger,1964,0.198,-1.12
Niger,1965,0.195,-1.12
Niger,1966,0.186,-1.12
Niger,1967,0.186,-1.12
Niger,1968,0.186,-1.12
Niger,1969,0.186,-1.12
Niger,1970,0.187,-1.12
Niger,1971,0.185,-1.12
Niger,1972,0.185,-1.12
Niger,1973,0.187,-1.12
Niger,1974,0.115,-3.795
Niger,1975,0.089,-3.795
Niger,1976,0.089,-3.795
Niger,1977,0.089,-3.795
Niger,1978,0.089,-3.795
Niger,1979,0.089,-3.795
Niger,1980,0.09,-3.795
Niger,1981,0.09,-3.795
Niger,1982,0.09,-3.795
Niger,1983,0.09,-3.795
Niger,1984,0.09,-3.795
Niger,1985,0.09,-3.795
Niger,1986,0.09,-3.548
Niger,1987,0.093,-2.89
Niger,1988,0.112,-2.89
Niger,1989,0.153,-2.89
Niger,1990,0.35,-2.514
Niger,1991,0.385,-1.197
Niger,1992,0.334,-1.197
Niger,1993,0.528,-0.794
Niger,1994,0.541,-0.794
Niger,1995,0.532,-0.794
Niger,1996,0.292,-0.889
Niger,1997,0.385,-0.889
Niger,1998,0.385,-0.889
Niger,1999,0.255,-0.889
Niger,2000,0.546,-1.011
Niger,2001,0.543,-1.011
Niger,2002,0.543,-1.011
Niger,2003,0.543,-1.011
Niger,2004,0.547,-0.909
Niger,2005,0.573,-1.026
Niger,2006,0.578,-1.026
Niger,2007,0.578,-1.026
Niger,2008,0.576,-1.026
Niger,2009,0.421,-0.852
Niger,2010,0.265,-0.852
Niger,2011,0.541,-0.938
Niger,2012,0.624,-1.038
Niger,2013,0.629,-1.038
Niger,2014,0.633,-0.973
Niger,2015,0.622,-0.973
Niger,2016,0.573,-0.863
Niger,2017,0.542,-0.979
Niger,2018,0.53,-0.979
Niger,2019,0.528,-0.979
Niger,2020,0.544,-0.978
Niger,2021,0.523,-0.442
Niger,2022,0.504,-0.442
Niger,2023,0.388,-0.442
Niger,2024,0.237,-0.442
Niger,2025,0.227,-0.442
Zambia,1911,0.039,-1.469
Zambia,1912,0.038,-1.469
Zambia,1913,0.038,-1.469
Zambia,1914,0.038,-1.469
Zambia,1915,0.038,-1.469
Zambia,1916,0.038,-1.469
Zambia,1917,0.038,-1.469
Zambia,1918,0.038,-1.469
Zambia,1919,0.038,-1.469
Zambia,1920,0.038,-1.469
Zambia,1921,0.038,-1.469
Zambia,1922,0.038,-1.469
Zambia,1923,0.039,-1.469
Zambia,1924,0.041,-1.469
Zambia,1925,0.039,-1.469
Zambia,1926,0.064,-1.469
Zambia,1927,0.064,-1.469
Zambia,1928,0.064,-1.469
Zambia,1929,0.066,-1.469
Zambia,1930,0.068,-1.469
Zambia,1931,0.068,-1.469
Zambia,1932,0.068,-1.469
Zambia,1933,0.068,-1.469
Zambia,1934,0.068,-1.469
Zambia,1935,0.066,-1.469
Zambia,1936,0.066,-1.469
Zambia,1937,0.066,-1.469
Zambia,1938,0.064,-1.469
Zambia,1939,0.066,-1.469
Zambia,1940,0.067,-1.469
Zambia,1941,0.076,-1.469
Zambia,1942,0.074,-1.469
Zambia,1943,0.073,-1.469
Zambia,1944,0.069,-1.469
Zambia,1945,0.069,-1.469
Zambia,1946,0.07,-1.469
Zambia,1947,0.074,-1.469
Zambia,1948,0.088,-1.469
Zambia,1949,0.097,-1.469
Zambia,1950,0.096,-1.469
Zambia,1951,0.101,-1.469
Zambia,1952,0.101,-1.469
Zambia,1953,0.101,-0.965
Zambia,1954,0.105,-0.965
Zambia,1955,0.105,-0.965
Zambia,1956,0.105,-0.965
Zambia,1957,0.105,-0.965
Zambia,1958,0.107,-0.965
Zambia,1959,0.109,-0.965
Zambia,1960,0.115,-0.569
Zambia,1961,0.118,-0.79
Zambia,1962,0.125,-0.79
Zambia,1963,0.137,-0.16
Zambia,1964,0.227,-0.16
Zambia,1965,0.306,-0.16
Zambia,1966,0.307,-0.16
Zambia,1967,0.307,-0.16
Zambia,1968,0.306,-0.16
Zambia,1969,0.286,-0.16
Zambia,1970,0.283,-0.16
Zambia,1971,0.258,-0.16
Zambia,1972,0.254,-0.16
Zambia,1973,0.209,-0.16
Zambia,1974,0.194,-0.549
Zambia,1975,0.194,-0.549
Zambia,1976,0.193,-0.549
Zambia,1977,0.193,-0.549
Zambia,1978,0.193,-0.549
Zambia,1979,0.192,-0.549
Zambia,1980,0.192,-0.549
Zambia,1981,0.192,-0.549
Zambia,1982,0.192,-0.549
Zambia,1983,0.192,-0.549
Zambia,1984,0.192,-0.549
Zambia,1985,0.192,-0.549
Zambia,1986,0.192,-0.549
Zambia,1987,0.192,-0.549
Zambia,1988,0.192,-0.549
Zambia,1989,0.193,-0.549
Zambia,1990,0.217,-0.549
Zambia,1991,0.287,-0.514
Zambia,1992,0.439,-0.514
Zambia,1993,0.447,-0.514
Zambia,1994,0.482,-0.514
Zambia,1995,0.482,-0.514
Zambia,1996,0.49,-0.346
Zambia,1997,0.478,-0.53
Zambia,1998,0.478,-0.53
Zambia,1999,0.478,-0.53
Zambia,2000,0.486,-0.338
Zambia,2001,0.489,-0.184
Zambia,2002,0.484,-0.372
Zambia,2003,0.484,-0.372
Zambia,2004,0.484,-0.372
Zambia,2005,0.498,-0.372
Zambia,2006,0.498,0.065
Zambia,2007,0.5,-0.078
Zambia,2008,0.51,0.025
Zambia,2009,0.517,0.025
Zambia,2010,0.514,0.025
Zambia,2011,0.503,0.025
Zambia,2012,0.503,0.025
Zambia,2013,0.485,0.025
Zambia,2014,0.478,0.189
Zambia,2015,0.458,0.189
Zambia,2016,0.397,0.189
Zambia,2017,0.36,0.413
Zambia,2018,0.37,0.413
Zambia,2019,0.358,0.413
Zambia,2020,0.353,0.413
Zambia,2021,0.421,0.434
Zambia,2022,0.52,-0.254
Zambia,2023,0.525,-0.521
Zambia,2024,0.512,-0.502
Zambia,2025,0.497,-0.195
Zimbabwe,1900,0.184,0.052
Zimbabwe,1901,0.184,0.052
Zimbabwe,1902,0.183,0.052
Zimbabwe,1903,0.182,0.052
Zimbabwe,1904,0.182,0.052
Zimbabwe,1905,0.183,0.052
Zimbabwe,1906,0.183,0.052
Zimbabwe,1907,0.183,0.052
Zimbabwe,1908,0.183,0.052
Zimbabwe,1909,0.183,0.052
Zimbabwe,1910,0.183,0.052
Zimbabwe,1911,0.184,0.052
Zimbabwe,1912,0.185,0.052
Zimbabwe,1913,0.185,0.052
Zimbabwe,1914,0.184,0.052
Zimbabwe,1915,0.183,0.052
Zimbabwe,1916,0.183,0.052
Zimbabwe,1917,0.183,0.052
Zimbabwe,1918,0.183,0.052
Zimbabwe,1919,0.193,0.052
Zimbabwe,1920,0.183,0.052
Zimbabwe,1921,0.183,0.052
Zimbabwe,1922,0.183,0.052
Zimbabwe,1923,0.216,0.052
Zimbabwe,1924,0.268,0.052
Zimbabwe,1925,0.27,0.052
Zimbabwe,1926,0.27,0.052
Zimbabwe,1927,0.27,0.052
Zimbabwe,1928,0.269,0.052
Zimbabwe,1929,0.268,0.052
Zimbabwe,1930,0.268,0.052
Zimbabwe,1931,0.268,0.052
Zimbabwe,1932,0.268,0.052
Zimbabwe,1933,0.268,0.052
Zimbabwe,1934,0.269,0.052
Zimbabwe,1935,0.268,0.052
Zimbabwe,1936,0.268,0.052
Zimbabwe,1937,0.268,0.052
Zimbabwe,1938,0.268,0.052
Zimbabwe,1939,0.268,0.052
Zimbabwe,1940,0.268,0.052
Zimbabwe,1941,0.268,0.052
Zimbabwe,1942,0.268,0.052
Zimbabwe,1943,0.268,0.052
Zimbabwe,1944,0.268,0.052
Zimbabwe,1945,0.259,0.052
Zimbabwe,1946,0.259,0.052
Zimbabwe,1947,0.259,0.052
Zimbabwe,1948,0.259,0.052
Zimbabwe,1949,0.258,0.052
Zimbabwe,1950,0.258,0.225
Zimbabwe,1951,0.258,0.225
Zimbabwe,1952,0.258,0.225
Zimbabwe,1953,0.256,0.225
Zimbabwe,1954,0.255,0.225
Zimbabwe,1955,0.255,0.225
Zimbabwe,1956,0.254,0.225
Zimbabwe,1957,0.245,0.225
Zimbabwe,1958,0.239,0.225
Zimbabwe,1959,0.228,0.225
Zimbabwe,1960,0.233,0.379
Zimbabwe,1961,0.233,0.379
Zimbabwe,1962,0.233,0.379
Zimbabwe,1963,0.228,0.379
Zimbabwe,1964,0.213,0.379
Zimbabwe,1965,0.204,0.789
Zimbabwe,1966,0.197,0.901
Zimbabwe,1967,0.197,0.901
Zimbabwe,1968,0.197,0.901
Zimbabwe,1969,0.197,0.901
Zimbabwe,1970,0.197,0.901
Zimbabwe,1971,0.193,0.901
Zimbabwe,1972,0.193,0.901
Zimbabwe,1973,0.193,0.901
Zimbabwe,1974,0.194,0.901
Zimbabwe,1975,0.194,0.901
Zimbabwe,1976,0.194,0.901
Zimbabwe,1977,0.193,0.901
Zimbabwe,1978,0.056,0.901
Zimbabwe,1979,0.165,0.901
Zimbabwe,1980,0.303,0.517
Zimbabwe,1981,0.33,0.249
Zimbabwe,1982,0.327,0.249
Zimbabwe,1983,0.327,0.425
Zimbabwe,1984,0.32,0.425
Zimbabwe,1985,0.313,0.425
Zimbabwe,1986,0.311,0.425
Zimbabwe,1987,0.217,0.242
Zimbabwe,1988,0.306,0.308
Zimbabwe,1989,0.309,0.308
Zimbabwe,1990,0.303,0.51
Zimbabwe,1991,0.31,0.51
Zimbabwe,1992,0.31,0.51
Zimbabwe,1993,0.31,0.51
Zimbabwe,1994,0.31,0.51
Zimbabwe,1995,0.31,0.51
Zimbabwe,1996,0.313,0.51
Zimbabwe,1997,0.309,0.51
Zimbabwe,1998,0.308,0.706
Zimbabwe,1999,0.31,0.854
Zimbabwe,2000,0.284,2.431
Zimbabwe,2001,0.267,2.431
Zimbabwe,2002,0.268,2.431
Zimbabwe,2003,0.269,2.431
Zimbabwe,2004,0.259,2.431
Zimbabwe,2005,0.258,2.431
Zimbabwe,2006,0.255,2.431
Zimbabwe,2007,0.255,2.431
Zimbabwe,2008,0.251,2.431
Zimbabwe,2009,0.254,2.431
Zimbabwe,2010,0.265,1.58
Zimbabwe,2011,0.266,1.58
Zimbabwe,2012,0.266,1.58
Zimbabwe,2013,0.289,1.58
Zimbabwe,2014,0.303,1.998
Zimbabwe,2015,0.302,1.998
Zimbabwe,2016,0.297,2.468
Zimbabwe,2017,0.3,2.408
Zimbabwe,2018,0.313,2.056
Zimbabwe,2019,0.304,2.458
Zimbabwe,2020,0.299,2.162
Zimbabwe,2021,0.297,1.699
Zimbabwe,2022,0.292,1.699
Zimbabwe,2023,0.296,1.62
Zimbabwe,2024,0.272,1.347
Zimbabwe,2025,0.268,1.238
Guinea,1900,0.032,-3.591
Guinea,1901,0.032,-3.591
Guinea,1902,0.032,-3.591
Guinea,1903,0.032,-3.591
Guinea,1904,0.032,-3.591
Guinea,1905,0.032,-3.591
Guinea,1906,0.032,-3.591
Guinea,1907,0.032,-3.591
Guinea,1908,0.032,-3.591
Guinea,1909,0.032,-3.591
Guinea,1910,0.032,-3.591
Guinea,1911,0.032,-3.591
Guinea,1912,0.032,-3.591
Guinea,1913,0.032,-3.591
Guinea,1914,0.032,-3.591
Guinea,1915,0.032,-3.591
Guinea,1916,0.032,-3.591
Guinea,1917,0.032,-3.591
Guinea,1918,0.032,-3.591
Guinea,1919,0.032,-3.591
Guinea,1920,0.032,-2.735
Guinea,1921,0.032,-2.735
Guinea,1922,0.032,-2.735
Guinea,1923,0.032,-2.735
Guinea,1924,0.032,-2.735
Guinea,1925,0.033,-2.735
Guinea,1926,0.033,-2.735
Guinea,1927,0.033,-2.735
Guinea,1928,0.033,-2.735
Guinea,1929,0.033,-2.735
Guinea,1930,0.033,-2.355
Guinea,1931,0.033,-2.355
Guinea,1932,0.033,-2.355
Guinea,1933,0.033,-2.355
Guinea,1934,0.033,-2.355
Guinea,1935,0.033,-2.355
Guinea,1936,0.033,-2.355
Guinea,1937,0.033,-2.355
Guinea,1938,0.033,-2.355
Guinea,1939,0.033,-2.355
Guinea,1940,0.033,-1.903
Guinea,1941,0.033,-1.903
Guinea,1942,0.033,-1.903
Guinea,1943,0.033,-1.903
Guinea,1944,0.033,-1.903
Guinea,1945,0.04,-1.903
Guinea,1946,0.064,-1.903
Guinea,1947,0.1,-1.903
Guinea,1948,0.102,-1.903
Guinea,1949,0.104,-1.903
Guinea,1950,0.105,-1.609
Guinea,1951,0.105,-1.609
Guinea,1952,0.111,-1.609
Guinea,1953,0.085,-1.609
Guinea,1954,0.076,-1.609
Guinea,1955,0.076,-1.609
Guinea,1956,0.078,-1.609
Guinea,1957,0.164,-1.609
Guinea,1958,0.156,-0.413
Guinea,1959,0.193,0.239
Guinea,1960,0.182,0.372
Guinea,1961,0.155,0.515
Guinea,1962,0.155,0.387
Guinea,1963,0.149,0.525
Guinea,1964,0.147,0.525
Guinea,1965,0.145,0.525
Guinea,1966,0.145,0.525
Guinea,1967,0.143,0.525
Guinea,1968,0.143,0.525
Guinea,1969,0.143,0.648
Guinea,1970,0.143,0.648
Guinea,1971,0.143,0.648
Guinea,1972,0.143,0.542
Guinea,1973,0.143,0.542
Guinea,1974,0.143,0.542
Guinea,1975,0.143,0.542
Guinea,1976,0.143,0.666
Guinea,1977,0.143,0.666
Guinea,1978,0.143,0.55
Guinea,1979,0.143,0.55
Guinea,1980,0.142,0.55
Guinea,1981,0.142,0.55
Guinea,1982,0.143,0.55
Guinea,1983,0.143,0.55
Guinea,1984,0.092,0.491
Guinea,1985,0.096,0.392
Guinea,1986,0.096,0.392
Guinea,1987,0.098,0.392
Guinea,1988,0.098,0.392
Guinea,1989,0.101,0.392
Guinea,1990,0.117,0.53
Guinea,1991,0.142,0.53
Guinea,1992,0.163,0.53
Guinea,1993,0.166,0.53
Guinea,1994,0.185,0.53
Guinea,1995,0.255,0.53
Guinea,1996,0.259,0.656
Guinea,1997,0.262,0.529
Guinea,1998,0.259,0.529
Guinea,1999,0.265,0.635
Guinea,2000,0.272,0.785
Guinea,2001,0.277,0.785
Guinea,2002,0.273,0.657
Guinea,2003,0.277,0.657
Guinea,2004,0.274,0.657
Guinea,2005,0.274,0.657
Guinea,2006,0.271,0.657
Guinea,2007,0.271,0.569
Guinea,2008,0.271,0.569
Guinea,2009,0.177,0.743
Guinea,2010,0.236,2.069
Guinea,2011,0.318,1.838
Guinea,2012,0.318,1.459
Guinea,2013,0.322,1.634
Guinea,2014,0.375,1.421
Guinea,2015,0.375,2.324
Guinea,2016,0.377,1.948
Guinea,2017,0.369,1.594
Guinea,2018,0.373,1.413
Guinea,2019,0.36,1.903
Guinea,2020,0.295,2.429
Guinea,2021,0.258,2.429
Guinea,2022,0.172,2.429
Guinea,2023,0.169,2.429
Guinea,2024,0.159,1.73
Guinea,2025,0.187,1.916
Ivory Coast,1900,0.029,-3.068
Ivory Coast,1901,0.029,-3.068
Ivory Coast,1902,0.029,-3.068
Ivory Coast,1903,0.029,-3.068
Ivory Coast,1904,0.029,-3.068
Ivory Coast,1905,0.029,-3.068
Ivory Coast,1906,0.029,-3.068
Ivory Coast,1907,0.029,-3.068
Ivory Coast,1908,0.029,-3.068
Ivory Coast,1909,0.029,-3.068
Ivory Coast,1910,0.029,-3.068
Ivory Coast,1911,0.029,-3.068
Ivory Coast,1912,0.028,-3.068
Ivory Coast,1913,0.029,-3.068
Ivory Coast,1914,0.029,-3.068
Ivory Coast,1915,0.029,-3.068
Ivory Coast,1916,0.029,-3.068
Ivory Coast,1917,0.029,-3.068
Ivory Coast,1918,0.029,-3.068
Ivory Coast,1919,0.029,-3.068
Ivory Coast,1920,0.029,-3.068
Ivory Coast,1921,0.029,-3.068
Ivory Coast,1922,0.029,-3.068
Ivory Coast,1923,0.029,-3.068
Ivory Coast,1924,0.029,-3.068
Ivory Coast,1925,0.029,-3.068
Ivory Coast,1926,0.029,-3.068
Ivory Coast,1927,0.029,-3.068
Ivory Coast,1928,0.029,-3.068
Ivory Coast,1929,0.029,-3.068
Ivory Coast,1930,0.029,-3.068
Ivory Coast,1931,0.029,-3.068
Ivory Coast,1932,0.029,-3.068
Ivory Coast,1933,0.029,-3.068
Ivory Coast,1934,0.029,-3.068
Ivory Coast,1935,0.029,-3.068
Ivory Coast,1936,0.03,-3.068
Ivory Coast,1937,0.03,-3.068
Ivory Coast,1938,0.03,-3.068
Ivory Coast,1939,0.029,-2.835
Ivory Coast,1940,0.029,-2.835
Ivory Coast,1941,0.028,-2.835
Ivory Coast,1942,0.028,-2.835
Ivory Coast,1943,0.028,-2.637
Ivory Coast,1944,0.035,-2.637
Ivory Coast,1945,0.056,-2.455
Ivory Coast,1946,0.078,-2.052
Ivory Coast,1947,0.107,-2.052
Ivory Coast,1948,0.108,-2.052
Ivory Coast,1949,0.108,-2.052
Ivory Coast,1950,0.108,-2.052
Ivory Coast,1951,0.108,-2.052
Ivory Coast,1952,0.114,-2.052
Ivory Coast,1953,0.114,-2.052
Ivory Coast,1954,0.114,-2.052
Ivory Coast,1955,0.114,-2.052
Ivory Coast,1956,0.114,-2.052
Ivory Coast,1957,0.149,-2.052
Ivory Coast,1958,0.145,-2.052
Ivory Coast,1959,0.142,-2.052
Ivory Coast,1960,0.143,-2.255
Ivory Coast,1961,0.187,-2.408
Ivory Coast,1962,0.187,-2.23
Ivory Coast,1963,0.187,-2.406
Ivory Coast,1964,0.187,-2.406
Ivory Coast,1965,0.185,-2.406
Ivory Coast,1966,0.175,-2.406
Ivory Coast,1967,0.175,-2.406
Ivory Coast,1968,0.175,-2.406
Ivory Coast,1969,0.175,-2.406
Ivory Coast,1970,0.176,-2.406
Ivory Coast,1971,0.172,-2.406
Ivory Coast,1972,0.172,-2.406
Ivory Coast,1973,0.172,-2.406
Ivory Coast,1974,0.172,-2.406
Ivory Coast,1975,0.172,-2.406
Ivory Coast,1976,0.172,-2.406
Ivory Coast,1977,0.172,-2.406
Ivory Coast,1978,0.172,-2.406
Ivory Coast,1979,0.172,-2.406
Ivory Coast,1980,0.173,-2.406
Ivory Coast,1981,0.172,-2.406
Ivory Coast,1982,0.172,-2.265
Ivory Coast,1983,0.172,-2.408
Ivory Coast,1984,0.172,-2.408
Ivory Coast,1985,0.174,-2.247
Ivory Coast,1986,0.175,-2.247
Ivory Coast,1987,0.175,-2.247
Ivory Coast,1988,0.176,-1.904
Ivory Coast,1989,0.176,-1.904
Ivory Coast,1990,0.306,0.355
Ivory Coast,1991,0.306,0.028
Ivory Coast,1992,0.306,-0.166
Ivory Coast,1993,0.329,-0.166
Ivory Coast,1994,0.356,-0.166
Ivory Coast,1995,0.263,0.74
Ivory Coast,1996,0.397,0.55
Ivory Coast,1997,0.396,0.55
Ivory Coast,1998,0.392,0.727
Ivory Coast,1999,0.389,1.044
Ivory Coast,2000,0.274,1.561
Ivory Coast,2001,0.447,1.097
Ivory Coast,2002,0.446,1.097
Ivory Coast,2003,0.439,1.097
Ivory Coast,2004,0.446,1.097
Ivory Coast,2005,0.434,1.097
Ivory Coast,2006,0.434,1.097
Ivory Coast,2007,0.435,1.097
Ivory Coast,2008,0.436,1.097
Ivory Coast,2009,0.435,1.097
Ivory Coast,2010,0.446,1.932
Ivory Coast,2011,0.427,1.43
Ivory Coast,2012,0.461,0.554
Ivory Coast,2013,0.465,0.554
Ivory Coast,2014,0.463,0.554
Ivory Coast,2015,0.473,0.554
Ivory Coast,2016,0.529,0.554
Ivory Coast,2017,0.539,0.554
Ivory Coast,2018,0.54,0.747
Ivory Coast,2019,0.534,0.747
Ivory Coast,2020,0.499,1.321
Ivory Coast,2021,0.435,0.553
Ivory Coast,2022,0.443,0.3
Ivory Coast,2023,0.445,0.3
Ivory Coast,2024,0.429,0.907
Ivory Coast,2025,0.394,0.884
Mauritania,1904,0.031,-0.168
Mauritania,1905,0.031,-0.168
Mauritania,1906,0.031,-0.168
Mauritania,1907,0.031,-0.168
Mauritania,1908,0.032,-0.168
Mauritania,1909,0.032,-0.168
Mauritania,1910,0.032,-0.168
Mauritania,1911,0.032,-0.168
Mauritania,1912,0.032,-0.168
Mauritania,1913,0.032,-0.168
Mauritania,1914,0.032,-0.168
Mauritania,1915,0.032,-0.168
Mauritania,1916,0.032,-0.168
Mauritania,1917,0.032,-0.168
Mauritania,1918,0.032,-0.168
Mauritania,1919,0.032,-0.168
Mauritania,1920,0.032,-0.168
Mauritania,1921,0.032,-0.168
Mauritania,1922,0.032,-0.168
Mauritania,1923,0.032,-0.168
Mauritania,1924,0.032,-0.168
Mauritania,1925,0.032,-0.168
Mauritania,1926,0.032,-0.168
Mauritania,1927,0.032,-0.168
Mauritania,1928,0.032,-0.168
Mauritania,1929,0.032,-0.168
Mauritania,1930,0.032,-0.168
Mauritania,1931,0.032,-0.168
Mauritania,1932,0.032,-0.168
Mauritania,1933,0.032,-0.168
Mauritania,1934,0.032,0.735
Mauritania,1935,0.032,-0.153
Mauritania,1936,0.032,-0.153
Mauritania,1937,0.032,-0.153
Mauritania,1938,0.032,-0.153
Mauritania,1939,0.032,-0.153
Mauritania,1940,0.032,-0.153
Mauritania,1941,0.032,-0.153
Mauritania,1942,0.032,-0.153
Mauritania,1943,0.032,-0.153
Mauritania,1944,0.032,-0.153
Mauritania,1945,0.056,-0.153
Mauritania,1946,0.068,-0.153
Mauritania,1947,0.117,-0.153
Mauritania,1948,0.123,-0.153
Mauritania,1949,0.123,-0.153
Mauritania,1950,0.123,-0.153
Mauritania,1951,0.123,-0.153
Mauritania,1952,0.127,-0.153
Mauritania,1953,0.127,-0.153
Mauritania,1954,0.127,-0.153
Mauritania,1955,0.127,-0.153
Mauritania,1956,0.123,-0.153
Mauritania,1957,0.23,-0.153
Mauritania,1958,0.258,-0.153
Mauritania,1959,0.258,-0.153
Mauritania,1960,0.24,-0.456
Mauritania,1961,0.194,-0.456
Mauritania,1962,0.228,-0.456
Mauritania,1963,0.228,-0.456
Mauritania,1964,0.228,-0.456
Mauritania,1965,0.216,-0.456
Mauritania,1966,0.208,-0.456
Mauritania,1967,0.208,0.476
Mauritania,1968,0.208,0.476
Mauritania,1969,0.208,0.476
Mauritania,1970,0.209,-0.454
Mauritania,1971,0.209,-0.454
Mauritania,1972,0.209,-0.454
Mauritania,1973,0.209,-0.454
Mauritania,1974,0.209,-0.454
Mauritania,1975,0.209,-0.454
Mauritania,1976,0.208,-0.454
Mauritania,1977,0.208,-0.454
Mauritania,1978,0.146,-0.454
Mauritania,1979,0.094,-0.454
Mauritania,1980,0.094,-0.454
Mauritania,1981,0.094,-0.454
Mauritania,1982,0.094,-0.454
Mauritania,1983,0.094,-0.454
Mauritania,1984,0.1,-0.454
Mauritania,1985,0.1,-0.454
Mauritania,1986,0.1,-0.454
Mauritania,1987,0.107,1.183
Mauritania,1988,0.107,1.183
Mauritania,1989,0.111,1.183
Mauritania,1990,0.114,1.183
Mauritania,1991,0.13,1.183
Mauritania,1992,0.272,-0.448
Mauritania,1993,0.301,-0.967
Mauritania,1994,0.307,-0.967
Mauritania,1995,0.311,-0.967
Mauritania,1996,0.308,-0.967
Mauritania,1997,0.3,-0.967
Mauritania,1998,0.302,-0.967
Mauritania,1999,0.302,-0.967
Mauritania,2000,0.308,-0.967
Mauritania,2001,0.315,-0.967
Mauritania,2002,0.318,-0.967
Mauritania,2003,0.313,-0.967
Mauritania,2004,0.319,-0.967
Mauritania,2005,0.29,-0.967
Mauritania,2006,0.25,-0.967
Mauritania,2007,0.45,-0.175
Mauritania,2008,0.4,-0.047
Mauritania,2009,0.364,-0.455
Mauritania,2010,0.468,-1.169
Mauritania,2011,0.468,-1.169
Mauritania,2012,0.471,-1.169
Mauritania,2013,0.416,-1.169
Mauritania,2014,0.422,-1.169
Mauritania,2015,0.431,-1.169
Mauritania,2016,0.431,-1.169
Mauritania,2017,0.389,-1.169
Mauritania,2018,0.391,-1.169
Mauritania,2019,0.407,-1.262
Mauritania,2020,0.389,-1.262
Mauritania,2021,0.391,-1.262
Mauritania,2022,0.396,-1.056
Mauritania,2023,0.368,-1.056
Mauritania,2024,0.337,-1.403
Mauritania,2025,0.328,-1.403
Canada,1841,0.309,NA
Canada,1842,0.309,NA
Canada,1843,0.309,NA
Canada,1844,0.306,NA
Canada,1845,0.307,NA
Canada,1846,0.307,NA
Canada,1847,0.307,NA
Canada,1848,0.303,NA
Canada,1849,0.303,NA
Canada,1850,0.303,NA
Canada,1851,0.303,NA
Canada,1852,0.304,NA
Canada,1853,0.304,NA
Canada,1854,0.303,NA
Canada,1855,0.302,NA
Canada,1856,0.302,NA
Canada,1857,0.302,NA
Canada,1858,0.301,NA
Canada,1859,0.301,NA
Canada,1860,0.301,NA
Canada,1861,0.3,NA
Canada,1862,0.3,NA
Canada,1863,0.3,NA
Canada,1864,0.3,NA
Canada,1865,0.3,NA
Canada,1866,0.3,NA
Canada,1867,0.351,NA
Canada,1868,0.401,NA
Canada,1869,0.401,NA
Canada,1870,0.401,NA
Canada,1871,0.401,NA
Canada,1872,0.402,NA
Canada,1873,0.403,NA
Canada,1874,0.402,NA
Canada,1875,0.401,NA
Canada,1876,0.401,NA
Canada,1877,0.401,NA
Canada,1878,0.431,NA
Canada,1879,0.436,NA
Canada,1880,0.436,NA
Canada,1881,0.436,NA
Canada,1882,0.436,NA
Canada,1883,0.436,NA
Canada,1884,0.436,NA
Canada,1885,0.436,NA
Canada,1886,0.436,NA
Canada,1887,0.449,NA
Canada,1888,0.448,NA
Canada,1889,0.448,NA
Canada,1890,0.448,NA
Canada,1891,0.457,NA
Canada,1892,0.457,NA
Canada,1893,0.457,NA
Canada,1894,0.457,NA
Canada,1895,0.457,NA
Canada,1896,0.478,NA
Canada,1897,0.478,NA
Canada,1898,0.478,NA
Canada,1899,0.478,NA
Canada,1900,0.471,-1.984
Canada,1901,0.481,-1.984
Canada,1902,0.481,-1.984
Canada,1903,0.481,-1.984
Canada,1904,0.481,-1.984
Canada,1905,0.479,-1.984
Canada,1906,0.479,-1.984
Canada,1907,0.479,-1.984
Canada,1908,0.479,-1.984
Canada,1909,0.482,-1.984
Canada,1910,0.482,-2.022
Canada,1911,0.482,-2.022
Canada,1912,0.481,-2.022
Canada,1913,0.481,-2.022
Canada,1914,0.472,-2.022
Canada,1915,0.466,-2.022
Canada,1916,0.466,-2.022
Canada,1917,0.465,-1.922
Canada,1918,0.431,-1.922
Canada,1919,0.442,-1.922
Canada,1920,0.463,-2.079
Canada,1921,0.587,-2.079
Canada,1922,0.654,-2.079
Canada,1923,0.654,-2.079
Canada,1924,0.654,-2.079
Canada,1925,0.667,-2.079
Canada,1926,0.667,-2.079
Canada,1927,0.667,-2.079
Canada,1928,0.667,-2.079
Canada,1929,0.671,-2.079
Canada,1930,0.663,-2.079
Canada,1931,0.651,-2.079
Canada,1932,0.651,-2.079
Canada,1933,0.651,-2.079
Canada,1934,0.651,-2.079
Canada,1935,0.662,-2.079
Canada,1936,0.677,-2.079
Canada,1937,0.677,-2.079
Canada,1938,0.694,-2.079
Canada,1939,0.681,-2.079
Canada,1940,0.662,-2.74
Canada,1941,0.655,-2.74
Canada,1942,0.655,-2.74
Canada,1943,0.655,-2.74
Canada,1944,0.652,-2.74
Canada,1945,0.652,-2.205
Canada,1946,0.711,-2.298
Canada,1947,0.711,-2.298
Canada,1948,0.711,-2.298
Canada,1949,0.716,-2.298
Canada,1950,0.744,-2.298
Canada,1951,0.744,-2.298
Canada,1952,0.744,-2.298
Canada,1953,0.748,-2.298
Canada,1954,0.754,-2.298
Canada,1955,0.754,-2.298
Canada,1956,0.754,-2.298
Canada,1957,0.754,-2.298
Canada,1958,0.754,-2.298
Canada,1959,0.754,-2.298
Canada,1960,0.776,-2.023
Canada,1961,0.8,-2.023
Canada,1962,0.81,-2.023
Canada,1963,0.816,-2.023
Canada,1964,0.816,-2.023
Canada,1965,0.816,-2.023
Canada,1966,0.817,-2.023
Canada,1967,0.817,-2.023
Canada,1968,0.814,-2.023
Canada,1969,0.812,-2.023
Canada,1970,0.82,-1.93
Canada,1971,0.827,-1.93
Canada,1972,0.828,-1.93
Canada,1973,0.832,-1.93
Canada,1974,0.823,-1.93
Canada,1975,0.823,-1.93
Canada,1976,0.823,-1.93
Canada,1977,0.823,-1.93
Canada,1978,0.823,-1.93
Canada,1979,0.828,-1.93
Canada,1980,0.829,-1.794
Canada,1981,0.829,-1.794
Canada,1982,0.828,-1.616
Canada,1983,0.828,-1.616
Canada,1984,0.834,-1.616
Canada,1985,0.835,-1.616
Canada,1986,0.835,-1.616
Canada,1987,0.835,-1.616
Canada,1988,0.835,-1.616
Canada,1989,0.833,-1.616
Canada,1990,0.833,-1.616
Canada,1991,0.833,-1.616
Canada,1992,0.831,-1.616
Canada,1993,0.832,-1.616
Canada,1994,0.842,-1.616
Canada,1995,0.842,-1.616
Canada,1996,0.846,-1.616
Canada,1997,0.84,-1.616
Canada,1998,0.836,-1.616
Canada,1999,0.836,-1.616
Canada,2000,0.836,-1.616
Canada,2001,0.832,-1.616
Canada,2002,0.825,-1.616
Canada,2003,0.825,-1.616
Canada,2004,0.825,-1.616
Canada,2005,0.824,-1.44
Canada,2006,0.83,-1.44
Canada,2007,0.832,-1.44
Canada,2008,0.827,-1.44
Canada,2009,0.826,-1.44
Canada,2010,0.826,-1.362
Canada,2011,0.811,-1.362
Canada,2012,0.81,-1.362
Canada,2013,0.817,-1.362
Canada,2014,0.814,-1.362
Canada,2015,0.807,-1.362
Canada,2016,0.834,-1.362
Canada,2017,0.839,-1.362
Canada,2018,0.84,-1.362
Canada,2019,0.85,-1.147
Canada,2020,0.849,-0.776
Canada,2021,0.843,-0.458
Canada,2022,0.848,-0.058
Canada,2023,0.847,-0.058
Canada,2024,0.841,-0.399
Canada,2025,0.84,-0.399
Australia,1789,0.117,NA
Australia,1790,0.117,NA
Australia,1791,0.117,NA
Australia,1792,0.117,NA
Australia,1793,0.117,NA
Australia,1794,0.117,NA
Australia,1795,0.117,NA
Australia,1796,0.117,NA
Australia,1797,0.117,NA
Australia,1798,0.117,NA
Australia,1799,0.117,NA
Australia,1800,0.117,NA
Australia,1801,0.117,NA
Australia,1802,0.117,NA
Australia,1803,0.117,NA
Australia,1804,0.117,NA
Australia,1805,0.117,NA
Australia,1806,0.117,NA
Australia,1807,0.117,NA
Australia,1808,0.117,NA
Australia,1809,0.117,NA
Australia,1810,0.117,NA
Australia,1811,0.117,NA
Australia,1812,0.117,NA
Australia,1813,0.117,NA
Australia,1814,0.117,NA
Australia,1815,0.117,NA
Australia,1816,0.117,NA
Australia,1817,0.117,NA
Australia,1818,0.117,NA
Australia,1819,0.117,NA
Australia,1820,0.117,NA
Australia,1821,0.117,NA
Australia,1822,0.117,NA
Australia,1823,0.137,NA
Australia,1824,0.204,NA
Australia,1825,0.204,NA
Australia,1826,0.204,NA
Australia,1827,0.204,NA
Australia,1828,0.204,NA
Australia,1829,0.204,NA
Australia,1830,0.204,NA
Australia,1831,0.204,NA
Australia,1832,0.204,NA
Australia,1833,0.204,NA
Australia,1834,0.204,NA
Australia,1835,0.204,NA
Australia,1836,0.204,NA
Australia,1837,0.204,NA
Australia,1838,0.204,NA
Australia,1839,0.204,NA
Australia,1840,0.204,NA
Australia,1841,0.204,NA
Australia,1842,0.204,NA
Australia,1843,0.266,NA
Australia,1844,0.313,NA
Australia,1845,0.313,NA
Australia,1846,0.313,NA
Australia,1847,0.313,NA
Australia,1848,0.314,NA
Australia,1849,0.317,NA
Australia,1850,0.317,NA
Australia,1851,0.317,NA
Australia,1852,0.316,NA
Australia,1853,0.316,NA
Australia,1854,0.316,NA
Australia,1855,0.316,NA
Australia,1856,0.339,NA
Australia,1857,0.491,NA
Australia,1858,0.581,NA
Australia,1859,0.582,NA
Australia,1860,0.582,NA
Australia,1861,0.58,NA
Australia,1862,0.58,NA
Australia,1863,0.58,NA
Australia,1864,0.58,NA
Australia,1865,0.582,NA
Australia,1866,0.582,NA
Australia,1867,0.582,NA
Australia,1868,0.582,NA
Australia,1869,0.582,NA
Australia,1870,0.583,NA
Australia,1871,0.583,NA
Australia,1872,0.58,NA
Australia,1873,0.58,NA
Australia,1874,0.58,NA
Australia,1875,0.581,NA
Australia,1876,0.581,NA
Australia,1877,0.581,NA
Australia,1878,0.581,NA
Australia,1879,0.581,NA
Australia,1880,0.582,NA
Australia,1881,0.584,NA
Australia,1882,0.584,NA
Australia,1883,0.583,NA
Australia,1884,0.583,NA
Australia,1885,0.582,NA
Australia,1886,0.581,NA
Australia,1887,0.582,NA
Australia,1888,0.582,NA
Australia,1889,0.579,NA
Australia,1890,0.579,NA
Australia,1891,0.581,NA
Australia,1892,0.582,NA
Australia,1893,0.582,NA
Australia,1894,0.582,NA
Australia,1895,0.58,NA
Australia,1896,0.58,NA
Australia,1897,0.58,NA
Australia,1898,0.575,NA
Australia,1899,0.577,NA
Australia,1900,0.634,NA
Australia,1901,0.654,-2.243
Australia,1902,0.768,-2.243
Australia,1903,0.765,-2.243
Australia,1904,0.777,-2.243
Australia,1905,0.777,-2.243
Australia,1906,0.777,-2.243
Australia,1907,0.782,-2.243
Australia,1908,0.782,-2.243
Australia,1909,0.782,-2.243
Australia,1910,0.775,-2.243
Australia,1911,0.775,-2.243
Australia,1912,0.775,-2.243
Australia,1913,0.777,-2.243
Australia,1914,0.754,-2.828
Australia,1915,0.743,-2.828
Australia,1916,0.735,-2.828
Australia,1917,0.719,-2.828
Australia,1918,0.74,-2.828
Australia,1919,0.764,-3.268
Australia,1920,0.796,-3.268
Australia,1921,0.796,-2.68
Australia,1922,0.796,-2.68
Australia,1923,0.797,-2.68
Australia,1924,0.797,-2.68
Australia,1925,0.797,-2.68
Australia,1926,0.797,-2.68
Australia,1927,0.797,-2.68
Australia,1928,0.797,-2.68
Australia,1929,0.796,-2.68
Australia,1930,0.799,-2.267
Australia,1931,0.799,-2.267
Australia,1932,0.799,-2.267
Australia,1933,0.799,-2.267
Australia,1934,0.799,-2.267
Australia,1935,0.8,-2.267
Australia,1936,0.8,-2.267
Australia,1937,0.8,-2.267
Australia,1938,0.8,-2.267
Australia,1939,0.763,-2.761
Australia,1940,0.739,-2.761
Australia,1941,0.745,-2.761
Australia,1942,0.771,-2.761
Australia,1943,0.771,-2.761
Australia,1944,0.777,-2.761
Australia,1945,0.777,-2.761
Australia,1946,0.817,-1.742
Australia,1947,0.818,-1.742
Australia,1948,0.818,-1.742
Australia,1949,0.818,-1.742
Australia,1950,0.804,-1.742
Australia,1951,0.802,-1.742
Australia,1952,0.808,-1.742
Australia,1953,0.822,-1.742
Australia,1954,0.826,-1.742
Australia,1955,0.83,-1.742
Australia,1956,0.834,-1.742
Australia,1957,0.834,-1.742
Australia,1958,0.835,-1.742
Australia,1959,0.835,-1.742
Australia,1960,0.834,-1.742
Australia,1961,0.834,-1.742
Australia,1962,0.837,-1.742
Australia,1963,0.845,-1.742
Australia,1964,0.842,-1.742
Australia,1965,0.842,-1.742
Australia,1966,0.842,-1.742
Australia,1967,0.847,-1.476
Australia,1968,0.847,-1.476
Australia,1969,0.846,-1.476
Australia,1970,0.86,-1.114
Australia,1971,0.86,-1.114
Australia,1972,0.861,-1.114
Australia,1973,0.873,-1.114
Australia,1974,0.87,-1.114
Australia,1975,0.868,-1.114
Australia,1976,0.862,-1.114
Australia,1977,0.862,-1.114
Australia,1978,0.863,-1.114
Australia,1979,0.863,-1.114
Australia,1980,0.871,-1.114
Australia,1981,0.877,-1.114
Australia,1982,0.877,-1.114
Australia,1983,0.877,-1.114
Australia,1984,0.884,-1.114
Australia,1985,0.886,-1.114
Australia,1986,0.886,-1.114
Australia,1987,0.885,-1.114
Australia,1988,0.885,-1.114
Australia,1989,0.885,-1.114
Australia,1990,0.892,-1.114
Australia,1991,0.892,-1.114
Australia,1992,0.892,-1.114
Australia,1993,0.89,-1.331
Australia,1994,0.889,-1.331
Australia,1995,0.889,-1.331
Australia,1996,0.891,-1.109
Australia,1997,0.882,-1.109
Australia,1998,0.882,-1.109
Australia,1999,0.883,-1.109
Australia,2000,0.888,-1.179
Australia,2001,0.885,-1.179
Australia,2002,0.879,-1.179
Australia,2003,0.879,-1.179
Australia,2004,0.879,-1.179
Australia,2005,0.878,-1.179
Australia,2006,0.878,-1.179
Australia,2007,0.88,-1.179
Australia,2008,0.889,-1.179
Australia,2009,0.889,-1.179
Australia,2010,0.896,-1.179
Australia,2011,0.896,-1.179
Australia,2012,0.896,-1.179
Australia,2013,0.862,-1.179
Australia,2014,0.855,-1.099
Australia,2015,0.865,-1.099
Australia,2016,0.871,-1.099
Australia,2017,0.871,-1.099
Australia,2018,0.86,-1.099
Australia,2019,0.825,-1.099
Australia,2020,0.837,-1.099
Australia,2021,0.828,-1.158
Australia,2022,0.846,-1.158
Australia,2023,0.851,-1.158
Australia,2024,0.848,-1.158
Australia,2025,0.844,-1.158
Botswana,1900,0.03,-1.15
Botswana,1901,0.03,-1.15
Botswana,1902,0.03,-1.15
Botswana,1903,0.03,-1.15
Botswana,1904,0.03,-1.15
Botswana,1905,0.03,-1.15
Botswana,1906,0.03,-1.15
Botswana,1907,0.03,-1.15
Botswana,1908,0.03,-1.15
Botswana,1909,0.03,-1.15
Botswana,1910,0.03,-0.867
Botswana,1911,0.03,-0.867
Botswana,1912,0.03,-0.867
Botswana,1913,0.03,-0.867
Botswana,1914,0.03,-0.867
Botswana,1915,0.03,-0.867
Botswana,1916,0.03,-0.867
Botswana,1917,0.03,-0.867
Botswana,1918,0.03,-0.867
Botswana,1919,0.03,-1.146
Botswana,1920,0.031,-1.146
Botswana,1921,0.031,-0.913
Botswana,1922,0.031,-0.913
Botswana,1923,0.031,-0.913
Botswana,1924,0.031,-0.913
Botswana,1925,0.031,-0.913
Botswana,1926,0.031,-0.913
Botswana,1927,0.031,-0.913
Botswana,1928,0.031,-0.913
Botswana,1929,0.031,-1.164
Botswana,1930,0.031,-1.164
Botswana,1931,0.031,-0.903
Botswana,1932,0.031,-0.903
Botswana,1933,0.03,-0.903
Botswana,1934,0.033,-0.903
Botswana,1935,0.033,-0.903
Botswana,1936,0.033,-0.903
Botswana,1937,0.033,-0.903
Botswana,1938,0.033,-0.903
Botswana,1939,0.033,-1.15
Botswana,1940,0.033,-1.15
Botswana,1941,0.033,-0.915
Botswana,1942,0.033,-0.915
Botswana,1943,0.032,-0.915
Botswana,1944,0.032,-0.915
Botswana,1945,0.032,-0.915
Botswana,1946,0.033,-0.915
Botswana,1947,0.033,-0.915
Botswana,1948,0.033,-0.915
Botswana,1949,0.034,-1.156
Botswana,1950,0.034,-1.156
Botswana,1951,0.035,-0.879
Botswana,1952,0.035,-0.879
Botswana,1953,0.035,-0.879
Botswana,1954,0.035,-0.879
Botswana,1955,0.035,-0.879
Botswana,1956,0.035,-0.879
Botswana,1957,0.042,-0.879
Botswana,1958,0.042,-0.879
Botswana,1959,0.053,-1.163
Botswana,1960,0.077,-3.061
Botswana,1961,0.183,-2.572
Botswana,1962,0.218,-2.572
Botswana,1963,0.218,-2.572
Botswana,1964,0.218,-2.572
Botswana,1965,0.271,-2.307
Botswana,1966,0.404,-2.307
Botswana,1967,0.594,-2.307
Botswana,1968,0.594,-2.307
Botswana,1969,0.6,-1.791
Botswana,1970,0.624,-2.763
Botswana,1971,0.624,-2.318
Botswana,1972,0.624,-2.318
Botswana,1973,0.624,-2.318
Botswana,1974,0.625,-2.318
Botswana,1975,0.627,-2.318
Botswana,1976,0.632,-2.318
Botswana,1977,0.632,-2.318
Botswana,1978,0.632,-2.318
Botswana,1979,0.632,-2.765
Botswana,1980,0.629,-2.765
Botswana,1981,0.633,-2.334
Botswana,1982,0.643,-2.334
Botswana,1983,0.643,-2.334
Botswana,1984,0.653,-2.334
Botswana,1985,0.655,-2.334
Botswana,1986,0.655,-2.334
Botswana,1987,0.655,-2.334
Botswana,1988,0.664,-2.334
Botswana,1989,0.666,-2.741
Botswana,1990,0.683,-2.741
Botswana,1991,0.683,-2.026
Botswana,1992,0.683,-2.026
Botswana,1993,0.683,-2.026
Botswana,1994,0.676,-2.026
Botswana,1995,0.684,-2.026
Botswana,1996,0.684,-2.026
Botswana,1997,0.698,-2.026
Botswana,1998,0.702,-2.026
Botswana,1999,0.703,-2.026
Botswana,2000,0.702,-2.727
Botswana,2001,0.702,-1.766
Botswana,2002,0.702,-1.766
Botswana,2003,0.702,-1.766
Botswana,2004,0.713,-1.766
Botswana,2005,0.717,-1.766
Botswana,2006,0.722,-1.766
Botswana,2007,0.72,-1.766
Botswana,2008,0.715,-1.766
Botswana,2009,0.712,-1.766
Botswana,2010,0.717,-2.255
Botswana,2011,0.719,-1.784
Botswana,2012,0.719,-1.784
Botswana,2013,0.713,-1.784
Botswana,2014,0.711,-1.784
Botswana,2015,0.69,-1.784
Botswana,2016,0.685,-1.784
Botswana,2017,0.675,-1.784
Botswana,2018,0.672,-1.638
Botswana,2019,0.656,-1.477
Botswana,2020,0.589,-1.56
Botswana,2021,0.587,-1.194
Botswana,2022,0.573,-1.194
Botswana,2023,0.564,-2.491
Botswana,2024,0.595,-1.817
Botswana,2025,0.665,-1.901
Burundi,1916,0.019,0.12
Burundi,1917,0.019,0.12
Burundi,1918,0.019,0.12
Burundi,1919,0.019,0.12
Burundi,1920,0.018,0.12
Burundi,1921,0.018,0.12
Burundi,1922,0.018,0.12
Burundi,1923,0.018,0.12
Burundi,1924,0.018,0.12
Burundi,1925,0.018,0.12
Burundi,1926,0.02,0.12
Burundi,1927,0.02,0.12
Burundi,1928,0.02,0.12
Burundi,1929,0.02,0.12
Burundi,1930,0.02,0.12
Burundi,1931,0.02,0.12
Burundi,1932,0.02,0.12
Burundi,1933,0.02,0.12
Burundi,1934,0.02,0.12
Burundi,1935,0.02,0.12
Burundi,1936,0.02,0.12
Burundi,1937,0.02,0.12
Burundi,1938,0.02,0.12
Burundi,1939,0.02,0.12
Burundi,1940,0.023,0.12
Burundi,1941,0.023,0.12
Burundi,1942,0.023,0.12
Burundi,1943,0.023,0.12
Burundi,1944,0.023,0.12
Burundi,1945,0.023,0.12
Burundi,1946,0.023,0.12
Burundi,1947,0.023,0.12
Burundi,1948,0.023,0.12
Burundi,1949,0.023,0.12
Burundi,1950,0.023,0.12
Burundi,1951,0.023,0.12
Burundi,1952,0.023,0.12
Burundi,1953,0.038,0.12
Burundi,1954,0.038,0.12
Burundi,1955,0.038,0.12
Burundi,1956,0.038,0.12
Burundi,1957,0.044,0.12
Burundi,1958,0.053,0.395
Burundi,1959,0.065,0.395
Burundi,1960,0.108,1.22
Burundi,1961,0.127,1.22
Burundi,1962,0.19,0.82
Burundi,1963,0.195,0.616
Burundi,1964,0.195,0.616
Burundi,1965,0.181,0.616
Burundi,1966,0.123,0.464
Burundi,1967,0.086,0.464
Burundi,1968,0.086,0.464
Burundi,1969,0.083,0.799
Burundi,1970,0.083,1.058
Burundi,1971,0.083,1.058
Burundi,1972,0.083,1.857
Burundi,1973,0.083,1.377
Burundi,1974,0.083,1.377
Burundi,1975,0.083,0.633
Burundi,1976,0.08,-1.424
Burundi,1977,0.082,-1.424
Burundi,1978,0.082,-1.424
Burundi,1979,0.082,-1.424
Burundi,1980,0.084,-1.424
Burundi,1981,0.09,-1.424
Burundi,1982,0.137,-1.424
Burundi,1983,0.136,-1.424
Burundi,1984,0.136,-1.424
Burundi,1985,0.193,-1.424
Burundi,1986,0.193,-1.424
Burundi,1987,0.159,-1.424
Burundi,1988,0.088,-1.424
Burundi,1989,0.088,-1.424
Burundi,1990,0.089,-0.906
Burundi,1991,0.089,-0.778
Burundi,1992,0.165,-0.7
Burundi,1993,0.277,2.099
Burundi,1994,0.237,2.099
Burundi,1995,0.253,2.099
Burundi,1996,0.224,1.549
Burundi,1997,0.188,1.377
Burundi,1998,0.183,1.169
Burundi,1999,0.185,1.169
Burundi,2000,0.187,0.99
Burundi,2001,0.188,0.99
Burundi,2002,0.202,0.99
Burundi,2003,0.209,0.99
Burundi,2004,0.208,0.99
Burundi,2005,0.299,0.827
Burundi,2006,0.418,0.827
Burundi,2007,0.413,0.827
Burundi,2008,0.405,0.894
Burundi,2009,0.397,0.894
Burundi,2010,0.323,1.334
Burundi,2011,0.287,1.334
Burundi,2012,0.287,1.465
Burundi,2013,0.278,1.465
Burundi,2014,0.27,1.623
Burundi,2015,0.196,2.594
Burundi,2016,0.166,2.315
Burundi,2017,0.157,2.315
Burundi,2018,0.157,2.595
Burundi,2019,0.159,2.299
Burundi,2020,0.168,2.828
Burundi,2021,0.181,0.975
Burundi,2022,0.189,0.656
Burundi,2023,0.186,1.032
Burundi,2024,0.178,1.032
Burundi,2025,0.185,1.032
Cape Verde,1900,0.023,0.505
Cape Verde,1901,0.023,0.505
Cape Verde,1902,0.023,0.505
Cape Verde,1903,0.023,0.505
Cape Verde,1904,0.023,0.505
Cape Verde,1905,0.023,0.505
Cape Verde,1906,0.023,0.505
Cape Verde,1907,0.023,0.505
Cape Verde,1908,0.023,0.505
Cape Verde,1909,0.023,0.505
Cape Verde,1910,0.027,0.505
Cape Verde,1911,0.026,0.505
Cape Verde,1912,0.026,0.505
Cape Verde,1913,0.026,0.505
Cape Verde,1914,0.026,0.505
Cape Verde,1915,0.026,0.505
Cape Verde,1916,0.026,0.505
Cape Verde,1917,0.026,0.505
Cape Verde,1918,0.026,0.505
Cape Verde,1919,0.026,0.505
Cape Verde,1920,0.026,0.505
Cape Verde,1921,0.026,0.505
Cape Verde,1922,0.026,0.505
Cape Verde,1923,0.026,0.505
Cape Verde,1924,0.026,0.505
Cape Verde,1925,0.026,0.505
Cape Verde,1926,0.022,0.505
Cape Verde,1927,0.022,0.505
Cape Verde,1928,0.022,0.505
Cape Verde,1929,0.022,0.505
Cape Verde,1930,0.022,0.505
Cape Verde,1931,0.022,0.505
Cape Verde,1932,0.02,0.505
Cape Verde,1933,0.017,0.505
Cape Verde,1934,0.017,0.505
Cape Verde,1935,0.017,0.505
Cape Verde,1936,0.017,0.505
Cape Verde,1937,0.017,0.505
Cape Verde,1938,0.017,0.505
Cape Verde,1939,0.017,0.505
Cape Verde,1940,0.017,0.505
Cape Verde,1941,0.017,0.505
Cape Verde,1942,0.017,0.505
Cape Verde,1943,0.017,0.505
Cape Verde,1944,0.017,0.505
Cape Verde,1945,0.017,0.505
Cape Verde,1946,0.017,0.505
Cape Verde,1947,0.017,0.505
Cape Verde,1948,0.017,0.505
Cape Verde,1949,0.017,0.505
Cape Verde,1950,0.022,0.505
Cape Verde,1951,0.022,0.505
Cape Verde,1952,0.022,0.505
Cape Verde,1953,0.022,0.505
Cape Verde,1954,0.022,0.505
Cape Verde,1955,0.022,0.505
Cape Verde,1956,0.022,0.505
Cape Verde,1957,0.022,1.069
Cape Verde,1958,0.022,1.069
Cape Verde,1959,0.022,1.069
Cape Verde,1960,0.022,1.069
Cape Verde,1961,0.022,1.069
Cape Verde,1962,0.022,1.069
Cape Verde,1963,0.022,1.069
Cape Verde,1964,0.022,1.069
Cape Verde,1965,0.022,1.069
Cape Verde,1966,0.022,1.069
Cape Verde,1967,0.022,1.069
Cape Verde,1968,0.022,1.069
Cape Verde,1969,0.022,1.069
Cape Verde,1970,0.022,1.069
Cape Verde,1971,0.023,1.069
Cape Verde,1972,0.038,1.069
Cape Verde,1973,0.038,1.069
Cape Verde,1974,0.038,1.069
Cape Verde,1975,0.194,-0.772
Cape Verde,1976,0.156,-0.89
Cape Verde,1977,0.156,-0.89
Cape Verde,1978,0.156,-0.89
Cape Verde,1979,0.156,-0.89
Cape Verde,1980,0.166,-0.89
Cape Verde,1981,0.302,-0.89
Cape Verde,1982,0.302,-0.89
Cape Verde,1983,0.302,-0.89
Cape Verde,1984,0.302,-0.89
Cape Verde,1985,0.302,-0.89
Cape Verde,1986,0.312,-0.89
Cape Verde,1987,0.312,-0.89
Cape Verde,1988,0.321,-0.89
Cape Verde,1989,0.321,-0.89
Cape Verde,1990,0.338,-1.027
Cape Verde,1991,0.662,-0.58
Cape Verde,1992,0.714,-0.753
Cape Verde,1993,0.714,-0.753
Cape Verde,1994,0.714,-0.753
Cape Verde,1995,0.732,-0.753
Cape Verde,1996,0.776,-0.753
Cape Verde,1997,0.778,-0.753
Cape Verde,1998,0.778,-0.753
Cape Verde,1999,0.778,-0.753
Cape Verde,2000,0.772,-0.892
Cape Verde,2001,0.762,-0.892
Cape Verde,2002,0.767,-0.892
Cape Verde,2003,0.767,-0.892
Cape Verde,2004,0.767,-0.892
Cape Verde,2005,0.767,-0.892
Cape Verde,2006,0.778,-0.892
Cape Verde,2007,0.781,-0.892
Cape Verde,2008,0.782,-0.892
Cape Verde,2009,0.782,-0.892
Cape Verde,2010,0.779,-0.892
Cape Verde,2011,0.788,-0.892
Cape Verde,2012,0.788,-0.892
Cape Verde,2013,0.794,-0.892
Cape Verde,2014,0.794,-0.892
Cape Verde,2015,0.795,-0.892
Cape Verde,2016,0.8,-0.892
Cape Verde,2017,0.797,-0.892
Cape Verde,2018,0.783,-0.892
Cape Verde,2019,0.79,-0.892
Cape Verde,2020,0.793,-0.892
Cape Verde,2021,0.775,-0.779
Cape Verde,2022,0.754,-0.779
Cape Verde,2023,0.75,-0.596
Cape Verde,2024,0.752,-0.596
Cape Verde,2025,0.745,-0.596
Central African Republic,1920,0.027,1.381
Central African Republic,1921,0.027,1.381
Central African Republic,1922,0.027,1.381
Central African Republic,1923,0.027,1.381
Central African Republic,1924,0.027,1.381
Central African Republic,1925,0.027,1.381
Central African Republic,1926,0.027,1.381
Central African Republic,1927,0.027,1.381
Central African Republic,1928,0.027,1.381
Central African Republic,1929,0.027,1.381
Central African Republic,1930,0.027,1.381
Central African Republic,1931,0.027,1.381
Central African Republic,1932,0.028,1.381
Central African Republic,1933,0.027,1.381
Central African Republic,1934,0.027,1.381
Central African Republic,1935,0.03,0.447
Central African Republic,1936,0.03,0.447
Central African Republic,1937,0.03,0.447
Central African Republic,1938,0.03,0.447
Central African Republic,1939,0.03,0.447
Central African Republic,1940,0.025,0.447
Central African Republic,1941,0.025,0.447
Central African Republic,1942,0.025,0.447
Central African Republic,1943,0.025,0.447
Central African Republic,1944,0.025,0.447
Central African Republic,1945,0.025,0.447
Central African Republic,1946,0.062,0.447
Central African Republic,1947,0.108,0.447
Central African Republic,1948,0.108,0.447
Central African Republic,1949,0.108,0.447
Central African Republic,1950,0.125,0.447
Central African Republic,1951,0.125,0.447
Central African Republic,1952,0.14,0.447
Central African Republic,1953,0.142,0.447
Central African Republic,1954,0.142,0.447
Central African Republic,1955,0.142,0.705
Central African Republic,1956,0.148,0.705
Central African Republic,1957,0.214,0.705
Central African Republic,1958,0.215,0.705
Central African Republic,1959,0.219,1.121
Central African Republic,1960,0.219,0.161
Central African Republic,1961,0.262,0.161
Central African Republic,1962,0.256,0.161
Central African Republic,1963,0.219,0.161
Central African Republic,1964,0.178,0.161
Central African Republic,1965,0.177,0.161
Central African Republic,1966,0.092,0.38
Central African Republic,1967,0.092,0.38
Central African Republic,1968,0.092,0.38
Central African Republic,1969,0.092,0.38
Central African Republic,1970,0.091,0.15
Central African Republic,1971,0.091,0.15
Central African Republic,1972,0.091,0.15
Central African Republic,1973,0.091,0.15
Central African Republic,1974,0.091,0.15
Central African Republic,1975,0.091,0.15
Central African Republic,1976,0.091,0.553
Central African Republic,1977,0.087,0.553
Central African Republic,1978,0.087,0.553
Central African Republic,1979,0.091,0.553
Central African Republic,1980,0.165,0.346
Central African Republic,1981,0.185,0.346
Central African Republic,1982,0.107,0.346
Central African Republic,1983,0.107,0.346
Central African Republic,1984,0.107,0.346
Central African Republic,1985,0.107,0.346
Central African Republic,1986,0.119,0.346
Central African Republic,1987,0.18,0.346
Central African Republic,1988,0.199,0.346
Central African Republic,1989,0.199,0.551
Central African Republic,1990,0.224,0.833
Central African Republic,1991,0.249,0.833
Central African Republic,1992,0.289,0.833
Central African Republic,1993,0.346,0.55
Central African Republic,1994,0.352,0.55
Central African Republic,1995,0.352,0.55
Central African Republic,1996,0.352,0.55
Central African Republic,1997,0.352,0.55
Central African Republic,1998,0.352,0.55
Central African Republic,1999,0.346,0.55
Central African Republic,2000,0.341,0.55
Central African Republic,2001,0.341,0.55
Central African Republic,2002,0.341,1.072
Central African Republic,2003,0.245,0.853
Central African Republic,2004,0.221,0.853
Central African Republic,2005,0.294,0.853
Central African Republic,2006,0.342,0.853
Central African Republic,2007,0.342,0.853
Central African Republic,2008,0.342,0.853
Central African Republic,2009,0.342,0.853
Central African Republic,2010,0.343,0.853
Central African Republic,2011,0.319,0.853
Central African Republic,2012,0.317,0.853
Central African Republic,2013,0.272,0.853
Central African Republic,2014,0.282,0.853
Central African Republic,2015,0.284,0.853
Central African Republic,2016,0.4,0.853
Central African Republic,2017,0.396,0.853
Central African Republic,2018,0.406,0.853
Central African Republic,2019,0.379,0.853
Central African Republic,2020,0.374,1.039
Central African Republic,2021,0.343,0.522
Central African Republic,2022,0.326,0.522
Central African Republic,2023,0.301,1.015
Central African Republic,2024,0.299,1.269
Central African Republic,2025,0.293,1.269
Chile,1789,0.012,NA
Chile,1790,0.013,NA
Chile,1791,0.012,NA
Chile,1792,0.012,NA
Chile,1793,0.012,NA
Chile,1794,0.012,NA
Chile,1795,0.012,NA
Chile,1796,0.012,NA
Chile,1797,0.012,NA
Chile,1798,0.012,NA
Chile,1799,0.012,NA
Chile,1800,0.012,NA
Chile,1801,0.012,NA
Chile,1802,0.012,NA
Chile,1803,0.012,NA
Chile,1804,0.012,NA
Chile,1805,0.012,NA
Chile,1806,0.012,NA
Chile,1807,0.012,NA
Chile,1808,0.012,NA
Chile,1809,0.012,NA
Chile,1810,0.038,NA
Chile,1811,0.06,NA
Chile,1812,0.09,NA
Chile,1813,0.09,NA
Chile,1814,0.039,NA
Chile,1815,0.023,NA
Chile,1816,0.023,NA
Chile,1817,0.027,NA
Chile,1818,0.032,NA
Chile,1819,NA,NA
Chile,1820,NA,NA
Chile,1821,NA,NA
Chile,1822,0.061,NA
Chile,1823,0.158,NA
Chile,1824,0.201,NA
Chile,1825,0.213,NA
Chile,1826,0.213,NA
Chile,1827,0.215,NA
Chile,1828,0.201,NA
Chile,1829,0.194,NA
Chile,1830,0.091,NA
Chile,1831,0.115,NA
Chile,1832,0.126,NA
Chile,1833,0.137,NA
Chile,1834,0.125,NA
Chile,1835,0.125,NA
Chile,1836,0.126,NA
Chile,1837,0.126,NA
Chile,1838,0.126,NA
Chile,1839,0.128,NA
Chile,1840,0.166,NA
Chile,1841,0.164,NA
Chile,1842,0.171,NA
Chile,1843,0.165,NA
Chile,1844,0.159,NA
Chile,1845,0.156,NA
Chile,1846,0.157,NA
Chile,1847,0.156,NA
Chile,1848,0.157,NA
Chile,1849,0.16,NA
Chile,1850,0.181,NA
Chile,1851,0.171,NA
Chile,1852,0.15,NA
Chile,1853,0.15,NA
Chile,1854,0.15,NA
Chile,1855,0.15,NA
Chile,1856,0.15,NA
Chile,1857,0.149,NA
Chile,1858,0.157,NA
Chile,1859,0.158,NA
Chile,1860,0.186,NA
Chile,1861,0.209,NA
Chile,1862,0.211,NA
Chile,1863,0.211,NA
Chile,1864,0.218,NA
Chile,1865,0.218,NA
Chile,1866,0.219,NA
Chile,1867,0.219,NA
Chile,1868,0.219,NA
Chile,1869,0.219,NA
Chile,1870,0.218,NA
Chile,1871,0.219,NA
Chile,1872,0.237,NA
Chile,1873,0.237,NA
Chile,1874,0.256,NA
Chile,1875,0.258,NA
Chile,1876,0.257,NA
Chile,1877,0.254,NA
Chile,1878,0.254,NA
Chile,1879,0.275,NA
Chile,1880,0.275,NA
Chile,1881,0.272,NA
Chile,1882,0.268,NA
Chile,1883,0.268,NA
Chile,1884,0.268,NA
Chile,1885,0.275,NA
Chile,1886,0.27,NA
Chile,1887,0.265,NA
Chile,1888,0.274,NA
Chile,1889,0.274,NA
Chile,1890,0.232,NA
Chile,1891,0.235,NA
Chile,1892,0.275,NA
Chile,1893,0.275,NA
Chile,1894,0.289,NA
Chile,1895,0.289,NA
Chile,1896,0.29,NA
Chile,1897,0.298,NA
Chile,1898,0.298,NA
Chile,1899,0.298,NA
Chile,1900,0.289,1.118
Chile,1901,0.29,1.118
Chile,1902,0.29,1.118
Chile,1903,0.288,1.118
Chile,1904,0.287,1.118
Chile,1905,0.287,1.118
Chile,1906,0.287,1.118
Chile,1907,0.289,1.118
Chile,1908,0.289,1.118
Chile,1909,0.289,1.118
Chile,1910,0.293,0.888
Chile,1911,0.294,0.888
Chile,1912,0.295,0.888
Chile,1913,0.295,0.888
Chile,1914,0.295,0.888
Chile,1915,0.299,0.888
Chile,1916,0.299,0.888
Chile,1917,0.299,0.888
Chile,1918,0.294,0.888
Chile,1919,0.293,0.888
Chile,1920,0.298,0.621
Chile,1921,0.302,0.621
Chile,1922,0.304,0.621
Chile,1923,0.304,1.281
Chile,1924,0.257,1.281
Chile,1925,0.155,1.281
Chile,1926,0.205,1.806
Chile,1927,0.239,1.806
Chile,1928,0.196,2.277
Chile,1929,0.194,2.277
Chile,1930,0.198,1.617
Chile,1931,0.216,1.617
Chile,1932,0.304,0.426
Chile,1933,0.347,0.254
Chile,1934,0.347,0.254
Chile,1935,0.353,0.254
Chile,1936,0.353,0.254
Chile,1937,0.366,0.254
Chile,1938,0.359,0.254
Chile,1939,0.363,-0.066
Chile,1940,0.367,-0.228
Chile,1941,0.369,-0.228
Chile,1942,0.368,-0.228
Chile,1943,0.369,-0.228
Chile,1944,0.371,-0.228
Chile,1945,0.376,-0.228
Chile,1946,0.367,-0.228
Chile,1947,0.363,-0.228
Chile,1948,0.358,0.05
Chile,1949,0.34,0.05
Chile,1950,0.414,0.05
Chile,1951,0.414,0.05
Chile,1952,0.412,0.05
Chile,1953,0.416,0.05
Chile,1954,0.415,0.05
Chile,1955,0.415,0.05
Chile,1956,0.415,0.05
Chile,1957,0.421,0.05
Chile,1958,0.45,0.05
Chile,1959,0.517,0.217
Chile,1960,0.537,0.613
Chile,1961,0.543,0.613
Chile,1962,0.544,0.613
Chile,1963,0.551,0.613
Chile,1964,0.581,0.613
Chile,1965,0.586,0.699
Chile,1966,0.586,0.672
Chile,1967,0.586,0.672
Chile,1968,0.586,0.672
Chile,1969,0.589,0.672
Chile,1970,0.604,2.169
Chile,1971,0.705,2.169
Chile,1972,0.688,2.169
Chile,1973,0.311,2.169
Chile,1974,0.071,2.752
Chile,1975,0.071,2.752
Chile,1976,0.071,2.752
Chile,1977,0.072,2.752
Chile,1978,0.072,2.752
Chile,1979,0.074,2.752
Chile,1980,0.075,2.752
Chile,1981,0.075,2.752
Chile,1982,0.075,2.752
Chile,1983,0.075,2.752
Chile,1984,0.075,2.752
Chile,1985,0.078,2.213
Chile,1986,0.078,2.213
Chile,1987,0.082,2.213
Chile,1988,0.111,0.477
Chile,1989,0.135,0.477
Chile,1990,0.721,-1.567
Chile,1991,0.816,-1.783
Chile,1992,0.816,-1.783
Chile,1993,0.813,-1.783
Chile,1994,0.85,-1.783
Chile,1995,0.85,-1.783
Chile,1996,0.85,-2.117
Chile,1997,0.85,-2.117
Chile,1998,0.851,-2.117
Chile,1999,0.85,-2.117
Chile,2000,0.876,-2.117
Chile,2001,0.876,-2.117
Chile,2002,0.88,-2.117
Chile,2003,0.88,-2.117
Chile,2004,0.88,-2.117
Chile,2005,0.877,-2.117
Chile,2006,0.894,-2.117
Chile,2007,0.894,-1.928
Chile,2008,0.894,-1.928
Chile,2009,0.887,-1.928
Chile,2010,0.888,-1.587
Chile,2011,0.889,-1.587
Chile,2012,0.893,-1.587
Chile,2013,0.894,-1.587
Chile,2014,0.893,-1.454
Chile,2015,0.886,-1.229
Chile,2016,0.886,-1.229
Chile,2017,0.889,-1.229
Chile,2018,0.87,-0.678
Chile,2019,0.829,0.632
Chile,2020,0.837,0.26
Chile,2021,0.841,0.662
Chile,2022,0.833,0.448
Chile,2023,0.836,0.448
Chile,2024,0.845,-0.555
Chile,2025,0.839,-1.63
Costa Rica,1838,0.195,NA
Costa Rica,1839,0.195,NA
Costa Rica,1840,0.195,NA
Costa Rica,1841,0.195,NA
Costa Rica,1842,0.223,NA
Costa Rica,1843,0.278,NA
Costa Rica,1844,0.263,NA
Costa Rica,1845,0.203,NA
Costa Rica,1846,0.2,NA
Costa Rica,1847,0.182,NA
Costa Rica,1848,0.192,NA
Costa Rica,1849,0.18,NA
Costa Rica,1850,0.138,NA
Costa Rica,1851,0.184,NA
Costa Rica,1852,0.184,NA
Costa Rica,1853,0.184,NA
Costa Rica,1854,0.184,NA
Costa Rica,1855,0.184,NA
Costa Rica,1856,0.184,NA
Costa Rica,1857,0.184,NA
Costa Rica,1858,0.184,NA
Costa Rica,1859,0.183,NA
Costa Rica,1860,0.154,NA
Costa Rica,1861,0.201,NA
Costa Rica,1862,0.201,NA
Costa Rica,1863,0.201,NA
Costa Rica,1864,0.201,NA
Costa Rica,1865,0.201,NA
Costa Rica,1866,0.201,NA
Costa Rica,1867,0.201,NA
Costa Rica,1868,0.193,NA
Costa Rica,1869,0.154,NA
Costa Rica,1870,0.179,NA
Costa Rica,1871,0.206,NA
Costa Rica,1872,0.283,NA
Costa Rica,1873,0.283,NA
Costa Rica,1874,0.283,NA
Costa Rica,1875,0.283,NA
Costa Rica,1876,0.234,NA
Costa Rica,1877,0.18,NA
Costa Rica,1878,0.215,NA
Costa Rica,1879,0.215,NA
Costa Rica,1880,0.278,NA
Costa Rica,1881,0.278,NA
Costa Rica,1882,0.28,NA
Costa Rica,1883,0.294,NA
Costa Rica,1884,0.294,NA
Costa Rica,1885,0.276,NA
Costa Rica,1886,0.271,NA
Costa Rica,1887,0.294,NA
Costa Rica,1888,0.294,NA
Costa Rica,1889,0.29,NA
Costa Rica,1890,0.282,NA
Costa Rica,1891,0.29,NA
Costa Rica,1892,0.289,NA
Costa Rica,1893,0.289,NA
Costa Rica,1894,0.278,NA
Costa Rica,1895,0.277,NA
Costa Rica,1896,0.284,NA
Costa Rica,1897,0.284,NA
Costa Rica,1898,0.287,NA
Costa Rica,1899,0.287,NA
Costa Rica,1900,0.277,-0.268
Costa Rica,1901,0.256,-0.268
Costa Rica,1902,0.26,-0.268
Costa Rica,1903,0.26,-0.268
Costa Rica,1904,0.26,-0.268
Costa Rica,1905,0.26,-0.268
Costa Rica,1906,0.26,-0.268
Costa Rica,1907,0.26,-0.268
Costa Rica,1908,0.26,-0.268
Costa Rica,1909,0.264,-0.268
Costa Rica,1910,0.27,-0.268
Costa Rica,1911,0.27,-0.268
Costa Rica,1912,0.27,-0.268
Costa Rica,1913,0.315,-0.268
Costa Rica,1914,0.316,-0.268
Costa Rica,1915,0.316,-0.268
Costa Rica,1916,0.316,-0.268
Costa Rica,1917,0.209,0.026
Costa Rica,1918,0.206,0.026
Costa Rica,1919,0.22,0.026
Costa Rica,1920,0.284,-0.423
Costa Rica,1921,0.315,-0.423
Costa Rica,1922,0.315,-0.423
Costa Rica,1923,0.316,-0.423
Costa Rica,1924,0.327,-0.423
Costa Rica,1925,0.327,-0.423
Costa Rica,1926,0.327,-0.423
Costa Rica,1927,0.327,-0.423
Costa Rica,1928,0.327,-0.423
Costa Rica,1929,0.327,-0.423
Costa Rica,1930,0.327,-0.423
Costa Rica,1931,0.328,-0.423
Costa Rica,1932,0.331,-0.423
Costa Rica,1933,0.332,-0.423
Costa Rica,1934,0.332,-0.423
Costa Rica,1935,0.332,-0.423
Costa Rica,1936,0.322,-0.423
Costa Rica,1937,0.322,-0.423
Costa Rica,1938,0.322,-0.423
Costa Rica,1939,0.322,-0.423
Costa Rica,1940,0.319,1.32
Costa Rica,1941,0.32,1.32
Costa Rica,1942,0.32,1.586
Costa Rica,1943,0.319,1.586
Costa Rica,1944,0.322,1.586
Costa Rica,1945,0.322,1.586
Costa Rica,1946,0.324,1.586
Costa Rica,1947,0.324,1.91
Costa Rica,1948,0.218,1.91
Costa Rica,1949,0.269,1.91
Costa Rica,1950,0.564,0.693
Costa Rica,1951,0.577,0.693
Costa Rica,1952,0.579,0.693
Costa Rica,1953,0.65,0.693
Costa Rica,1954,0.721,0.693
Costa Rica,1955,0.721,0.693
Costa Rica,1956,0.721,0.693
Costa Rica,1957,0.721,0.693
Costa Rica,1958,0.722,0.693
Costa Rica,1959,0.729,0.325
Costa Rica,1960,0.719,-0.374
Costa Rica,1961,0.719,-0.374
Costa Rica,1962,0.721,-0.374
Costa Rica,1963,0.721,-1.521
Costa Rica,1964,0.721,-1.521
Costa Rica,1965,0.721,-1.521
Costa Rica,1966,0.731,-1.521
Costa Rica,1967,0.732,-1.521
Costa Rica,1968,0.732,-1.521
Costa Rica,1969,0.732,-1.521
Costa Rica,1970,0.742,-1.521
Costa Rica,1971,0.744,-1.521
Costa Rica,1972,0.744,-1.521
Costa Rica,1973,0.744,-1.521
Costa Rica,1974,0.746,-1.521
Costa Rica,1975,0.793,-1.521
Costa Rica,1976,0.807,-1.521
Costa Rica,1977,0.81,-1.521
Costa Rica,1978,0.825,-1.521
Costa Rica,1979,0.826,-1.521
Costa Rica,1980,0.848,-1.328
Costa Rica,1981,0.848,-1.328
Costa Rica,1982,0.866,-1.328
Costa Rica,1983,0.867,-1.328
Costa Rica,1984,0.867,-1.328
Costa Rica,1985,0.867,-1.328
Costa Rica,1986,0.866,-1.328
Costa Rica,1987,0.865,-1.328
Costa Rica,1988,0.876,-1.328
Costa Rica,1989,0.876,-1.328
Costa Rica,1990,0.891,-1.643
Costa Rica,1991,0.892,-1.643
Costa Rica,1992,0.892,-1.643
Costa Rica,1993,0.892,-1.643
Costa Rica,1994,0.893,-1.643
Costa Rica,1995,0.893,-1.643
Costa Rica,1996,0.893,-1.643
Costa Rica,1997,0.893,-1.643
Costa Rica,1998,0.893,-1.643
Costa Rica,1999,0.893,-1.643
Costa Rica,2000,0.892,-2.019
Costa Rica,2001,0.892,-2.019
Costa Rica,2002,0.895,-2.019
Costa Rica,2003,0.895,-2.019
Costa Rica,2004,0.894,-0.68
Costa Rica,2005,0.894,-0.68
Costa Rica,2006,0.905,-0.68
Costa Rica,2007,0.908,-0.68
Costa Rica,2008,0.908,-2.014
Costa Rica,2009,0.908,-2.014
Costa Rica,2010,0.91,-1.404
Costa Rica,2011,0.91,-1.404
Costa Rica,2012,0.91,-1.404
Costa Rica,2013,0.907,-1.404
Costa Rica,2014,0.906,-1.404
Costa Rica,2015,0.906,-1.404
Costa Rica,2016,0.902,-1.404
Costa Rica,2017,0.898,-1.404
Costa Rica,2018,0.89,-1.404
Costa Rica,2019,0.893,-1.404
Costa Rica,2020,0.895,-1.404
Costa Rica,2021,0.894,-1.738
Costa Rica,2022,0.866,-0.711
Costa Rica,2023,0.862,-0.711
Costa Rica,2024,0.862,-0.266
Costa Rica,2025,0.862,-0.266
Timor-Leste,1900,0.016,0.654
Timor-Leste,1901,0.016,0.654
Timor-Leste,1902,0.016,0.654
Timor-Leste,1903,0.016,0.654
Timor-Leste,1904,0.016,0.654
Timor-Leste,1905,0.016,0.654
Timor-Leste,1906,0.016,0.654
Timor-Leste,1907,0.016,0.654
Timor-Leste,1908,0.016,0.654
Timor-Leste,1909,0.016,0.654
Timor-Leste,1910,0.017,0.654
Timor-Leste,1911,0.017,0.654
Timor-Leste,1912,0.017,0.654
Timor-Leste,1913,0.017,0.12
Timor-Leste,1914,0.017,0.12
Timor-Leste,1915,0.017,0.12
Timor-Leste,1916,0.017,0.12
Timor-Leste,1917,0.017,0.12
Timor-Leste,1918,0.017,0.12
Timor-Leste,1919,0.017,0.12
Timor-Leste,1920,0.017,0.12
Timor-Leste,1921,0.017,0.12
Timor-Leste,1922,0.017,0.12
Timor-Leste,1923,0.017,0.12
Timor-Leste,1924,0.017,0.12
Timor-Leste,1925,0.017,0.12
Timor-Leste,1926,0.016,0.12
Timor-Leste,1927,0.016,0.12
Timor-Leste,1928,0.016,0.12
Timor-Leste,1929,0.016,0.12
Timor-Leste,1930,0.016,0.12
Timor-Leste,1931,0.016,0.12
Timor-Leste,1932,0.016,0.12
Timor-Leste,1933,0.016,0.12
Timor-Leste,1934,0.016,0.12
Timor-Leste,1935,0.016,0.12
Timor-Leste,1936,0.016,0.12
Timor-Leste,1937,0.016,0.12
Timor-Leste,1938,0.016,0.12
Timor-Leste,1939,0.016,0.12
Timor-Leste,1940,0.016,0.12
Timor-Leste,1941,0.016,0.12
Timor-Leste,1942,0.015,0.12
Timor-Leste,1943,0.015,0.12
Timor-Leste,1944,0.015,0.12
Timor-Leste,1945,0.015,0.12
Timor-Leste,1946,0.016,0.12
Timor-Leste,1947,0.016,0.12
Timor-Leste,1948,0.016,0.12
Timor-Leste,1949,0.016,0.12
Timor-Leste,1950,0.016,0.12
Timor-Leste,1951,0.016,0.12
Timor-Leste,1952,0.016,0.12
Timor-Leste,1953,0.016,0.12
Timor-Leste,1954,0.016,0.12
Timor-Leste,1955,0.016,0.12
Timor-Leste,1956,0.016,0.12
Timor-Leste,1957,0.016,0.12
Timor-Leste,1958,0.016,0.12
Timor-Leste,1959,0.016,0.12
Timor-Leste,1960,0.017,0.12
Timor-Leste,1961,0.017,0.12
Timor-Leste,1962,0.017,0.12
Timor-Leste,1963,0.017,0.12
Timor-Leste,1964,0.017,0.12
Timor-Leste,1965,0.017,0.12
Timor-Leste,1966,0.017,0.12
Timor-Leste,1967,0.017,0.12
Timor-Leste,1968,0.017,0.12
Timor-Leste,1969,0.017,0.12
Timor-Leste,1970,0.017,0.12
Timor-Leste,1971,0.017,0.12
Timor-Leste,1972,0.017,0.12
Timor-Leste,1973,0.046,0.12
Timor-Leste,1974,0.054,1.193
Timor-Leste,1975,0.089,2.392
Timor-Leste,1976,0.022,2.392
Timor-Leste,1977,0.076,2.392
Timor-Leste,1978,0.076,2.392
Timor-Leste,1979,0.076,2.392
Timor-Leste,1980,0.076,2.392
Timor-Leste,1981,0.076,2.392
Timor-Leste,1982,0.076,2.392
Timor-Leste,1983,0.076,2.392
Timor-Leste,1984,0.076,2.392
Timor-Leste,1985,0.076,2.392
Timor-Leste,1986,0.076,2.392
Timor-Leste,1987,0.076,2.392
Timor-Leste,1988,0.076,2.392
Timor-Leste,1989,0.076,2.392
Timor-Leste,1990,0.077,2.392
Timor-Leste,1991,0.077,2.392
Timor-Leste,1992,0.077,2.392
Timor-Leste,1993,0.077,2.392
Timor-Leste,1994,0.077,2.392
Timor-Leste,1995,0.077,2.392
Timor-Leste,1996,0.077,2.392
Timor-Leste,1997,0.077,2.392
Timor-Leste,1998,0.09,2.392
Timor-Leste,1999,0.11,2.392
Timor-Leste,2000,0.222,-1.738
Timor-Leste,2001,0.289,-1.738
Timor-Leste,2002,0.561,-1.738
Timor-Leste,2003,0.573,-2.163
Timor-Leste,2004,0.573,-2.163
Timor-Leste,2005,0.572,-1.377
Timor-Leste,2006,0.569,0.6
Timor-Leste,2007,0.609,0.6
Timor-Leste,2008,0.618,0.006
Timor-Leste,2009,0.617,0.006
Timor-Leste,2010,0.632,0.006
Timor-Leste,2011,0.632,0.006
Timor-Leste,2012,0.65,-0.432
Timor-Leste,2013,0.661,-0.687
Timor-Leste,2014,0.639,-0.687
Timor-Leste,2015,0.644,-1.137
Timor-Leste,2016,0.628,-1.137
Timor-Leste,2017,0.671,-0.09
Timor-Leste,2018,0.689,-0.09
Timor-Leste,2019,0.703,-0.09
Timor-Leste,2020,0.679,-0.09
Timor-Leste,2021,0.693,-0.09
Timor-Leste,2022,0.709,-0.09
Timor-Leste,2023,0.714,-0.324
Timor-Leste,2024,0.734,-0.879
Timor-Leste,2025,0.736,-0.879
Ecuador,1830,0.088,NA
Ecuador,1831,0.088,NA
Ecuador,1832,0.088,NA
Ecuador,1833,0.086,NA
Ecuador,1834,0.095,NA
Ecuador,1835,0.117,NA
Ecuador,1836,0.117,NA
Ecuador,1837,0.117,NA
Ecuador,1838,0.117,NA
Ecuador,1839,0.117,NA
Ecuador,1840,0.117,NA
Ecuador,1841,0.106,NA
Ecuador,1842,0.106,NA
Ecuador,1843,0.106,NA
Ecuador,1844,0.106,NA
Ecuador,1845,0.125,NA
Ecuador,1846,0.141,NA
Ecuador,1847,0.141,NA
Ecuador,1848,0.141,NA
Ecuador,1849,0.141,NA
Ecuador,1850,0.136,NA
Ecuador,1851,0.122,NA
Ecuador,1852,0.105,NA
Ecuador,1853,0.105,NA
Ecuador,1854,0.136,NA
Ecuador,1855,0.136,NA
Ecuador,1856,0.15,NA
Ecuador,1857,0.194,NA
Ecuador,1858,0.194,NA
Ecuador,1859,0.168,NA
Ecuador,1860,0.076,NA
Ecuador,1861,0.052,NA
Ecuador,1862,0.114,NA
Ecuador,1863,0.116,NA
Ecuador,1864,0.116,NA
Ecuador,1865,0.119,NA
Ecuador,1866,0.166,NA
Ecuador,1867,0.166,NA
Ecuador,1868,0.164,NA
Ecuador,1869,0.135,NA
Ecuador,1870,0.135,NA
Ecuador,1871,0.135,NA
Ecuador,1872,0.135,NA
Ecuador,1873,0.135,NA
Ecuador,1874,0.135,NA
Ecuador,1875,0.144,NA
Ecuador,1876,0.178,NA
Ecuador,1877,0.096,NA
Ecuador,1878,0.096,NA
Ecuador,1879,0.158,NA
Ecuador,1880,0.158,NA
Ecuador,1881,0.158,NA
Ecuador,1882,0.158,NA
Ecuador,1883,0.159,NA
Ecuador,1884,0.146,NA
Ecuador,1885,0.147,NA
Ecuador,1886,0.146,NA
Ecuador,1887,0.148,NA
Ecuador,1888,0.193,NA
Ecuador,1889,0.207,NA
Ecuador,1890,0.22,NA
Ecuador,1891,0.22,NA
Ecuador,1892,0.229,NA
Ecuador,1893,0.229,NA
Ecuador,1894,0.229,NA
Ecuador,1895,0.178,NA
Ecuador,1896,0.198,NA
Ecuador,1897,0.198,NA
Ecuador,1898,0.268,NA
Ecuador,1899,0.268,NA
Ecuador,1900,0.277,0.464
Ecuador,1901,0.274,0.464
Ecuador,1902,0.27,0.464
Ecuador,1903,0.27,0.464
Ecuador,1904,0.27,0.464
Ecuador,1905,0.267,0.464
Ecuador,1906,0.167,0.464
Ecuador,1907,0.163,0.464
Ecuador,1908,0.163,0.464
Ecuador,1909,0.163,0.464
Ecuador,1910,0.162,0.464
Ecuador,1911,0.212,0.464
Ecuador,1912,0.262,0.464
Ecuador,1913,0.262,0.464
Ecuador,1914,0.262,0.464
Ecuador,1915,0.261,0.464
Ecuador,1916,0.26,0.464
Ecuador,1917,0.266,0.464
Ecuador,1918,0.257,0.464
Ecuador,1919,0.257,0.464
Ecuador,1920,0.259,0.464
Ecuador,1921,0.26,0.464
Ecuador,1922,0.259,0.464
Ecuador,1923,0.26,0.464
Ecuador,1924,0.259,0.464
Ecuador,1925,0.212,0.464
Ecuador,1926,0.209,0.464
Ecuador,1927,0.225,0.464
Ecuador,1928,0.228,0.464
Ecuador,1929,0.263,0.464
Ecuador,1930,0.287,0.464
Ecuador,1931,0.282,0.464
Ecuador,1932,0.266,0.464
Ecuador,1933,0.266,0.464
Ecuador,1934,0.269,0.464
Ecuador,1935,0.227,0.464
Ecuador,1936,0.152,0.464
Ecuador,1937,0.149,0.464
Ecuador,1938,0.206,0.464
Ecuador,1939,0.25,0.464
Ecuador,1940,0.245,0.464
Ecuador,1941,0.242,0.464
Ecuador,1942,0.242,0.464
Ecuador,1943,0.242,0.464
Ecuador,1944,0.193,0.464
Ecuador,1945,0.166,0.464
Ecuador,1946,0.157,0.464
Ecuador,1947,0.232,0.464
Ecuador,1948,0.344,0.013
Ecuador,1949,0.364,0.013
Ecuador,1950,0.37,0.013
Ecuador,1951,0.369,0.013
Ecuador,1952,0.357,0.013
Ecuador,1953,0.347,0.454
Ecuador,1954,0.352,0.454
Ecuador,1955,0.363,0.454
Ecuador,1956,0.363,0.454
Ecuador,1957,0.37,0.454
Ecuador,1958,0.374,0.454
Ecuador,1959,0.378,0.454
Ecuador,1960,0.359,0.798
Ecuador,1961,0.358,0.798
Ecuador,1962,0.365,0.798
Ecuador,1963,0.216,0.798
Ecuador,1964,0.133,0.798
Ecuador,1965,0.136,0.798
Ecuador,1966,0.138,0.798
Ecuador,1967,0.178,0.798
Ecuador,1968,0.273,0.798
Ecuador,1969,0.376,0.798
Ecuador,1970,0.294,0.798
Ecuador,1971,0.206,0.798
Ecuador,1972,0.172,0.798
Ecuador,1973,0.146,0.798
Ecuador,1974,0.146,0.798
Ecuador,1975,0.146,0.798
Ecuador,1976,0.146,0.798
Ecuador,1977,0.147,0.798
Ecuador,1978,0.198,0.798
Ecuador,1979,0.393,0.798
Ecuador,1980,0.688,-0.206
Ecuador,1981,0.688,-0.206
Ecuador,1982,0.688,-0.206
Ecuador,1983,0.684,-0.206
Ecuador,1984,0.69,-0.206
Ecuador,1985,0.672,-0.206
Ecuador,1986,0.671,-0.206
Ecuador,1987,0.67,-0.206
Ecuador,1988,0.692,-0.206
Ecuador,1989,0.716,-0.206
Ecuador,1990,0.716,0.013
Ecuador,1991,0.716,0.013
Ecuador,1992,0.714,0.013
Ecuador,1993,0.706,0.013
Ecuador,1994,0.697,0.013
Ecuador,1995,0.699,0.121
Ecuador,1996,0.696,0.121
Ecuador,1997,0.695,0.121
Ecuador,1998,0.696,0.121
Ecuador,1999,0.693,0.121
Ecuador,2000,0.689,0.524
Ecuador,2001,0.689,0.524
Ecuador,2002,0.689,0.524
Ecuador,2003,0.698,0.524
Ecuador,2004,0.698,0.524
Ecuador,2005,0.698,0.524
Ecuador,2006,0.693,0.524
Ecuador,2007,0.671,0.962
Ecuador,2008,0.634,1.151
Ecuador,2009,0.613,1.151
Ecuador,2010,0.588,1.151
Ecuador,2011,0.581,1.151
Ecuador,2012,0.586,1.151
Ecuador,2013,0.538,1.387
Ecuador,2014,0.534,1.387
Ecuador,2015,0.533,1.387
Ecuador,2016,0.54,1.387
Ecuador,2017,0.552,1.387
Ecuador,2018,0.641,1.605
Ecuador,2019,0.617,1.605
Ecuador,2020,0.626,1.605
Ecuador,2021,0.625,0.879
Ecuador,2022,0.661,0.879
Ecuador,2023,0.641,0.673
Ecuador,2024,0.641,0.673
Ecuador,2025,0.607,1.221
France,1789,0.256,NA
France,1790,0.263,NA
France,1791,0.233,NA
France,1792,0.246,NA
France,1793,0.275,NA
France,1794,0.275,NA
France,1795,0.268,NA
France,1796,0.269,NA
France,1797,0.269,NA
France,1798,0.269,NA
France,1799,0.269,NA
France,1800,0.118,NA
France,1801,0.118,NA
France,1802,0.118,NA
France,1803,0.118,NA
France,1804,0.118,NA
France,1805,0.118,NA
France,1806,0.118,NA
France,1807,0.118,NA
France,1808,0.118,NA
France,1809,0.118,NA
France,1810,0.118,NA
France,1811,0.118,NA
France,1812,0.118,NA
France,1813,0.118,NA
France,1814,0.093,NA
France,1815,0.183,NA
France,1816,0.185,NA
France,1817,0.184,NA
France,1818,0.184,NA
France,1819,0.185,NA
France,1820,0.13,NA
France,1821,0.186,NA
France,1822,0.176,NA
France,1823,0.176,NA
France,1824,0.174,NA
France,1825,0.174,NA
France,1826,0.174,NA
France,1827,0.174,NA
France,1828,0.173,NA
France,1829,0.173,NA
France,1830,0.205,NA
France,1831,0.206,NA
France,1832,0.206,NA
France,1833,0.206,NA
France,1834,0.206,NA
France,1835,0.206,NA
France,1836,0.206,NA
France,1837,0.206,NA
France,1838,0.206,NA
France,1839,0.205,NA
France,1840,0.205,NA
France,1841,0.205,NA
France,1842,0.206,NA
France,1843,0.207,NA
France,1844,0.207,NA
France,1845,0.207,NA
France,1846,0.207,NA
France,1847,0.206,NA
France,1848,0.398,NA
France,1849,0.479,NA
France,1850,0.479,NA
France,1851,0.294,NA
France,1852,0.161,NA
France,1853,0.175,NA
France,1854,0.175,NA
France,1855,0.175,NA
France,1856,0.175,NA
France,1857,0.175,NA
France,1858,0.175,NA
France,1859,0.175,NA
France,1860,0.175,NA
France,1861,0.197,NA
France,1862,0.203,NA
France,1863,0.202,NA
France,1864,0.202,NA
France,1865,0.202,NA
France,1866,0.202,NA
France,1867,0.202,NA
France,1868,0.202,NA
France,1869,0.203,NA
France,1870,0.319,NA
France,1871,0.449,NA
France,1872,0.48,NA
France,1873,0.48,NA
France,1874,0.505,NA
France,1875,0.505,NA
France,1876,0.508,NA
France,1877,0.509,NA
France,1878,0.522,NA
France,1879,0.538,NA
France,1880,0.548,NA
France,1881,0.547,NA
France,1882,0.545,NA
France,1883,0.545,NA
France,1884,0.545,NA
France,1885,0.546,NA
France,1886,0.547,NA
France,1887,0.547,NA
France,1888,0.547,NA
France,1889,0.546,NA
France,1890,0.545,NA
France,1891,0.545,NA
France,1892,0.545,NA
France,1893,0.541,NA
France,1894,0.542,NA
France,1895,0.542,NA
France,1896,0.542,NA
France,1897,0.542,NA
France,1898,0.551,NA
France,1899,0.55,NA
France,1900,0.555,0.665
France,1901,0.562,0.665
France,1902,0.561,0.665
France,1903,0.561,0.665
France,1904,0.561,0.665
France,1905,0.561,0.665
France,1906,0.56,0.665
France,1907,0.559,0.665
France,1908,0.559,0.665
France,1909,0.559,0.665
France,1910,0.564,0.665
France,1911,0.566,0.665
France,1912,0.566,0.665
France,1913,0.566,0.665
France,1914,0.512,0.959
France,1915,0.513,-0.203
France,1916,0.513,-0.203
France,1917,0.513,-0.203
France,1918,0.519,-0.203
France,1919,0.533,-0.449
France,1920,0.566,-0.449
France,1921,0.566,-0.449
France,1922,0.566,-0.449
France,1923,0.566,-0.449
France,1924,0.564,-0.449
France,1925,0.56,-0.449
France,1926,0.56,-0.449
France,1927,0.56,-0.449
France,1928,0.561,-0.449
France,1929,0.561,-0.449
France,1930,0.561,0.967
France,1931,0.561,0.967
France,1932,0.56,0.967
France,1933,0.56,0.967
France,1934,0.559,1.564
France,1935,0.557,1.564
France,1936,0.552,1.564
France,1937,0.552,1.271
France,1938,0.552,1.271
France,1939,0.534,1.579
France,1940,0.186,1.579
France,1941,0.082,1.579
France,1942,0.082,1.579
France,1943,0.082,1.579
France,1944,0.084,1.579
France,1945,0.208,1.579
France,1946,0.362,0.108
France,1947,0.705,0.108
France,1948,0.737,0.108
France,1949,0.737,0.108
France,1950,0.747,0.108
France,1951,0.748,0.108
France,1952,0.748,0.108
France,1953,0.748,0.108
France,1954,0.722,0.108
France,1955,0.736,0.108
France,1956,0.743,0.108
France,1957,0.751,0.108
France,1958,0.754,-0.163
France,1959,0.747,-0.163
France,1960,0.748,0.652
France,1961,0.748,0.652
France,1962,0.749,0.652
France,1963,0.775,0.652
France,1964,0.775,0.652
France,1965,0.775,0.652
France,1966,0.775,0.652
France,1967,0.782,0.652
France,1968,0.78,0.957
France,1969,0.805,0.647
France,1970,0.829,0.647
France,1971,0.835,0.647
France,1972,0.828,0.647
France,1973,0.84,0.647
France,1974,0.844,0.647
France,1975,0.852,0.383
France,1976,0.852,0.383
France,1977,0.852,0.383
France,1978,0.854,0.383
France,1979,0.854,0.67
France,1980,0.854,0.129
France,1981,0.862,0.129
France,1982,0.867,-0.18
France,1983,0.867,-0.18
France,1984,0.867,-0.18
France,1985,0.867,-0.18
France,1986,0.864,0.103
France,1987,0.864,-0.172
France,1988,0.874,-0.172
France,1989,0.875,-0.172
France,1990,0.875,-0.172
France,1991,0.875,-0.172
France,1992,0.875,-0.172
France,1993,0.875,0.101
France,1994,0.875,0.101
France,1995,0.869,0.36
France,1996,0.874,0.089
France,1997,0.874,0.089
France,1998,0.873,-0.185
France,1999,0.873,-0.185
France,2000,0.873,-0.185
France,2001,0.873,0.386
France,2002,0.874,0.386
France,2003,0.874,-0.112
France,2004,0.874,-0.112
France,2005,0.874,-0.112
France,2006,0.874,0.029
France,2007,0.877,0.029
France,2008,0.885,-0.316
France,2009,0.885,-0.316
France,2010,0.885,-0.316
France,2011,0.887,-0.188
France,2012,0.89,0.296
France,2013,0.89,0.296
France,2014,0.889,0.296
France,2015,0.883,0.296
France,2016,0.883,0.296
France,2017,0.886,0.296
France,2018,0.874,0.296
France,2019,0.866,0.499
France,2020,0.866,0.261
France,2021,0.868,0.719
France,2022,0.875,0.719
France,2023,0.871,0.933
France,2024,0.864,1.43
France,2025,0.865,1.43
Germany,1789,0.026,NA
Germany,1790,0.026,NA
Germany,1791,0.026,NA
Germany,1792,0.026,NA
Germany,1793,0.026,NA
Germany,1794,0.026,NA
Germany,1795,0.026,NA
Germany,1796,0.026,NA
Germany,1797,0.026,NA
Germany,1798,0.026,NA
Germany,1799,0.026,NA
Germany,1800,0.026,NA
Germany,1801,0.026,NA
Germany,1802,0.026,NA
Germany,1803,0.026,NA
Germany,1804,0.026,NA
Germany,1805,0.026,NA
Germany,1806,0.026,NA
Germany,1807,0.026,NA
Germany,1808,0.026,NA
Germany,1809,0.026,NA
Germany,1810,0.026,NA
Germany,1811,0.026,NA
Germany,1812,0.026,NA
Germany,1813,0.026,NA
Germany,1814,0.026,NA
Germany,1815,0.03,NA
Germany,1816,0.03,NA
Germany,1817,0.03,NA
Germany,1818,0.03,NA
Germany,1819,0.03,NA
Germany,1820,0.03,NA
Germany,1821,0.03,NA
Germany,1822,0.03,NA
Germany,1823,0.03,NA
Germany,1824,0.03,NA
Germany,1825,0.03,NA
Germany,1826,0.03,NA
Germany,1827,0.03,NA
Germany,1828,0.03,NA
Germany,1829,0.03,NA
Germany,1830,0.03,NA
Germany,1831,0.03,NA
Germany,1832,0.03,NA
Germany,1833,0.03,NA
Germany,1834,0.03,NA
Germany,1835,0.03,NA
Germany,1836,0.03,NA
Germany,1837,0.03,NA
Germany,1838,0.03,NA
Germany,1839,0.03,NA
Germany,1840,0.03,NA
Germany,1841,0.03,NA
Germany,1842,0.03,NA
Germany,1843,0.03,NA
Germany,1844,0.03,NA
Germany,1845,0.03,NA
Germany,1846,0.03,NA
Germany,1847,0.032,NA
Germany,1848,0.161,NA
Germany,1849,0.169,NA
Germany,1850,0.157,NA
Germany,1851,0.157,NA
Germany,1852,0.157,NA
Germany,1853,0.157,NA
Germany,1854,0.157,NA
Germany,1855,0.157,NA
Germany,1856,0.157,NA
Germany,1857,0.157,NA
Germany,1858,0.157,NA
Germany,1859,0.157,NA
Germany,1860,0.157,NA
Germany,1861,0.188,NA
Germany,1862,0.189,NA
Germany,1863,0.189,NA
Germany,1864,0.189,NA
Germany,1865,0.189,NA
Germany,1866,0.189,NA
Germany,1867,0.2,NA
Germany,1868,0.202,NA
Germany,1869,0.202,NA
Germany,1870,0.205,NA
Germany,1871,0.231,NA
Germany,1872,0.231,NA
Germany,1873,0.231,NA
Germany,1874,0.232,NA
Germany,1875,0.232,NA
Germany,1876,0.232,NA
Germany,1877,0.232,NA
Germany,1878,0.231,NA
Germany,1879,0.23,NA
Germany,1880,0.23,NA
Germany,1881,0.23,NA
Germany,1882,0.231,NA
Germany,1883,0.231,NA
Germany,1884,0.231,NA
Germany,1885,0.233,NA
Germany,1886,0.233,NA
Germany,1887,0.232,NA
Germany,1888,0.232,NA
Germany,1889,0.232,NA
Germany,1890,0.236,NA
Germany,1891,0.237,NA
Germany,1892,0.237,NA
Germany,1893,0.238,NA
Germany,1894,0.239,NA
Germany,1895,0.239,NA
Germany,1896,0.239,NA
Germany,1897,0.239,NA
Germany,1898,0.241,NA
Germany,1899,0.24,NA
Germany,1900,0.238,0.441
Germany,1901,0.239,0.441
Germany,1902,0.239,0.441
Germany,1903,0.248,0.441
Germany,1904,0.255,0.441
Germany,1905,0.255,0.441
Germany,1906,0.254,0.441
Germany,1907,0.253,0.441
Germany,1908,0.254,0.441
Germany,1909,0.256,0.441
Germany,1910,0.256,0.441
Germany,1911,0.256,0.441
Germany,1912,0.254,0.441
Germany,1913,0.256,0.441
Germany,1914,0.245,-0.536
Germany,1915,0.24,-0.536
Germany,1916,0.24,-0.055
Germany,1917,0.24,0.623
Germany,1918,0.248,0.623
Germany,1919,0.577,2.26
Germany,1920,0.635,1.932
Germany,1921,0.646,1.932
Germany,1922,0.642,1.932
Germany,1923,0.629,1.932
Germany,1924,0.614,1.932
Germany,1925,0.604,1.932
Germany,1926,0.614,1.932
Germany,1927,0.614,1.932
Germany,1928,0.611,1.932
Germany,1929,0.613,1.932
Germany,1930,0.593,1.932
Germany,1931,0.573,1.932
Germany,1932,0.558,1.932
Germany,1933,0.201,2.841
Germany,1934,0.109,2.841
Germany,1935,0.072,2.841
Germany,1936,0.087,2.841
Germany,1937,0.072,2.841
Germany,1938,0.085,2.841
Germany,1939,0.071,2.841
Germany,1940,0.071,1.444
Germany,1941,0.071,1.444
Germany,1942,0.071,1.444
Germany,1943,0.072,1.444
Germany,1944,0.072,1.444
Germany,1949,0.793,-0.598
Germany,1950,0.813,-0.878
Germany,1951,0.813,-0.878
Germany,1952,0.8,-0.878
Germany,1953,0.812,-0.878
Germany,1954,0.828,-1.372
Germany,1955,0.828,-1.372
Germany,1956,0.824,-1.372
Germany,1957,0.832,-1.372
Germany,1958,0.831,-1.372
Germany,1959,0.831,-1.372
Germany,1960,0.831,-1.372
Germany,1961,0.835,-1.372
Germany,1962,0.84,-1.372
Germany,1963,0.845,-1.372
Germany,1964,0.845,-1.372
Germany,1965,0.846,-1.199
Germany,1966,0.843,-1.199
Germany,1967,0.843,-0.858
Germany,1968,0.843,-0.406
Germany,1969,0.842,-0.406
Germany,1970,0.855,-0.573
Germany,1971,0.855,-0.573
Germany,1972,0.854,-0.573
Germany,1973,0.852,-0.573
Germany,1974,0.852,-0.573
Germany,1975,0.852,-0.573
Germany,1976,0.854,-0.373
Germany,1977,0.855,-0.373
Germany,1978,0.858,-0.664
Germany,1979,0.861,-0.664
Germany,1980,0.864,-0.664
Germany,1981,0.865,-0.664
Germany,1982,0.865,-0.383
Germany,1983,0.864,-0.383
Germany,1984,0.863,-2.254
Germany,1985,0.863,-2.254
Germany,1986,0.863,-2.254
Germany,1987,0.864,-2.254
Germany,1988,0.864,-2.254
Germany,1989,0.864,-2.254
Germany,1990,0.892,-2.438
Germany,1991,0.893,-2.438
Germany,1992,0.893,-2.438
Germany,1993,0.893,-2.438
Germany,1994,0.893,-2.438
Germany,1995,0.893,-2.438
Germany,1996,0.893,-2.438
Germany,1997,0.893,-2.438
Germany,1998,0.894,-2.438
Germany,1999,0.899,-2.438
Germany,2000,0.899,-2.438
Germany,2001,0.899,-2.438
Germany,2002,0.898,-2.438
Germany,2003,0.896,-2.438
Germany,2004,0.896,-2.438
Germany,2005,0.896,-2.438
Germany,2006,0.902,-2.438
Germany,2007,0.902,-2.438
Germany,2008,0.902,-2.438
Germany,2009,0.9,-2.438
Germany,2010,0.898,-2.438
Germany,2011,0.9,-2.438
Germany,2012,0.899,-2.438
Germany,2013,0.892,-2.438
Germany,2014,0.885,-2.438
Germany,2015,0.883,-2.09
Germany,2016,0.888,-1.49
Germany,2017,0.889,-0.722
Germany,2018,0.881,-0.722
Germany,2019,0.878,-0.722
Germany,2020,0.87,-0.924
Germany,2021,0.863,-0.536
Germany,2022,0.855,-0.414
Germany,2023,0.855,0.004
Germany,2024,0.825,0.191
Germany,2025,0.828,0.191
Guatemala,1789,0.027,NA
Guatemala,1790,0.027,NA
Guatemala,1791,0.027,NA
Guatemala,1792,0.027,NA
Guatemala,1793,0.027,NA
Guatemala,1794,0.027,NA
Guatemala,1795,0.027,NA
Guatemala,1796,0.027,NA
Guatemala,1797,0.027,NA
Guatemala,1798,0.027,NA
Guatemala,1799,0.027,NA
Guatemala,1800,0.027,NA
Guatemala,1801,0.027,NA
Guatemala,1802,0.027,NA
Guatemala,1803,0.027,NA
Guatemala,1804,0.027,NA
Guatemala,1805,0.027,NA
Guatemala,1806,0.027,NA
Guatemala,1807,0.027,NA
Guatemala,1808,0.027,NA
Guatemala,1809,0.027,NA
Guatemala,1810,0.026,NA
Guatemala,1811,0.028,NA
Guatemala,1812,0.028,NA
Guatemala,1813,0.028,NA
Guatemala,1814,0.028,NA
Guatemala,1815,0.028,NA
Guatemala,1816,0.028,NA
Guatemala,1817,0.028,NA
Guatemala,1818,0.028,NA
Guatemala,1819,0.028,NA
Guatemala,1820,0.028,NA
Guatemala,1821,0.037,NA
Guatemala,1822,NA,NA
Guatemala,1823,0.088,NA
Guatemala,1824,0.088,NA
Guatemala,1825,0.116,NA
Guatemala,1826,0.119,NA
Guatemala,1827,0.119,NA
Guatemala,1828,0.119,NA
Guatemala,1829,0.127,NA
Guatemala,1830,0.13,NA
Guatemala,1831,0.119,NA
Guatemala,1832,0.119,NA
Guatemala,1833,0.119,NA
Guatemala,1834,0.11,NA
Guatemala,1835,0.129,NA
Guatemala,1836,0.134,NA
Guatemala,1837,0.134,NA
Guatemala,1838,0.085,NA
Guatemala,1839,0.055,NA
Guatemala,1840,0.055,NA
Guatemala,1841,0.057,NA
Guatemala,1842,0.087,NA
Guatemala,1843,0.087,NA
Guatemala,1844,0.073,NA
Guatemala,1845,0.073,NA
Guatemala,1846,0.073,NA
Guatemala,1847,0.073,NA
Guatemala,1848,0.057,NA
Guatemala,1849,NA,NA
Guatemala,1850,NA,NA
Guatemala,1851,NA,NA
Guatemala,1852,0.105,NA
Guatemala,1853,0.105,NA
Guatemala,1854,0.105,NA
Guatemala,1855,0.108,NA
Guatemala,1856,0.108,NA
Guatemala,1857,0.108,NA
Guatemala,1858,0.108,NA
Guatemala,1859,0.108,NA
Guatemala,1860,0.108,NA
Guatemala,1861,0.108,NA
Guatemala,1862,0.108,NA
Guatemala,1863,0.108,NA
Guatemala,1864,0.108,NA
Guatemala,1865,0.111,NA
Guatemala,1866,0.111,NA
Guatemala,1867,0.111,NA
Guatemala,1868,0.111,NA
Guatemala,1869,0.115,NA
Guatemala,1870,0.116,NA
Guatemala,1871,0.077,NA
Guatemala,1872,0.044,NA
Guatemala,1873,0.08,NA
Guatemala,1874,0.106,NA
Guatemala,1875,0.106,NA
Guatemala,1876,0.107,NA
Guatemala,1877,0.109,NA
Guatemala,1878,0.109,NA
Guatemala,1879,0.108,NA
Guatemala,1880,0.107,NA
Guatemala,1881,0.107,NA
Guatemala,1882,0.107,NA
Guatemala,1883,0.107,NA
Guatemala,1884,0.107,NA
Guatemala,1885,0.098,NA
Guatemala,1886,0.112,NA
Guatemala,1887,0.113,NA
Guatemala,1888,0.113,NA
Guatemala,1889,0.11,NA
Guatemala,1890,0.114,NA
Guatemala,1891,0.153,NA
Guatemala,1892,0.162,NA
Guatemala,1893,0.163,NA
Guatemala,1894,0.163,NA
Guatemala,1895,0.163,NA
Guatemala,1896,0.164,NA
Guatemala,1897,0.153,NA
Guatemala,1898,0.086,NA
Guatemala,1899,0.032,NA
Guatemala,1900,0.095,0.292
Guatemala,1901,0.095,0.292
Guatemala,1902,0.095,0.292
Guatemala,1903,0.095,0.292
Guatemala,1904,0.093,0.292
Guatemala,1905,0.092,0.292
Guatemala,1906,0.092,0.292
Guatemala,1907,0.092,0.292
Guatemala,1908,0.092,0.292
Guatemala,1909,0.092,0.292
Guatemala,1910,0.095,0.292
Guatemala,1911,0.095,0.292
Guatemala,1912,0.095,0.292
Guatemala,1913,0.095,0.292
Guatemala,1914,0.095,0.292
Guatemala,1915,0.095,0.292
Guatemala,1916,0.096,0.292
Guatemala,1917,0.095,0.292
Guatemala,1918,0.095,0.292
Guatemala,1919,0.095,0.292
Guatemala,1920,0.11,0.292
Guatemala,1921,0.12,0.292
Guatemala,1922,0.125,0.292
Guatemala,1923,0.14,0.292
Guatemala,1924,0.136,0.292
Guatemala,1925,0.136,0.292
Guatemala,1926,0.137,0.292
Guatemala,1927,0.137,0.292
Guatemala,1928,0.137,0.292
Guatemala,1929,0.137,0.292
Guatemala,1930,0.129,0.292
Guatemala,1931,0.104,0.292
Guatemala,1932,0.102,0.292
Guatemala,1933,0.102,0.292
Guatemala,1934,0.102,0.292
Guatemala,1935,0.1,0.292
Guatemala,1936,0.099,0.292
Guatemala,1937,0.096,0.292
Guatemala,1938,0.096,0.292
Guatemala,1939,0.096,0.292
Guatemala,1940,0.098,0.292
Guatemala,1941,0.098,0.292
Guatemala,1942,0.098,0.292
Guatemala,1943,0.098,0.292
Guatemala,1944,0.136,0.12
Guatemala,1945,0.292,-0.433
Guatemala,1946,0.361,-0.433
Guatemala,1947,0.389,-0.433
Guatemala,1948,0.39,-0.433
Guatemala,1949,0.381,-0.433
Guatemala,1950,0.381,0.133
Guatemala,1951,0.381,0.133
Guatemala,1952,0.38,0.133
Guatemala,1953,0.373,0.133
Guatemala,1954,0.243,0.133
Guatemala,1955,0.079,0.583
Guatemala,1956,0.086,1.388
Guatemala,1957,0.101,1.388
Guatemala,1958,0.152,1.388
Guatemala,1959,0.154,1.388
Guatemala,1960,0.154,1.388
Guatemala,1961,0.157,1.388
Guatemala,1962,0.156,2.235
Guatemala,1963,0.102,2.235
Guatemala,1964,0.088,2.235
Guatemala,1965,0.086,2.83
Guatemala,1966,0.128,2.83
Guatemala,1967,0.184,2.83
Guatemala,1968,0.184,2.83
Guatemala,1969,0.184,2.83
Guatemala,1970,0.176,2.83
Guatemala,1971,0.171,2.83
Guatemala,1972,0.171,2.83
Guatemala,1973,0.173,2.83
Guatemala,1974,0.173,2.83
Guatemala,1975,0.174,2.83
Guatemala,1976,0.17,2.83
Guatemala,1977,0.17,2.83
Guatemala,1978,0.165,2.83
Guatemala,1979,0.163,2.83
Guatemala,1980,0.163,2.83
Guatemala,1981,0.163,2.83
Guatemala,1982,0.109,2.83
Guatemala,1983,0.095,2.83
Guatemala,1984,0.125,2.83
Guatemala,1985,0.149,2.83
Guatemala,1986,0.345,1.588
Guatemala,1987,0.37,1.588
Guatemala,1988,0.37,1.588
Guatemala,1989,0.37,1.588
Guatemala,1990,0.371,1.588
Guatemala,1991,0.382,1.588
Guatemala,1992,0.382,1.588
Guatemala,1993,0.385,1.588
Guatemala,1994,0.396,1.588
Guatemala,1995,0.412,1.588
Guatemala,1996,0.454,1.588
Guatemala,1997,0.489,-0.996
Guatemala,1998,0.489,-0.996
Guatemala,1999,0.491,-0.996
Guatemala,2000,0.542,-0.996
Guatemala,2001,0.542,-0.996
Guatemala,2002,0.542,-0.996
Guatemala,2003,0.543,-0.733
Guatemala,2004,0.552,-0.829
Guatemala,2005,0.552,-0.829
Guatemala,2006,0.552,-0.829
Guatemala,2007,0.563,-0.829
Guatemala,2008,0.582,-0.829
Guatemala,2009,0.58,-0.829
Guatemala,2010,0.583,-0.958
Guatemala,2011,0.581,-0.958
Guatemala,2012,0.576,-0.958
Guatemala,2013,0.574,-0.958
Guatemala,2014,0.572,-0.958
Guatemala,2015,0.587,-0.593
Guatemala,2016,0.626,-0.174
Guatemala,2017,0.621,-0.174
Guatemala,2018,0.602,-0.174
Guatemala,2019,0.597,-0.174
Guatemala,2020,0.589,0.055
Guatemala,2021,0.555,0.327
Guatemala,2022,0.509,0.726
Guatemala,2023,0.506,0.959
Guatemala,2024,0.609,0.448
Guatemala,2025,0.637,0.682
Iran,1789,NA,NA
Iran,1790,NA,NA
Iran,1791,NA,NA
Iran,1792,NA,NA
Iran,1793,NA,NA
Iran,1794,NA,NA
Iran,1795,NA,NA
Iran,1796,NA,NA
Iran,1797,NA,NA
Iran,1798,NA,NA
Iran,1799,NA,NA
Iran,1800,NA,NA
Iran,1801,NA,NA
Iran,1802,NA,NA
Iran,1803,NA,NA
Iran,1804,NA,NA
Iran,1805,NA,NA
Iran,1806,NA,NA
Iran,1807,NA,NA
Iran,1808,NA,NA
Iran,1809,NA,NA
Iran,1810,NA,NA
Iran,1811,NA,NA
Iran,1812,NA,NA
Iran,1813,NA,NA
Iran,1814,NA,NA
Iran,1815,NA,NA
Iran,1816,NA,NA
Iran,1817,NA,NA
Iran,1818,NA,NA
Iran,1819,NA,NA
Iran,1820,NA,NA
Iran,1821,NA,NA
Iran,1822,NA,NA
Iran,1823,NA,NA
Iran,1824,NA,NA
Iran,1825,NA,NA
Iran,1826,NA,NA
Iran,1827,NA,NA
Iran,1828,NA,NA
Iran,1829,NA,NA
Iran,1830,NA,NA
Iran,1831,NA,NA
Iran,1832,NA,NA
Iran,1833,NA,NA
Iran,1834,NA,NA
Iran,1835,NA,NA
Iran,1836,NA,NA
Iran,1837,NA,NA
Iran,1838,NA,NA
Iran,1839,NA,NA
Iran,1840,NA,NA
Iran,1841,NA,NA
Iran,1842,NA,NA
Iran,1843,NA,NA
Iran,1844,NA,NA
Iran,1845,NA,NA
Iran,1846,NA,NA
Iran,1847,NA,NA
Iran,1848,NA,NA
Iran,1849,NA,NA
Iran,1850,NA,NA
Iran,1851,NA,NA
Iran,1852,NA,NA
Iran,1853,NA,NA
Iran,1854,NA,NA
Iran,1855,NA,NA
Iran,1856,NA,NA
Iran,1857,NA,NA
Iran,1858,NA,NA
Iran,1859,NA,NA
Iran,1860,NA,NA
Iran,1861,NA,NA
Iran,1862,NA,NA
Iran,1863,NA,NA
Iran,1864,NA,NA
Iran,1865,NA,NA
Iran,1866,NA,NA
Iran,1867,NA,NA
Iran,1868,NA,NA
Iran,1869,NA,NA
Iran,1870,NA,NA
Iran,1871,NA,NA
Iran,1872,NA,NA
Iran,1873,NA,NA
Iran,1874,NA,NA
Iran,1875,NA,NA
Iran,1876,NA,NA
Iran,1877,NA,NA
Iran,1878,NA,NA
Iran,1879,NA,NA
Iran,1880,NA,NA
Iran,1881,NA,NA
Iran,1882,NA,NA
Iran,1883,NA,NA
Iran,1884,NA,NA
Iran,1885,NA,NA
Iran,1886,NA,NA
Iran,1887,NA,NA
Iran,1888,NA,NA
Iran,1889,NA,NA
Iran,1890,NA,NA
Iran,1891,NA,NA
Iran,1892,NA,NA
Iran,1893,NA,NA
Iran,1894,NA,NA
Iran,1895,NA,NA
Iran,1896,NA,NA
Iran,1897,NA,NA
Iran,1898,NA,NA
Iran,1899,NA,NA
Iran,1900,0.029,1.448
Iran,1901,0.029,1.448
Iran,1902,0.029,1.448
Iran,1903,0.029,1.448
Iran,1904,0.029,1.448
Iran,1905,0.029,1.448
Iran,1906,0.08,1.448
Iran,1907,0.121,1.448
Iran,1908,0.118,1.448
Iran,1909,0.106,1.448
Iran,1910,0.137,1.448
Iran,1911,0.136,1.448
Iran,1912,0.121,0.133
Iran,1913,0.121,0.133
Iran,1914,0.121,0.133
Iran,1915,0.121,0.133
Iran,1916,0.121,0.133
Iran,1917,0.121,0.133
Iran,1918,0.121,0.133
Iran,1919,0.121,0.133
Iran,1920,0.121,0.133
Iran,1921,0.088,0.949
Iran,1922,0.145,0.949
Iran,1923,0.113,0.949
Iran,1924,0.115,1.423
Iran,1925,0.08,1.423
Iran,1926,0.056,1.423
Iran,1927,0.115,1.423
Iran,1928,0.115,1.423
Iran,1929,0.115,1.423
Iran,1930,0.115,1.423
Iran,1931,0.115,1.423
Iran,1932,0.114,1.423
Iran,1933,0.113,1.423
Iran,1934,0.113,1.423
Iran,1935,0.113,1.423
Iran,1936,0.113,1.423
Iran,1937,0.113,1.423
Iran,1938,0.113,1.423
Iran,1939,0.113,1.423
Iran,1940,0.113,1.423
Iran,1941,0.1,1.423
Iran,1942,0.122,-0.462
Iran,1943,0.127,-0.462
Iran,1944,0.158,-0.682
Iran,1945,0.164,-0.355
Iran,1946,0.161,-0.355
Iran,1947,0.161,-0.355
Iran,1948,0.159,-0.355
Iran,1949,0.159,-0.355
Iran,1950,0.156,-0.146
Iran,1951,0.185,-0.146
Iran,1952,0.205,-0.146
Iran,1953,0.118,-0.146
Iran,1954,0.058,0.783
Iran,1955,0.102,0.783
Iran,1956,0.057,0.783
Iran,1957,0.058,0.783
Iran,1958,0.058,0.783
Iran,1959,0.058,0.783
Iran,1960,0.061,0.783
Iran,1961,0.061,0.783
Iran,1962,0.06,0.783
Iran,1963,0.061,0.783
Iran,1964,0.109,1.964
Iran,1965,0.11,1.964
Iran,1966,0.11,1.964
Iran,1967,0.11,1.964
Iran,1968,0.111,1.964
Iran,1969,0.111,1.964
Iran,1970,0.113,1.964
Iran,1971,0.113,1.964
Iran,1972,0.113,1.964
Iran,1973,0.113,1.964
Iran,1974,0.113,1.964
Iran,1975,0.107,1.964
Iran,1976,0.107,1.964
Iran,1977,0.107,1.964
Iran,1978,0.11,1.531
Iran,1979,0.159,1.531
Iran,1980,0.167,0.075
Iran,1981,0.121,0.075
Iran,1982,0.106,0.79
Iran,1983,0.104,0.79
Iran,1984,0.108,0.79
Iran,1985,0.109,0.79
Iran,1986,0.109,0.79
Iran,1987,0.171,0.79
Iran,1988,0.177,0.79
Iran,1989,0.168,0.79
Iran,1990,0.16,0.79
Iran,1991,0.16,0.79
Iran,1992,0.159,0.79
Iran,1993,0.162,0.79
Iran,1994,0.165,0.79
Iran,1995,0.165,0.79
Iran,1996,0.174,0.79
Iran,1997,0.218,0.521
Iran,1998,0.231,0.521
Iran,1999,0.234,0.521
Iran,2000,0.233,0.521
Iran,2001,0.234,0.521
Iran,2002,0.232,0.521
Iran,2003,0.232,0.521
Iran,2004,0.207,0.521
Iran,2005,0.177,0.521
Iran,2006,0.173,0.844
Iran,2007,0.173,0.844
Iran,2008,0.167,0.953
Iran,2009,0.158,0.953
Iran,2010,0.144,1.412
Iran,2011,0.145,1.412
Iran,2012,0.158,1.412
Iran,2013,0.174,1.412
Iran,2014,0.183,0.838
Iran,2015,0.186,0.838
Iran,2016,0.186,0.838
Iran,2017,0.185,1.407
Iran,2018,0.182,1.407
Iran,2019,0.181,1.407
Iran,2020,0.165,1.407
Iran,2021,0.158,1.407
Iran,2022,0.148,1.639
Iran,2023,0.153,1.639
Iran,2024,0.166,1.052
Iran,2025,0.159,1.052
Iraq,1920,0.082,0.648
Iraq,1921,0.082,0.648
Iraq,1922,0.107,0.648
Iraq,1923,0.107,0.648
Iraq,1924,0.106,0.648
Iraq,1925,0.111,0.648
Iraq,1926,0.115,0.648
Iraq,1927,0.114,0.648
Iraq,1928,0.115,0.648
Iraq,1929,0.115,0.648
Iraq,1930,0.115,0.648
Iraq,1931,0.112,0.648
Iraq,1932,0.119,0.805
Iraq,1933,0.144,0.967
Iraq,1934,0.144,0.967
Iraq,1935,0.144,0.967
Iraq,1936,0.142,0.967
Iraq,1937,0.141,0.967
Iraq,1938,0.142,0.967
Iraq,1939,0.144,0.778
Iraq,1940,0.144,0.778
Iraq,1941,0.138,0.778
Iraq,1942,0.136,0.778
Iraq,1943,0.136,0.778
Iraq,1944,0.136,0.778
Iraq,1945,0.136,0.778
Iraq,1946,0.139,0.778
Iraq,1947,0.143,0.778
Iraq,1948,0.143,0.923
Iraq,1949,0.144,0.923
Iraq,1950,0.144,0.923
Iraq,1951,0.144,0.923
Iraq,1952,0.145,0.923
Iraq,1953,0.178,0.923
Iraq,1954,0.179,0.923
Iraq,1955,0.21,0.923
Iraq,1956,0.21,0.923
Iraq,1957,0.21,0.923
Iraq,1958,0.154,0.775
Iraq,1959,0.097,0.624
Iraq,1960,0.098,0.972
Iraq,1961,0.09,0.972
Iraq,1962,0.091,0.972
Iraq,1963,0.069,1.902
Iraq,1964,0.07,1.902
Iraq,1965,0.073,1.371
Iraq,1966,0.076,1.371
Iraq,1967,0.08,1.832
Iraq,1968,0.056,2.519
Iraq,1969,0.051,2.098
Iraq,1970,0.052,1.801
Iraq,1971,0.052,1.801
Iraq,1972,0.052,1.801
Iraq,1973,0.052,1.801
Iraq,1974,0.053,1.801
Iraq,1975,0.051,2.5
Iraq,1976,0.052,2.5
Iraq,1977,0.05,2.5
Iraq,1978,0.05,2.5
Iraq,1979,0.046,2.5
Iraq,1980,0.046,2.326
Iraq,1981,0.081,2.326
Iraq,1982,0.081,2.326
Iraq,1983,0.081,2.326
Iraq,1984,0.081,2.326
Iraq,1985,0.081,2.326
Iraq,1986,0.081,2.326
Iraq,1987,0.081,2.326
Iraq,1988,0.081,2.326
Iraq,1989,0.081,2.326
Iraq,1990,0.081,2.326
Iraq,1991,0.08,2.326
Iraq,1992,0.08,2.326
Iraq,1993,0.082,2.326
Iraq,1994,0.083,2.326
Iraq,1995,0.097,2.326
Iraq,1996,0.146,2.326
Iraq,1997,0.146,2.326
Iraq,1998,0.146,2.326
Iraq,1999,0.146,2.326
Iraq,2000,0.145,2.657
Iraq,2001,0.147,2.657
Iraq,2002,0.147,2.657
Iraq,2003,0.184,1.939
Iraq,2004,0.21,1.579
Iraq,2005,0.237,2.267
Iraq,2006,0.397,2.283
Iraq,2007,0.426,2.283
Iraq,2008,0.426,1.608
Iraq,2009,0.425,1.55
Iraq,2010,0.414,1.55
Iraq,2011,0.413,1.333
Iraq,2012,0.41,1.643
Iraq,2013,0.414,1.569
Iraq,2014,0.403,1.925
Iraq,2015,0.396,1.44
Iraq,2016,0.39,1.44
Iraq,2017,0.375,1.652
Iraq,2018,0.398,1.131
Iraq,2019,0.393,1.144
Iraq,2020,0.376,1.41
Iraq,2021,0.374,1.831
Iraq,2022,0.385,2.044
Iraq,2023,0.371,1.52
Iraq,2024,0.361,1.542
Iraq,2025,0.369,0.197
Ireland,1919,0.273,0.185
Ireland,1920,0.279,0.185
Ireland,1921,0.439,0.481
Ireland,1922,0.6,2.19
Ireland,1923,0.643,2.19
Ireland,1924,0.723,-0.357
Ireland,1925,0.723,-0.357
Ireland,1926,0.723,-0.357
Ireland,1927,0.728,-0.357
Ireland,1928,0.74,-0.741
Ireland,1929,0.74,-0.741
Ireland,1930,0.74,-0.741
Ireland,1931,0.74,-0.741
Ireland,1932,0.748,-0.741
Ireland,1933,0.75,-0.741
Ireland,1934,0.75,-0.741
Ireland,1935,0.75,-0.741
Ireland,1936,0.759,-0.741
Ireland,1937,0.76,-0.741
Ireland,1938,0.756,-0.741
Ireland,1939,0.741,-0.741
Ireland,1940,0.741,-0.53
Ireland,1941,0.741,-0.53
Ireland,1942,0.741,-0.53
Ireland,1943,0.744,-0.53
Ireland,1944,0.747,-0.53
Ireland,1945,0.75,-0.53
Ireland,1946,0.766,-0.742
Ireland,1947,0.766,-0.742
Ireland,1948,0.767,-0.742
Ireland,1949,0.777,-0.742
Ireland,1950,0.777,-0.951
Ireland,1951,0.775,-0.951
Ireland,1952,0.776,-0.951
Ireland,1953,0.776,-0.951
Ireland,1954,0.776,-0.951
Ireland,1955,0.776,-0.951
Ireland,1956,0.776,-0.951
Ireland,1957,0.778,-0.951
Ireland,1958,0.778,-0.951
Ireland,1959,0.778,-1.195
Ireland,1960,0.783,-1.553
Ireland,1961,0.79,-1.553
Ireland,1962,0.804,-1.553
Ireland,1963,0.803,-1.553
Ireland,1964,0.811,-1.553
Ireland,1965,0.808,-1.553
Ireland,1966,0.809,-1.553
Ireland,1967,0.811,-1.553
Ireland,1968,0.811,-1.553
Ireland,1969,0.809,-1.553
Ireland,1970,0.819,-2.052
Ireland,1971,0.819,-2.052
Ireland,1972,0.819,-2.052
Ireland,1973,0.816,-2.052
Ireland,1974,0.824,-2.052
Ireland,1975,0.824,-2.052
Ireland,1976,0.824,-2.052
Ireland,1977,0.824,-2.052
Ireland,1978,0.825,-2.052
Ireland,1979,0.825,-2.052
Ireland,1980,0.825,-2.052
Ireland,1981,0.831,-2.052
Ireland,1982,0.83,-2.052
Ireland,1983,0.829,-2.052
Ireland,1984,0.829,-2.052
Ireland,1985,0.833,-2.052
Ireland,1986,0.833,-2.052
Ireland,1987,0.842,-2.052
Ireland,1988,0.843,-2.052
Ireland,1989,0.841,-2.052
Ireland,1990,0.851,-2.987
Ireland,1991,0.866,-2.987
Ireland,1992,0.867,-2.987
Ireland,1993,0.871,-3.813
Ireland,1994,0.871,-3.813
Ireland,1995,0.871,-3.813
Ireland,1996,0.875,-3.813
Ireland,1997,0.878,-3.813
Ireland,1998,0.88,-3.813
Ireland,1999,0.88,-3.813
Ireland,2000,0.885,-3.813
Ireland,2001,0.885,-3.813
Ireland,2002,0.883,-3.813
Ireland,2003,0.882,-3.813
Ireland,2004,0.882,-3.813
Ireland,2005,0.882,-3.813
Ireland,2006,0.882,-3.813
Ireland,2007,0.891,-3.813
Ireland,2008,0.896,-3.364
Ireland,2009,0.896,-3.364
Ireland,2010,0.896,-3.364
Ireland,2011,0.896,-3.364
Ireland,2012,0.897,-3.364
Ireland,2013,0.895,-3.364
Ireland,2014,0.895,-2.925
Ireland,2015,0.895,-2.925
Ireland,2016,0.886,-2.925
Ireland,2017,0.887,-2.925
Ireland,2018,0.89,-2.925
Ireland,2019,0.887,-3.172
Ireland,2020,0.891,-2.49
Ireland,2021,0.898,-2.49
Ireland,2022,0.892,-2.49
Ireland,2023,0.894,-2.49
Ireland,2024,0.895,-2.49
Ireland,2025,0.887,-2.49
Italy,1861,NA,NA
Italy,1862,0.207,NA
Italy,1863,0.207,NA
Italy,1864,0.207,NA
Italy,1865,0.205,NA
Italy,1866,0.272,NA
Italy,1867,0.27,NA
Italy,1868,0.274,NA
Italy,1869,0.274,NA
Italy,1870,0.271,NA
Italy,1871,0.241,NA
Italy,1872,0.241,NA
Italy,1873,0.241,NA
Italy,1874,0.237,NA
Italy,1875,0.24,NA
Italy,1876,0.238,NA
Italy,1877,0.24,NA
Italy,1878,0.24,NA
Italy,1879,0.24,NA
Italy,1880,0.272,NA
Italy,1881,0.276,NA
Italy,1882,0.286,NA
Italy,1883,0.291,NA
Italy,1884,0.291,NA
Italy,1885,0.291,NA
Italy,1886,0.289,NA
Italy,1887,0.291,NA
Italy,1888,0.286,NA
Italy,1889,0.286,NA
Italy,1890,0.296,NA
Italy,1891,0.301,NA
Italy,1892,0.3,NA
Italy,1893,0.303,NA
Italy,1894,0.303,NA
Italy,1895,0.293,NA
Italy,1896,0.297,NA
Italy,1897,0.295,NA
Italy,1898,0.282,NA
Italy,1899,0.282,NA
Italy,1900,0.307,-0.219
Italy,1901,0.303,-0.219
Italy,1902,0.303,-0.219
Italy,1903,0.303,-0.219
Italy,1904,0.304,-0.219
Italy,1905,0.308,-0.219
Italy,1906,0.308,-0.219
Italy,1907,0.308,-0.219
Italy,1908,0.308,-0.219
Italy,1909,0.306,-0.219
Italy,1910,0.307,-0.219
Italy,1911,0.309,-0.219
Italy,1912,0.309,-0.219
Italy,1913,0.367,-0.219
Italy,1914,0.364,0.037
Italy,1915,0.34,0.037
Italy,1916,0.339,0.246
Italy,1917,0.339,0.246
Italy,1918,0.338,0.246
Italy,1919,0.367,0.117
Italy,1920,0.375,0.776
Italy,1921,0.362,0.776
Italy,1922,0.301,2.719
Italy,1923,0.26,2.719
Italy,1924,0.186,2.719
Italy,1925,0.088,2.719
Italy,1926,0.068,2.719
Italy,1927,0.068,2.719
Italy,1928,0.068,2.719
Italy,1929,0.06,2.719
Italy,1930,0.058,2.735
Italy,1931,0.057,2.735
Italy,1932,0.057,2.735
Italy,1933,0.058,2.735
Italy,1934,0.054,2.981
Italy,1935,0.053,2.981
Italy,1936,0.053,2.981
Italy,1937,0.054,2.981
Italy,1938,0.054,2.981
Italy,1939,0.054,2.981
Italy,1940,0.054,2.487
Italy,1941,0.054,2.487
Italy,1942,0.054,2.487
Italy,1943,0.052,2.487
Italy,1944,0.1,1.829
Italy,1945,0.132,1.829
Italy,1946,0.429,-0.226
Italy,1947,0.629,-0.226
Italy,1948,0.623,-0.226
Italy,1949,0.678,0.451
Italy,1950,0.678,0.451
Italy,1951,0.678,0.451
Italy,1952,0.678,0.451
Italy,1953,0.684,0.451
Italy,1954,0.688,0.451
Italy,1955,0.688,0.451
Italy,1956,0.705,0.451
Italy,1957,0.705,0.451
Italy,1958,0.709,0.451
Italy,1959,0.711,0.451
Italy,1960,0.727,0.252
Italy,1961,0.727,0.252
Italy,1962,0.727,0.252
Italy,1963,0.728,-0.101
Italy,1964,0.729,-0.101
Italy,1965,0.729,-0.101
Italy,1966,0.729,-0.101
Italy,1967,0.729,-0.101
Italy,1968,0.729,0.231
Italy,1969,0.732,0.231
Italy,1970,0.744,0.789
Italy,1971,0.741,0.789
Italy,1972,0.742,0.789
Italy,1973,0.748,0.789
Italy,1974,0.748,0.789
Italy,1975,0.752,0.789
Italy,1976,0.758,0.789
Italy,1977,0.764,0.789
Italy,1978,0.764,0.007
Italy,1979,0.763,0.007
Italy,1980,0.792,-0.791
Italy,1981,0.802,-0.791
Italy,1982,0.802,-0.791
Italy,1983,0.806,-0.791
Italy,1984,0.819,-0.791
Italy,1985,0.819,-0.791
Italy,1986,0.819,-0.791
Italy,1987,0.82,-0.791
Italy,1988,0.821,-0.791
Italy,1989,0.821,-0.791
Italy,1990,0.821,-0.752
Italy,1991,0.829,-0.752
Italy,1992,0.831,-0.568
Italy,1993,0.835,-0.568
Italy,1994,0.83,-0.234
Italy,1995,0.828,0.443
Italy,1996,0.835,0.443
Italy,1997,0.843,0.443
Italy,1998,0.843,0.443
Italy,1999,0.843,0.443
Italy,2000,0.84,0.275
Italy,2001,0.833,0.275
Italy,2002,0.837,0.275
Italy,2003,0.837,0.275
Italy,2004,0.837,0.275
Italy,2005,0.846,0.275
Italy,2006,0.852,0.275
Italy,2007,0.861,0.275
Italy,2008,0.855,0.275
Italy,2009,0.857,0.197
Italy,2010,0.856,0.197
Italy,2011,0.862,0.197
Italy,2012,0.869,-0.352
Italy,2013,0.864,0.281
Italy,2014,0.865,0.281
Italy,2015,0.865,0.281
Italy,2016,0.869,0.281
Italy,2017,0.87,0.281
Italy,2018,0.864,0.281
Italy,2019,0.854,0.281
Italy,2020,0.857,0.537
Italy,2021,0.857,0.537
Italy,2022,0.842,0.247
Italy,2023,0.806,0.247
Italy,2024,0.784,0.748
Italy,2025,0.745,0.748
Jordan,1922,0.064,-1.546
Jordan,1923,0.068,-1.546
Jordan,1924,0.099,-1.546
Jordan,1925,0.099,-1.546
Jordan,1926,0.099,-1.546
Jordan,1927,0.099,-1.546
Jordan,1928,0.099,-1.546
Jordan,1929,0.102,-1.546
Jordan,1930,0.102,-1.546
Jordan,1931,0.102,-1.546
Jordan,1932,0.102,-1.546
Jordan,1933,0.102,-1.546
Jordan,1934,0.102,-1.546
Jordan,1935,0.102,-1.546
Jordan,1936,0.102,-1.546
Jordan,1937,0.102,-1.546
Jordan,1938,0.102,-1.546
Jordan,1939,0.102,-1.546
Jordan,1940,0.101,-1.546
Jordan,1941,0.101,-1.546
Jordan,1942,0.101,-1.546
Jordan,1943,0.101,-1.546
Jordan,1944,0.101,-1.546
Jordan,1945,0.101,-1.546
Jordan,1946,0.102,-1.546
Jordan,1947,0.108,-1.144
Jordan,1948,0.131,-1.144
Jordan,1949,0.131,-1.144
Jordan,1950,0.129,-1.322
Jordan,1951,0.132,-1.322
Jordan,1952,0.165,-1.322
Jordan,1953,0.164,-1.322
Jordan,1954,0.154,-1.099
Jordan,1955,0.16,-1.099
Jordan,1956,0.162,-0.941
Jordan,1957,0.141,0.422
Jordan,1958,0.14,-1.126
Jordan,1959,0.14,-1.126
Jordan,1960,0.14,-1.126
Jordan,1961,0.137,-1.126
Jordan,1962,0.125,-1.126
Jordan,1963,0.124,-1.126
Jordan,1964,0.124,-1.126
Jordan,1965,0.124,-1.311
Jordan,1966,0.124,-1.311
Jordan,1967,0.126,-1.311
Jordan,1968,0.124,-1.311
Jordan,1969,0.124,-1.311
Jordan,1970,0.124,1.76
Jordan,1971,0.121,-0.972
Jordan,1972,0.121,-1.551
Jordan,1973,0.121,-1.551
Jordan,1974,0.121,-1.551
Jordan,1975,0.128,-1.551
Jordan,1976,0.128,-1.551
Jordan,1977,0.128,-1.551
Jordan,1978,0.128,-1.551
Jordan,1979,0.128,-1.551
Jordan,1980,0.128,-1.751
Jordan,1981,0.128,-1.751
Jordan,1982,0.128,-1.751
Jordan,1983,0.128,-1.751
Jordan,1984,0.128,-1.751
Jordan,1985,0.128,-1.751
Jordan,1986,0.128,-1.751
Jordan,1987,0.128,-1.751
Jordan,1988,0.13,-1.751
Jordan,1989,0.15,-1.751
Jordan,1990,0.22,-1.824
Jordan,1991,0.221,-1.824
Jordan,1992,0.227,-1.824
Jordan,1993,0.235,-1.824
Jordan,1994,0.227,-1.824
Jordan,1995,0.227,-1.824
Jordan,1996,0.227,-1.824
Jordan,1997,0.224,-1.824
Jordan,1998,0.224,-1.824
Jordan,1999,0.222,-1.824
Jordan,2000,0.186,-1.423
Jordan,2001,0.185,-1.423
Jordan,2002,0.185,-1.639
Jordan,2003,0.208,-1.414
Jordan,2004,0.228,-1.438
Jordan,2005,0.228,-1.438
Jordan,2006,0.229,-1.438
Jordan,2007,0.229,-1.438
Jordan,2008,0.232,-1.438
Jordan,2009,0.233,-1.438
Jordan,2010,0.239,-1.262
Jordan,2011,0.247,-0.863
Jordan,2012,0.246,-0.661
Jordan,2013,0.255,-0.466
Jordan,2014,0.255,-0.466
Jordan,2015,0.255,-0.466
Jordan,2016,0.239,-0.466
Jordan,2017,0.263,-0.466
Jordan,2018,0.261,-0.932
Jordan,2019,0.26,-0.932
Jordan,2020,0.258,-0.628
Jordan,2021,0.257,-0.628
Jordan,2022,0.256,-1.073
Jordan,2023,0.252,-1.073
Jordan,2024,0.274,-0.998
Jordan,2025,0.282,-0.998
Latvia,1920,0.374,-0.812
Latvia,1921,0.374,-0.812
Latvia,1922,0.43,-0.812
Latvia,1923,0.741,-0.827
Latvia,1924,0.745,-0.827
Latvia,1925,0.744,-0.827
Latvia,1926,0.742,-0.827
Latvia,1927,0.742,-0.827
Latvia,1928,0.74,-0.827
Latvia,1929,0.733,-0.827
Latvia,1930,0.733,-0.827
Latvia,1931,0.734,-0.827
Latvia,1932,0.737,-0.827
Latvia,1933,0.737,-0.827
Latvia,1934,0.329,-0.751
Latvia,1935,0.135,-0.751
Latvia,1936,0.133,-0.751
Latvia,1937,0.135,-0.751
Latvia,1938,0.136,-0.751
Latvia,1939,0.136,-0.751
Latvia,1990,0.562,-0.448
Latvia,1991,0.594,-0.448
Latvia,1992,0.674,-0.62
Latvia,1993,0.749,-0.62
Latvia,1994,0.8,-0.737
Latvia,1995,0.799,-0.737
Latvia,1996,0.788,-1.499
Latvia,1997,0.808,-1.499
Latvia,1998,0.809,-1.499
Latvia,1999,0.816,-1.499
Latvia,2000,0.816,-1.851
Latvia,2001,0.816,-1.851
Latvia,2002,0.815,-2.163
Latvia,2003,0.822,-2.163
Latvia,2004,0.822,-2.163
Latvia,2005,0.822,-2.608
Latvia,2006,0.814,-2.608
Latvia,2007,0.793,-2.608
Latvia,2008,0.792,-2.608
Latvia,2009,0.793,-2.608
Latvia,2010,0.798,-2.608
Latvia,2011,0.816,-2.608
Latvia,2012,0.82,-2.608
Latvia,2013,0.83,-2.287
Latvia,2014,0.832,-2.287
Latvia,2015,0.838,-2.637
Latvia,2016,0.84,-2.637
Latvia,2017,0.833,-2.836
Latvia,2018,0.832,-3.102
Latvia,2019,0.826,-2.484
Latvia,2020,0.822,-2.484
Latvia,2021,0.831,-1.657
Latvia,2022,0.829,-1.462
Latvia,2023,0.846,-1.21
Latvia,2024,0.834,-1.348
Latvia,2025,0.834,-1.348
Lesotho,1900,0.045,0.217
Lesotho,1901,0.045,0.217
Lesotho,1902,0.045,0.217
Lesotho,1903,0.045,0.217
Lesotho,1904,0.045,0.217
Lesotho,1905,0.045,0.217
Lesotho,1906,0.045,0.217
Lesotho,1907,0.045,0.217
Lesotho,1908,0.045,0.217
Lesotho,1909,0.045,0.217
Lesotho,1910,0.045,0.217
Lesotho,1911,0.045,0.217
Lesotho,1912,0.045,0.217
Lesotho,1913,0.045,0.217
Lesotho,1914,0.045,0.217
Lesotho,1915,0.045,0.217
Lesotho,1916,0.045,0.217
Lesotho,1917,0.045,0.217
Lesotho,1918,0.045,0.217
Lesotho,1919,0.045,0.217
Lesotho,1920,0.045,0.217
Lesotho,1921,0.045,0.217
Lesotho,1922,0.045,0.217
Lesotho,1923,0.045,0.217
Lesotho,1924,0.045,0.217
Lesotho,1925,0.045,0.217
Lesotho,1926,0.045,0.217
Lesotho,1927,0.045,0.217
Lesotho,1928,0.045,0.217
Lesotho,1929,0.045,0.217
Lesotho,1930,0.045,0.217
Lesotho,1931,0.045,0.217
Lesotho,1932,0.045,0.217
Lesotho,1933,0.045,0.217
Lesotho,1934,0.045,0.217
Lesotho,1935,0.045,0.217
Lesotho,1936,0.045,0.217
Lesotho,1937,0.045,0.217
Lesotho,1938,0.045,0.217
Lesotho,1939,0.045,0.217
Lesotho,1940,0.045,0.217
Lesotho,1941,0.045,0.217
Lesotho,1942,0.045,0.217
Lesotho,1943,0.045,0.217
Lesotho,1944,0.045,0.217
Lesotho,1945,0.045,0.217
Lesotho,1946,0.045,0.217
Lesotho,1947,0.045,0.217
Lesotho,1948,0.045,0.217
Lesotho,1949,0.045,0.217
Lesotho,1950,0.052,0.217
Lesotho,1951,0.052,0.217
Lesotho,1952,0.073,0.217
Lesotho,1953,0.073,0.217
Lesotho,1954,0.073,0.217
Lesotho,1955,0.073,0.217
Lesotho,1956,0.073,0.217
Lesotho,1957,0.073,0.217
Lesotho,1958,0.073,0.217
Lesotho,1959,0.073,0.217
Lesotho,1960,0.089,0.217
Lesotho,1961,0.089,0.217
Lesotho,1962,0.089,0.217
Lesotho,1963,0.089,0.217
Lesotho,1964,0.089,0.217
Lesotho,1965,0.206,0.217
Lesotho,1966,0.273,0.252
Lesotho,1967,0.358,0.252
Lesotho,1968,0.358,0.252
Lesotho,1969,0.188,0.252
Lesotho,1970,0.141,0.252
Lesotho,1971,0.115,-0.867
Lesotho,1972,0.115,-0.867
Lesotho,1973,0.115,-0.867
Lesotho,1974,0.115,-0.867
Lesotho,1975,0.115,-0.867
Lesotho,1976,0.115,-0.867
Lesotho,1977,0.115,-0.867
Lesotho,1978,0.117,-0.867
Lesotho,1979,0.123,-0.867
Lesotho,1980,0.123,-0.867
Lesotho,1981,0.123,-0.867
Lesotho,1982,0.123,-0.867
Lesotho,1983,0.122,-0.867
Lesotho,1984,0.122,-0.867
Lesotho,1985,0.126,-0.867
Lesotho,1986,0.119,-0.867
Lesotho,1987,0.127,-0.341
Lesotho,1988,0.127,-0.341
Lesotho,1989,0.127,-0.341
Lesotho,1990,0.159,-0.341
Lesotho,1991,0.158,-0.341
Lesotho,1992,0.158,-0.341
Lesotho,1993,0.501,-0.341
Lesotho,1994,0.469,-0.341
Lesotho,1995,0.314,-0.341
Lesotho,1996,0.314,-0.341
Lesotho,1997,0.314,-0.341
Lesotho,1998,0.371,-0.341
Lesotho,1999,0.315,-0.341
Lesotho,2000,0.315,-0.341
Lesotho,2001,0.315,-0.341
Lesotho,2002,0.496,-0.341
Lesotho,2003,0.614,-0.341
Lesotho,2004,0.614,-0.341
Lesotho,2005,0.614,-0.341
Lesotho,2006,0.614,-0.341
Lesotho,2007,0.568,-0.341
Lesotho,2008,0.561,-0.341
Lesotho,2009,0.559,-0.341
Lesotho,2010,0.566,-0.341
Lesotho,2011,0.574,-0.341
Lesotho,2012,0.582,-0.341
Lesotho,2013,0.619,-0.341
Lesotho,2014,0.621,-0.341
Lesotho,2015,0.597,-0.341
Lesotho,2016,0.576,-0.341
Lesotho,2017,0.501,-0.341
Lesotho,2018,0.601,-0.341
Lesotho,2019,0.621,-0.341
Lesotho,2020,0.627,-0.518
Lesotho,2021,0.616,-0.518
Lesotho,2022,0.648,-0.518
Lesotho,2023,0.667,-0.518
Lesotho,2024,0.652,-0.518
Lesotho,2025,0.661,-0.518
Liberia,1821,0.031,NA
Liberia,1822,0.031,NA
Liberia,1823,0.031,NA
Liberia,1824,0.031,NA
Liberia,1825,0.031,NA
Liberia,1826,0.031,NA
Liberia,1827,0.031,NA
Liberia,1828,0.031,NA
Liberia,1829,0.031,NA
Liberia,1830,0.031,NA
Liberia,1831,0.031,NA
Liberia,1832,0.031,NA
Liberia,1833,0.031,NA
Liberia,1834,0.031,NA
Liberia,1835,0.031,NA
Liberia,1836,0.031,NA
Liberia,1837,0.031,NA
Liberia,1838,0.031,NA
Liberia,1839,0.031,NA
Liberia,1840,0.031,NA
Liberia,1841,0.031,NA
Liberia,1842,0.031,NA
Liberia,1843,0.031,NA
Liberia,1844,0.031,NA
Liberia,1845,0.031,NA
Liberia,1846,0.031,NA
Liberia,1847,0.058,NA
Liberia,1848,0.243,NA
Liberia,1849,0.24,NA
Liberia,1850,0.238,NA
Liberia,1851,0.242,NA
Liberia,1852,0.244,NA
Liberia,1853,0.241,NA
Liberia,1854,0.24,NA
Liberia,1855,0.242,NA
Liberia,1856,0.244,NA
Liberia,1857,0.24,NA
Liberia,1858,0.239,NA
Liberia,1859,0.238,NA
Liberia,1860,0.238,NA
Liberia,1861,0.239,NA
Liberia,1862,0.239,NA
Liberia,1863,0.239,NA
Liberia,1864,0.239,NA
Liberia,1865,0.238,NA
Liberia,1866,0.238,NA
Liberia,1867,0.225,NA
Liberia,1868,0.219,NA
Liberia,1869,0.215,NA
Liberia,1870,0.223,NA
Liberia,1871,0.223,NA
Liberia,1872,0.223,NA
Liberia,1873,0.218,NA
Liberia,1874,0.215,NA
Liberia,1875,0.218,NA
Liberia,1876,0.219,NA
Liberia,1877,0.222,NA
Liberia,1878,0.224,NA
Liberia,1879,0.217,NA
Liberia,1880,0.213,NA
Liberia,1881,0.229,NA
Liberia,1882,0.236,NA
Liberia,1883,0.239,NA
Liberia,1884,0.241,NA
Liberia,1885,0.242,NA
Liberia,1886,0.243,NA
Liberia,1887,0.225,NA
Liberia,1888,0.225,NA
Liberia,1889,0.224,NA
Liberia,1890,0.224,NA
Liberia,1891,0.235,NA
Liberia,1892,0.24,NA
Liberia,1893,0.234,NA
Liberia,1894,0.23,NA
Liberia,1895,0.219,NA
Liberia,1896,0.214,NA
Liberia,1897,0.213,NA
Liberia,1898,0.213,NA
Liberia,1899,0.213,NA
Liberia,1900,0.193,0.078
Liberia,1901,0.215,0.078
Liberia,1902,0.215,0.078
Liberia,1903,0.217,0.078
Liberia,1904,0.217,0.078
Liberia,1905,0.216,0.078
Liberia,1906,0.216,0.078
Liberia,1907,0.215,0.078
Liberia,1908,0.222,0.078
Liberia,1909,0.222,0.078
Liberia,1910,0.22,0.078
Liberia,1911,0.22,0.078
Liberia,1912,0.22,0.078
Liberia,1913,0.22,0.078
Liberia,1914,0.22,0.078
Liberia,1915,0.221,0.078
Liberia,1916,0.221,0.078
Liberia,1917,0.221,0.078
Liberia,1918,0.221,0.078
Liberia,1919,0.219,0.078
Liberia,1920,0.219,0.078
Liberia,1921,0.219,0.078
Liberia,1922,0.219,0.078
Liberia,1923,0.208,0.078
Liberia,1924,0.208,0.078
Liberia,1925,0.208,0.078
Liberia,1926,0.208,0.078
Liberia,1927,0.203,0.078
Liberia,1928,0.201,0.078
Liberia,1929,0.201,0.078
Liberia,1930,0.201,0.078
Liberia,1931,0.218,0.078
Liberia,1932,0.216,0.078
Liberia,1933,0.216,0.078
Liberia,1934,0.215,0.078
Liberia,1935,0.215,0.078
Liberia,1936,0.215,0.078
Liberia,1937,0.215,0.078
Liberia,1938,0.215,0.078
Liberia,1939,0.213,0.078
Liberia,1940,0.213,0.265
Liberia,1941,0.213,0.265
Liberia,1942,0.213,0.265
Liberia,1943,0.209,0.265
Liberia,1944,0.188,0.265
Liberia,1945,0.18,0.265
Liberia,1946,0.18,0.265
Liberia,1947,0.18,0.265
Liberia,1948,0.247,0.265
Liberia,1949,0.247,0.265
Liberia,1950,0.245,0.265
Liberia,1951,0.205,0.265
Liberia,1952,0.193,0.265
Liberia,1953,0.193,0.265
Liberia,1954,0.193,0.265
Liberia,1955,0.186,0.265
Liberia,1956,0.183,0.265
Liberia,1957,0.183,0.265
Liberia,1958,0.183,0.265
Liberia,1959,0.187,0.265
Liberia,1960,0.189,-0.09
Liberia,1961,0.189,-0.09
Liberia,1962,0.19,-0.09
Liberia,1963,0.189,-0.09
Liberia,1964,0.188,-0.09
Liberia,1965,0.188,-0.09
Liberia,1966,0.188,-0.09
Liberia,1967,0.188,-0.09
Liberia,1968,0.187,-0.09
Liberia,1969,0.187,-0.09
Liberia,1970,0.187,-0.09
Liberia,1971,0.196,-0.09
Liberia,1972,0.219,-0.09
Liberia,1973,0.219,-0.09
Liberia,1974,0.219,-0.09
Liberia,1975,0.219,-0.09
Liberia,1976,0.219,-0.09
Liberia,1977,0.219,-0.09
Liberia,1978,0.219,-0.09
Liberia,1979,0.219,0.268
Liberia,1980,0.123,0.763
Liberia,1981,0.091,0.763
Liberia,1982,0.091,0.763
Liberia,1983,0.091,0.763
Liberia,1984,0.097,0.763
Liberia,1985,0.119,0.763
Liberia,1986,0.234,0.763
Liberia,1987,0.235,0.763
Liberia,1988,0.232,0.763
Liberia,1989,0.22,0.763
Liberia,1990,0.167,0.763
Liberia,1991,0.198,0.763
Liberia,1992,0.198,0.763
Liberia,1993,0.202,0.763
Liberia,1994,0.169,0.763
Liberia,1995,0.166,0.763
Liberia,1996,0.15,0.763
Liberia,1997,0.241,0.763
Liberia,1998,0.348,0.763
Liberia,1999,0.346,0.763
Liberia,2000,0.346,0.763
Liberia,2001,0.343,0.763
Liberia,2002,0.343,0.763
Liberia,2003,0.303,0.763
Liberia,2004,0.239,0.608
Liberia,2005,0.276,0.304
Liberia,2006,0.643,0.045
Liberia,2007,0.655,0.045
Liberia,2008,0.655,0.045
Liberia,2009,0.657,0.045
Liberia,2010,0.649,0.181
Liberia,2011,0.646,0.181
Liberia,2012,0.64,0.181
Liberia,2013,0.618,0.181
Liberia,2014,0.611,0.181
Liberia,2015,0.611,0.181
Liberia,2016,0.615,0.181
Liberia,2017,0.62,0.181
Liberia,2018,0.621,0.181
Liberia,2019,0.623,0.181
Liberia,2020,0.633,-0.219
Liberia,2021,0.616,-0.219
Liberia,2022,0.618,1.17
Liberia,2023,0.624,1.681
Liberia,2024,0.61,1.681
Liberia,2025,0.597,1.681
Malawi,1900,0.01,-1.321
Malawi,1901,0.01,-1.321
Malawi,1902,0.01,-1.321
Malawi,1903,0.01,-1.321
Malawi,1904,0.01,-1.321
Malawi,1905,0.01,-1.321
Malawi,1906,0.01,-1.321
Malawi,1907,0.01,-1.321
Malawi,1908,0.01,-1.321
Malawi,1909,0.01,-1.321
Malawi,1910,0.01,-1.321
Malawi,1911,0.01,-1.321
Malawi,1912,0.01,-1.321
Malawi,1913,0.01,-1.321
Malawi,1914,0.01,-1.321
Malawi,1915,0.01,-1.321
Malawi,1916,0.01,-1.321
Malawi,1917,0.01,-1.321
Malawi,1918,0.01,-1.321
Malawi,1919,0.01,-1.321
Malawi,1920,0.01,-1.321
Malawi,1921,0.01,-1.321
Malawi,1922,0.01,-1.321
Malawi,1923,0.01,-1.321
Malawi,1924,0.01,-1.321
Malawi,1925,0.01,-1.321
Malawi,1926,0.01,-1.321
Malawi,1927,0.01,-1.321
Malawi,1928,0.01,-1.321
Malawi,1929,0.01,-1.321
Malawi,1930,0.01,-1.321
Malawi,1931,0.01,-1.321
Malawi,1932,0.01,-1.321
Malawi,1933,0.01,-1.321
Malawi,1934,0.01,-1.321
Malawi,1935,0.01,-1.321
Malawi,1936,0.01,-1.321
Malawi,1937,0.01,-1.321
Malawi,1938,0.01,-1.321
Malawi,1939,0.01,-1.321
Malawi,1940,0.01,-1.321
Malawi,1941,0.01,-1.321
Malawi,1942,0.01,-1.321
Malawi,1943,0.01,-1.321
Malawi,1944,0.012,-1.321
Malawi,1945,0.013,-1.321
Malawi,1946,0.013,-1.321
Malawi,1947,0.013,-1.321
Malawi,1948,0.013,-1.321
Malawi,1949,0.013,-1.321
Malawi,1950,0.013,-1.321
Malawi,1951,0.013,-1.321
Malawi,1952,0.013,-1.321
Malawi,1953,0.013,-1.08
Malawi,1954,0.012,-1.08
Malawi,1955,0.013,-1.08
Malawi,1956,0.013,-1.08
Malawi,1957,0.013,-0.346
Malawi,1958,0.013,-0.346
Malawi,1959,0.017,-0.902
Malawi,1960,0.04,-0.902
Malawi,1961,0.117,-1.075
Malawi,1962,0.177,-1.075
Malawi,1963,0.237,-1.075
Malawi,1964,0.273,-1.134
Malawi,1965,0.236,-1.134
Malawi,1966,0.212,-1.134
Malawi,1967,0.211,-1.134
Malawi,1968,0.211,-1.134
Malawi,1969,0.211,-1.134
Malawi,1970,0.211,-1.134
Malawi,1971,0.211,-1.134
Malawi,1972,0.211,-1.134
Malawi,1973,0.211,-1.134
Malawi,1974,0.211,-1.134
Malawi,1975,0.211,-1.134
Malawi,1976,0.182,-1.134
Malawi,1977,0.163,-1.134
Malawi,1978,0.165,-1.134
Malawi,1979,0.168,-1.134
Malawi,1980,0.168,-1.134
Malawi,1981,0.168,-1.134
Malawi,1982,0.168,-1.134
Malawi,1983,0.168,-1.134
Malawi,1984,0.167,-1.134
Malawi,1985,0.167,-1.134
Malawi,1986,0.167,-1.134
Malawi,1987,0.167,-1.134
Malawi,1988,0.167,-1.134
Malawi,1989,0.167,-1.134
Malawi,1990,0.167,-1.134
Malawi,1991,0.167,-0.733
Malawi,1992,0.188,-0.733
Malawi,1993,0.252,-0.555
Malawi,1994,0.463,-0.644
Malawi,1995,0.566,-0.878
Malawi,1996,0.567,-0.878
Malawi,1997,0.567,-0.878
Malawi,1998,0.567,-0.878
Malawi,1999,0.512,-0.878
Malawi,2000,0.478,-0.878
Malawi,2001,0.478,-0.878
Malawi,2002,0.478,-0.878
Malawi,2003,0.478,-0.878
Malawi,2004,0.459,-0.878
Malawi,2005,0.443,-0.878
Malawi,2006,0.439,-0.878
Malawi,2007,0.442,-0.878
Malawi,2008,0.443,-0.878
Malawi,2009,0.5,-0.878
Malawi,2010,0.514,-0.767
Malawi,2011,0.521,-0.767
Malawi,2012,0.536,-0.946
Malawi,2013,0.56,-1.002
Malawi,2014,0.547,-0.921
Malawi,2015,0.54,-0.891
Malawi,2016,0.538,-0.891
Malawi,2017,0.546,-0.891
Malawi,2018,0.528,-0.891
Malawi,2019,0.48,-0.523
Malawi,2020,0.534,-0.766
Malawi,2021,0.603,-0.988
Malawi,2022,0.611,-0.595
Malawi,2023,0.571,-0.511
Malawi,2024,0.563,0.138
Malawi,2025,0.557,0.327
Maldives,1900,0.015,-2.537
Maldives,1901,0.015,-2.537
Maldives,1902,0.015,-2.537
Maldives,1903,0.015,-2.537
Maldives,1904,0.015,-2.537
Maldives,1905,0.015,-2.537
Maldives,1906,0.015,-2.537
Maldives,1907,0.015,-2.537
Maldives,1908,0.015,-2.537
Maldives,1909,0.015,-2.537
Maldives,1910,0.015,-2.537
Maldives,1911,0.015,-2.537
Maldives,1912,0.015,-2.537
Maldives,1913,0.015,-2.537
Maldives,1914,0.015,-2.537
Maldives,1915,0.015,-2.537
Maldives,1916,0.015,-2.537
Maldives,1917,0.015,-2.537
Maldives,1918,0.015,-2.537
Maldives,1919,0.015,-2.537
Maldives,1920,0.015,-2.537
Maldives,1921,0.015,-2.537
Maldives,1922,0.015,-2.537
Maldives,1923,0.015,-2.537
Maldives,1924,0.015,-2.537
Maldives,1925,0.015,-2.537
Maldives,1926,0.015,-2.537
Maldives,1927,0.015,-2.537
Maldives,1928,0.015,-2.537
Maldives,1929,0.015,-2.537
Maldives,1930,0.015,-2.537
Maldives,1931,0.015,-2.537
Maldives,1932,0.015,-2.537
Maldives,1933,0.077,-2.537
Maldives,1934,0.092,-2.537
Maldives,1935,0.139,-2.537
Maldives,1936,0.139,-2.537
Maldives,1937,0.139,-2.537
Maldives,1938,0.139,-2.537
Maldives,1939,0.139,-2.537
Maldives,1940,0.139,-2.537
Maldives,1941,0.13,-2.537
Maldives,1942,0.13,-2.537
Maldives,1943,0.13,-2.537
Maldives,1944,0.13,-2.537
Maldives,1945,0.13,-2.537
Maldives,1946,0.13,-2.537
Maldives,1947,0.13,-2.537
Maldives,1948,0.13,-2.537
Maldives,1949,0.13,-2.537
Maldives,1950,0.13,-2.537
Maldives,1951,0.13,-2.537
Maldives,1952,0.13,-2.537
Maldives,1953,0.129,-2.537
Maldives,1954,0.129,-2.537
Maldives,1955,0.13,-2.537
Maldives,1956,0.13,-2.537
Maldives,1957,0.13,-2.537
Maldives,1958,0.13,-2.537
Maldives,1959,0.13,-2.537
Maldives,1960,0.13,-2.537
Maldives,1961,0.13,-2.537
Maldives,1962,0.131,-2.537
Maldives,1963,0.13,-2.537
Maldives,1964,0.13,-2.537
Maldives,1965,0.131,-2.537
Maldives,1966,0.129,-2.537
Maldives,1967,0.129,-2.537
Maldives,1968,0.142,-2.537
Maldives,1969,0.172,-2.537
Maldives,1970,0.171,-2.537
Maldives,1971,0.171,-2.537
Maldives,1972,0.171,-2.537
Maldives,1973,0.171,-2.537
Maldives,1974,0.171,-2.537
Maldives,1975,0.172,-2.537
Maldives,1976,0.172,-2.537
Maldives,1977,0.172,-2.537
Maldives,1978,0.163,-2.173
Maldives,1979,0.155,-2.173
Maldives,1980,0.155,-1.699
Maldives,1981,0.155,-1.699
Maldives,1982,0.155,-1.699
Maldives,1983,0.155,-1.699
Maldives,1984,0.154,-1.699
Maldives,1985,0.157,-1.699
Maldives,1986,0.157,-1.699
Maldives,1987,0.157,-1.699
Maldives,1988,0.156,-1.699
Maldives,1989,0.157,-1.699
Maldives,1990,0.167,-1.699
Maldives,1991,0.16,-1.699
Maldives,1992,0.16,-1.699
Maldives,1993,0.16,-1.699
Maldives,1994,0.158,-1.699
Maldives,1995,0.16,-1.699
Maldives,1996,0.16,-1.699
Maldives,1997,0.16,-1.699
Maldives,1998,0.161,-1.699
Maldives,1999,0.158,-1.699
Maldives,2000,0.161,-1.699
Maldives,2001,0.162,-1.699
Maldives,2002,0.163,-1.699
Maldives,2003,0.171,0.556
Maldives,2004,0.175,0.556
Maldives,2005,0.283,0.556
Maldives,2006,0.303,0.556
Maldives,2007,0.308,0.556
Maldives,2008,0.459,0.556
Maldives,2009,0.609,0.556
Maldives,2010,0.599,0.888
Maldives,2011,0.6,0.888
Maldives,2012,0.543,1.28
Maldives,2013,0.453,1.28
Maldives,2014,0.407,1.28
Maldives,2015,0.38,1.28
Maldives,2016,0.365,1.28
Maldives,2017,0.353,1.28
Maldives,2018,0.391,0.542
Maldives,2019,0.57,0.542
Maldives,2020,0.581,0.656
Maldives,2021,0.582,1.224
Maldives,2022,0.586,1.021
Maldives,2023,0.596,1.021
Maldives,2024,0.577,0.75
Maldives,2025,0.556,0.657
Mongolia,1911,0.017,-1.848
Mongolia,1912,0.017,-1.991
Mongolia,1913,0.017,-1.991
Mongolia,1914,0.017,-1.991
Mongolia,1915,0.017,-1.991
Mongolia,1916,0.017,-2.144
Mongolia,1917,0.017,-2.144
Mongolia,1918,0.016,-1.608
Mongolia,1919,0.016,-1.608
Mongolia,1920,0.016,-1.007
Mongolia,1921,0.016,-1.007
Mongolia,1922,0.012,-1.067
Mongolia,1923,0.012,-1.246
Mongolia,1924,0.068,-1.463
Mongolia,1925,0.098,-1.463
Mongolia,1926,0.098,-1.463
Mongolia,1927,0.098,-1.463
Mongolia,1928,0.098,-1.463
Mongolia,1929,0.098,-1.463
Mongolia,1930,0.098,-1.355
Mongolia,1931,0.098,-1.355
Mongolia,1932,0.098,-1.054
Mongolia,1933,0.098,-1.534
Mongolia,1934,0.098,-1.534
Mongolia,1935,0.098,-1.534
Mongolia,1936,0.096,-1.224
Mongolia,1937,0.096,-1.112
Mongolia,1938,0.096,-1.232
Mongolia,1939,0.096,-1.232
Mongolia,1940,0.082,-2.807
Mongolia,1941,0.067,-2.807
Mongolia,1942,0.067,-2.807
Mongolia,1943,0.067,-2.807
Mongolia,1944,0.067,-2.807
Mongolia,1945,0.073,-2.807
Mongolia,1946,0.074,-2.807
Mongolia,1947,0.074,-2.807
Mongolia,1948,0.074,-2.807
Mongolia,1949,0.074,-2.807
Mongolia,1950,0.075,-2.807
Mongolia,1951,0.092,-2.807
Mongolia,1952,0.165,-2.807
Mongolia,1953,0.169,-2.929
Mongolia,1954,0.169,-2.929
Mongolia,1955,0.169,-2.929
Mongolia,1956,0.169,-2.929
Mongolia,1957,0.169,-2.929
Mongolia,1958,0.169,-3.182
Mongolia,1959,0.169,-3.182
Mongolia,1960,0.174,-2.553
Mongolia,1961,0.176,-2.553
Mongolia,1962,0.176,-2.553
Mongolia,1963,0.176,-2.379
Mongolia,1964,0.176,-2.549
Mongolia,1965,0.176,-2.549
Mongolia,1966,0.176,-2.407
Mongolia,1967,0.175,-2.594
Mongolia,1968,0.175,-2.594
Mongolia,1969,0.176,-2.594
Mongolia,1970,0.176,-2.594
Mongolia,1971,0.176,-2.594
Mongolia,1972,0.176,-2.594
Mongolia,1973,0.177,-2.594
Mongolia,1974,0.178,-2.594
Mongolia,1975,0.178,-2.594
Mongolia,1976,0.178,-2.594
Mongolia,1977,0.178,-2.594
Mongolia,1978,0.178,-2.594
Mongolia,1979,0.178,-2.594
Mongolia,1980,0.178,-2.594
Mongolia,1981,0.179,-2.594
Mongolia,1982,0.18,-2.594
Mongolia,1983,0.18,-2.594
Mongolia,1984,0.18,-2.594
Mongolia,1985,0.18,-2.594
Mongolia,1986,0.18,-2.361
Mongolia,1987,0.18,-1.879
Mongolia,1988,0.18,-1.879
Mongolia,1989,0.184,-1.511
Mongolia,1990,0.372,0.108
Mongolia,1991,0.555,-0.221
Mongolia,1992,0.667,-0.511
Mongolia,1993,0.698,-0.588
Mongolia,1994,0.698,-0.588
Mongolia,1995,0.698,-0.588
Mongolia,1996,0.7,-0.349
Mongolia,1997,0.707,-0.349
Mongolia,1998,0.707,-0.349
Mongolia,1999,0.707,-0.349
Mongolia,2000,0.674,0.025
Mongolia,2001,0.663,0.025
Mongolia,2002,0.671,0.025
Mongolia,2003,0.672,0.025
Mongolia,2004,0.67,0.025
Mongolia,2005,0.673,0.025
Mongolia,2006,0.685,0.025
Mongolia,2007,0.685,0.025
Mongolia,2008,0.653,0.957
Mongolia,2009,0.662,0.384
Mongolia,2010,0.679,-0.166
Mongolia,2011,0.676,-0.166
Mongolia,2012,0.683,-0.085
Mongolia,2013,0.684,-0.318
Mongolia,2014,0.686,-0.318
Mongolia,2015,0.681,-0.318
Mongolia,2016,0.671,-0.318
Mongolia,2017,0.661,0.002
Mongolia,2018,0.653,0.002
Mongolia,2019,0.653,0.002
Mongolia,2020,0.629,-0.301
Mongolia,2021,0.609,0.001
Mongolia,2022,0.573,0.198
Mongolia,2023,0.534,0.101
Mongolia,2024,0.498,-0.142
Mongolia,2025,0.535,-1.067
Morocco,1789,0.012,NA
Morocco,1790,0.012,NA
Morocco,1791,0.012,NA
Morocco,1792,0.012,NA
Morocco,1793,0.012,NA
Morocco,1794,0.012,NA
Morocco,1795,0.012,NA
Morocco,1796,0.012,NA
Morocco,1797,0.012,NA
Morocco,1798,0.012,NA
Morocco,1799,0.012,NA
Morocco,1800,0.012,NA
Morocco,1801,0.012,NA
Morocco,1802,0.012,NA
Morocco,1803,0.012,NA
Morocco,1804,0.012,NA
Morocco,1805,0.012,NA
Morocco,1806,0.012,NA
Morocco,1807,0.012,NA
Morocco,1808,0.012,NA
Morocco,1809,0.012,NA
Morocco,1810,0.012,NA
Morocco,1811,0.012,NA
Morocco,1812,0.012,NA
Morocco,1813,0.012,NA
Morocco,1814,0.012,NA
Morocco,1815,0.012,NA
Morocco,1816,0.012,NA
Morocco,1817,0.012,NA
Morocco,1818,0.012,NA
Morocco,1819,0.012,NA
Morocco,1820,0.012,NA
Morocco,1821,0.012,NA
Morocco,1822,0.012,NA
Morocco,1823,0.012,NA
Morocco,1824,0.012,NA
Morocco,1825,0.012,NA
Morocco,1826,0.012,NA
Morocco,1827,0.012,NA
Morocco,1828,0.012,NA
Morocco,1829,0.012,NA
Morocco,1830,0.012,NA
Morocco,1831,0.012,NA
Morocco,1832,0.012,NA
Morocco,1833,0.012,NA
Morocco,1834,0.012,NA
Morocco,1835,0.012,NA
Morocco,1836,0.012,NA
Morocco,1837,0.012,NA
Morocco,1838,0.012,NA
Morocco,1839,0.012,NA
Morocco,1840,0.012,NA
Morocco,1841,0.012,NA
Morocco,1842,0.012,NA
Morocco,1843,0.012,NA
Morocco,1844,0.012,NA
Morocco,1845,0.012,NA
Morocco,1846,0.012,NA
Morocco,1847,0.012,NA
Morocco,1848,0.012,NA
Morocco,1849,0.012,NA
Morocco,1850,0.012,NA
Morocco,1851,0.012,NA
Morocco,1852,0.012,NA
Morocco,1853,0.012,NA
Morocco,1854,0.012,NA
Morocco,1855,0.012,NA
Morocco,1856,0.012,NA
Morocco,1857,0.012,NA
Morocco,1858,0.012,NA
Morocco,1859,0.012,NA
Morocco,1860,0.012,NA
Morocco,1861,0.012,NA
Morocco,1862,0.012,NA
Morocco,1863,0.012,NA
Morocco,1864,0.012,NA
Morocco,1865,0.012,NA
Morocco,1866,0.012,NA
Morocco,1867,0.012,NA
Morocco,1868,0.012,NA
Morocco,1869,0.012,NA
Morocco,1870,0.012,NA
Morocco,1871,0.012,NA
Morocco,1872,0.012,NA
Morocco,1873,0.012,NA
Morocco,1874,0.012,NA
Morocco,1875,0.012,NA
Morocco,1876,0.012,NA
Morocco,1877,0.012,NA
Morocco,1878,0.012,NA
Morocco,1879,0.012,NA
Morocco,1880,0.012,NA
Morocco,1881,0.012,NA
Morocco,1882,0.012,NA
Morocco,1883,0.012,NA
Morocco,1884,0.012,NA
Morocco,1885,0.012,NA
Morocco,1886,0.012,NA
Morocco,1887,0.012,NA
Morocco,1888,0.012,NA
Morocco,1889,0.012,NA
Morocco,1890,0.012,NA
Morocco,1891,0.012,NA
Morocco,1892,0.012,NA
Morocco,1893,0.012,NA
Morocco,1894,0.012,NA
Morocco,1895,0.019,NA
Morocco,1896,0.019,NA
Morocco,1897,0.019,NA
Morocco,1898,0.019,NA
Morocco,1899,0.019,NA
Morocco,1900,0.02,NA
Morocco,1901,0.03,NA
Morocco,1902,0.03,NA
Morocco,1903,0.03,NA
Morocco,1904,0.03,NA
Morocco,1905,0.03,NA
Morocco,1906,0.03,NA
Morocco,1907,0.028,NA
Morocco,1908,0.028,NA
Morocco,1909,0.028,NA
Morocco,1910,0.029,NA
Morocco,1911,0.029,NA
Morocco,1912,0.035,-0.069
Morocco,1913,0.034,-0.069
Morocco,1914,0.034,-0.069
Morocco,1915,0.034,-0.069
Morocco,1916,0.034,-0.069
Morocco,1917,0.034,-0.069
Morocco,1918,0.034,-0.069
Morocco,1919,0.038,-0.069
Morocco,1920,0.038,-0.069
Morocco,1921,0.038,-0.069
Morocco,1922,0.038,-0.069
Morocco,1923,0.038,-0.069
Morocco,1924,0.038,-0.069
Morocco,1925,0.041,-0.069
Morocco,1926,0.041,-0.069
Morocco,1927,0.041,-0.069
Morocco,1928,0.041,-0.069
Morocco,1929,0.041,-0.069
Morocco,1930,0.041,0.917
Morocco,1931,0.041,0.917
Morocco,1932,0.041,0.917
Morocco,1933,0.041,0.917
Morocco,1934,0.042,0.917
Morocco,1935,0.042,0.917
Morocco,1936,0.042,0.917
Morocco,1937,0.042,0.917
Morocco,1938,0.042,0.917
Morocco,1939,0.042,0.917
Morocco,1940,0.042,0.917
Morocco,1941,0.042,0.917
Morocco,1942,0.042,0.917
Morocco,1943,0.048,0.917
Morocco,1944,0.05,0.917
Morocco,1945,0.05,0.917
Morocco,1946,0.05,0.917
Morocco,1947,0.05,0.917
Morocco,1948,0.05,0.917
Morocco,1949,0.05,0.917
Morocco,1950,0.05,0.917
Morocco,1951,0.05,0.917
Morocco,1952,0.05,0.917
Morocco,1953,0.05,0.917
Morocco,1954,0.05,0.917
Morocco,1955,0.05,0.917
Morocco,1956,0.064,0.917
Morocco,1957,0.067,-0.006
Morocco,1958,0.067,-0.006
Morocco,1959,0.066,-0.006
Morocco,1960,0.071,-0.006
Morocco,1961,0.071,-0.006
Morocco,1962,0.071,-0.118
Morocco,1963,0.153,-0.118
Morocco,1964,0.168,-0.118
Morocco,1965,0.159,-0.118
Morocco,1966,0.132,0.363
Morocco,1967,0.132,0.363
Morocco,1968,0.132,0.363
Morocco,1969,0.124,0.363
Morocco,1970,0.136,0.363
Morocco,1971,0.152,0.363
Morocco,1972,0.152,0.363
Morocco,1973,0.151,0.363
Morocco,1974,0.135,0.363
Morocco,1975,0.13,0.363
Morocco,1976,0.13,0.363
Morocco,1977,0.145,0.363
Morocco,1978,0.156,0.363
Morocco,1979,0.159,-0.118
Morocco,1980,0.159,-0.118
Morocco,1981,0.159,-0.118
Morocco,1982,0.159,-0.118
Morocco,1983,0.159,-0.118
Morocco,1984,0.16,-0.118
Morocco,1985,0.16,-0.118
Morocco,1986,0.16,-0.118
Morocco,1987,0.164,-0.118
Morocco,1988,0.164,-0.118
Morocco,1989,0.164,-0.118
Morocco,1990,0.17,-0.219
Morocco,1991,0.172,-0.219
Morocco,1992,0.185,-0.219
Morocco,1993,0.19,-0.219
Morocco,1994,0.192,-0.219
Morocco,1995,0.192,-0.219
Morocco,1996,0.192,-0.219
Morocco,1997,0.201,-0.219
Morocco,1998,0.212,-0.219
Morocco,1999,0.213,-0.219
Morocco,2000,0.237,-0.674
Morocco,2001,0.239,-0.674
Morocco,2002,0.243,-0.674
Morocco,2003,0.253,-0.674
Morocco,2004,0.253,-0.674
Morocco,2005,0.258,-0.674
Morocco,2006,0.255,-0.674
Morocco,2007,0.258,-0.674
Morocco,2008,0.252,-0.674
Morocco,2009,0.254,-0.674
Morocco,2010,0.256,-0.432
Morocco,2011,0.262,-0.662
Morocco,2012,0.265,-0.662
Morocco,2013,0.269,-0.736
Morocco,2014,0.27,-0.736
Morocco,2015,0.264,-0.736
Morocco,2016,0.266,-0.736
Morocco,2017,0.259,-0.736
Morocco,2018,0.262,-0.736
Morocco,2019,0.257,-0.736
Morocco,2020,0.257,-0.736
Morocco,2021,0.261,-0.736
Morocco,2022,0.262,-0.736
Morocco,2023,0.262,-0.81
Morocco,2024,0.261,-0.81
Morocco,2025,0.259,0.882
Netherlands,1789,0.077,NA
Netherlands,1790,0.077,NA
Netherlands,1791,0.077,NA
Netherlands,1792,0.077,NA
Netherlands,1793,0.077,NA
Netherlands,1794,0.077,NA
Netherlands,1795,0.098,NA
Netherlands,1796,0.134,NA
Netherlands,1797,0.182,NA
Netherlands,1798,0.18,NA
Netherlands,1799,0.128,NA
Netherlands,1800,0.128,NA
Netherlands,1801,0.128,NA
Netherlands,1802,0.128,NA
Netherlands,1803,0.128,NA
Netherlands,1804,0.128,NA
Netherlands,1805,0.096,NA
Netherlands,1806,0.079,NA
Netherlands,1807,0.079,NA
Netherlands,1808,0.079,NA
Netherlands,1809,0.079,NA
Netherlands,1810,0.079,NA
Netherlands,1813,0.043,NA
Netherlands,1814,0.043,NA
Netherlands,1815,0.091,NA
Netherlands,1816,0.098,NA
Netherlands,1817,0.098,NA
Netherlands,1818,0.098,NA
Netherlands,1819,0.098,NA
Netherlands,1820,0.098,NA
Netherlands,1821,0.098,NA
Netherlands,1822,0.098,NA
Netherlands,1823,0.098,NA
Netherlands,1824,0.098,NA
Netherlands,1825,0.098,NA
Netherlands,1826,0.098,NA
Netherlands,1827,0.098,NA
Netherlands,1828,0.098,NA
Netherlands,1829,0.098,NA
Netherlands,1830,0.102,NA
Netherlands,1831,0.109,NA
Netherlands,1832,0.109,NA
Netherlands,1833,0.109,NA
Netherlands,1834,0.109,NA
Netherlands,1835,0.109,NA
Netherlands,1836,0.109,NA
Netherlands,1837,0.109,NA
Netherlands,1838,0.109,NA
Netherlands,1839,0.109,NA
Netherlands,1840,0.109,NA
Netherlands,1841,0.109,NA
Netherlands,1842,0.109,NA
Netherlands,1843,0.109,NA
Netherlands,1844,0.109,NA
Netherlands,1845,0.109,NA
Netherlands,1846,0.109,NA
Netherlands,1847,0.109,NA
Netherlands,1848,0.181,NA
Netherlands,1849,0.37,NA
Netherlands,1850,0.37,NA
Netherlands,1851,0.371,NA
Netherlands,1852,0.37,NA
Netherlands,1853,0.37,NA
Netherlands,1854,0.37,NA
Netherlands,1855,0.37,NA
Netherlands,1856,0.37,NA
Netherlands,1857,0.37,NA
Netherlands,1858,0.371,NA
Netherlands,1859,0.372,NA
Netherlands,1860,0.373,NA
Netherlands,1861,0.372,NA
Netherlands,1862,0.373,NA
Netherlands,1863,0.374,NA
Netherlands,1864,0.373,NA
Netherlands,1865,0.372,NA
Netherlands,1866,0.374,NA
Netherlands,1867,0.375,NA
Netherlands,1868,0.374,NA
Netherlands,1869,0.373,NA
Netherlands,1870,0.373,NA
Netherlands,1871,0.373,NA
Netherlands,1872,0.373,NA
Netherlands,1873,0.373,NA
Netherlands,1874,0.376,NA
Netherlands,1875,0.376,NA
Netherlands,1876,0.377,NA
Netherlands,1877,0.376,NA
Netherlands,1878,0.376,NA
Netherlands,1879,0.376,NA
Netherlands,1880,0.377,NA
Netherlands,1881,0.376,NA
Netherlands,1882,0.376,NA
Netherlands,1883,0.376,NA
Netherlands,1884,0.376,NA
Netherlands,1885,0.376,NA
Netherlands,1886,0.38,NA
Netherlands,1887,0.38,NA
Netherlands,1888,0.41,NA
Netherlands,1889,0.41,NA
Netherlands,1890,0.41,NA
Netherlands,1891,0.41,NA
Netherlands,1892,0.409,NA
Netherlands,1893,0.409,NA
Netherlands,1894,0.411,NA
Netherlands,1895,0.411,NA
Netherlands,1896,0.447,NA
Netherlands,1897,0.447,NA
Netherlands,1898,0.447,NA
Netherlands,1899,0.447,NA
Netherlands,1900,0.464,-0.76
Netherlands,1901,0.455,-0.76
Netherlands,1902,0.448,-0.76
Netherlands,1903,0.448,-0.76
Netherlands,1904,0.448,-0.76
Netherlands,1905,0.448,-0.76
Netherlands,1906,0.448,-0.76
Netherlands,1907,0.448,-0.76
Netherlands,1908,0.448,-0.76
Netherlands,1909,0.449,-0.76
Netherlands,1910,0.465,-0.76
Netherlands,1911,0.465,-0.76
Netherlands,1912,0.465,-0.76
Netherlands,1913,0.462,-0.76
Netherlands,1914,0.461,-1.026
Netherlands,1915,0.461,-1.026
Netherlands,1916,0.461,-1.026
Netherlands,1917,0.472,-1.026
Netherlands,1918,0.531,-0.76
Netherlands,1919,0.544,-0.76
Netherlands,1920,0.722,-0.76
Netherlands,1921,0.722,-0.76
Netherlands,1922,0.729,-0.76
Netherlands,1923,0.735,-0.76
Netherlands,1924,0.735,-0.76
Netherlands,1925,0.735,-0.76
Netherlands,1926,0.734,-0.76
Netherlands,1927,0.734,-0.76
Netherlands,1928,0.734,-0.76
Netherlands,1929,0.736,-0.76
Netherlands,1930,0.737,-0.76
Netherlands,1931,0.737,-0.76
Netherlands,1932,0.737,-0.76
Netherlands,1933,0.736,-0.76
Netherlands,1934,0.736,-0.76
Netherlands,1935,0.736,-0.76
Netherlands,1936,0.731,-0.76
Netherlands,1937,0.732,-0.76
Netherlands,1938,0.732,-0.76
Netherlands,1939,0.732,-0.76
Netherlands,1940,0.219,-0.568
Netherlands,1941,0.147,-0.568
Netherlands,1942,0.146,-0.568
Netherlands,1943,0.146,-0.568
Netherlands,1944,0.143,-0.568
Netherlands,1945,0.188,-0.568
Netherlands,1946,0.524,-1.394
Netherlands,1947,0.758,-1.394
Netherlands,1948,0.767,-1.394
Netherlands,1949,0.778,-1.394
Netherlands,1950,0.778,-1.394
Netherlands,1951,0.778,-1.394
Netherlands,1952,0.771,-1.394
Netherlands,1953,0.764,-1.394
Netherlands,1954,0.764,-1.394
Netherlands,1955,0.758,-1.394
Netherlands,1956,0.779,-1.394
Netherlands,1957,0.786,-1.394
Netherlands,1958,0.786,-1.394
Netherlands,1959,0.787,-1.394
Netherlands,1960,0.796,-0.621
Netherlands,1961,0.796,-0.621
Netherlands,1962,0.796,-0.621
Netherlands,1963,0.793,-0.621
Netherlands,1964,0.791,-1.372
Netherlands,1965,0.791,-1.372
Netherlands,1966,0.818,-1.372
Netherlands,1967,0.822,-1.372
Netherlands,1968,0.826,-1.139
Netherlands,1969,0.837,-1.139
Netherlands,1970,0.84,-1.139
Netherlands,1971,0.841,-1.139
Netherlands,1972,0.845,-1.139
Netherlands,1973,0.844,-1.139
Netherlands,1974,0.844,-1.139
Netherlands,1975,0.844,-1.139
Netherlands,1976,0.844,-1.139
Netherlands,1977,0.843,-1.139
Netherlands,1978,0.847,-1.139
Netherlands,1979,0.855,-1.139
Netherlands,1980,0.86,-2.081
Netherlands,1981,0.862,-2.081
Netherlands,1982,0.862,-2.081
Netherlands,1983,0.861,-2.081
Netherlands,1984,0.861,-2.081
Netherlands,1985,0.861,-2.081
Netherlands,1986,0.86,-2.081
Netherlands,1987,0.86,-2.081
Netherlands,1988,0.86,-2.081
Netherlands,1989,0.861,-2.081
Netherlands,1990,0.862,-2.322
Netherlands,1991,0.862,-2.322
Netherlands,1992,0.862,-2.322
Netherlands,1993,0.862,-2.322
Netherlands,1994,0.861,-2.322
Netherlands,1995,0.861,-2.322
Netherlands,1996,0.861,-2.322
Netherlands,1997,0.854,-2.322
Netherlands,1998,0.847,-2.322
Netherlands,1999,0.866,-1.929
Netherlands,2000,0.856,-2.306
Netherlands,2001,0.856,-2.306
Netherlands,2002,0.851,-1.151
Netherlands,2003,0.86,-1.151
Netherlands,2004,0.86,-1.26
Netherlands,2005,0.86,-1.26
Netherlands,2006,0.865,-1.26
Netherlands,2007,0.872,-1.26
Netherlands,2008,0.872,-1.26
Netherlands,2009,0.872,-1.26
Netherlands,2010,0.874,-1.26
Netherlands,2011,0.874,-1.26
Netherlands,2012,0.872,-1.26
Netherlands,2013,0.878,-1.26
Netherlands,2014,0.879,-1.26
Netherlands,2015,0.879,-1.26
Netherlands,2016,0.879,-1.26
Netherlands,2017,0.878,-1.26
Netherlands,2018,0.876,-1.035
Netherlands,2019,0.866,-1.035
Netherlands,2020,0.864,-1.153
Netherlands,2021,0.864,-0.785
Netherlands,2022,0.852,-0.654
Netherlands,2023,0.847,-0.091
Netherlands,2024,0.823,-0.091
Netherlands,2025,0.832,-0.091
Panama,1903,0.175,-0.754
Panama,1904,0.291,-0.754
Panama,1905,0.301,-0.754
Panama,1906,0.297,-0.754
Panama,1907,0.292,-0.754
Panama,1908,0.294,-0.754
Panama,1909,0.296,-0.754
Panama,1910,0.298,-0.754
Panama,1911,0.3,-0.754
Panama,1912,0.296,-0.754
Panama,1913,0.292,-0.754
Panama,1914,0.296,-1.137
Panama,1915,0.299,-1.137
Panama,1916,0.298,-1.137
Panama,1917,0.297,-1.137
Panama,1918,0.298,-1.137
Panama,1919,0.298,-1.137
Panama,1920,0.3,-1.137
Panama,1921,0.302,-1.137
Panama,1922,0.302,-1.137
Panama,1923,0.302,-1.137
Panama,1924,0.302,-1.137
Panama,1925,0.303,-1.137
Panama,1926,0.303,-1.137
Panama,1927,0.303,-1.137
Panama,1928,0.314,-1.137
Panama,1929,0.318,-1.137
Panama,1930,0.316,-0.61
Panama,1931,0.31,-0.61
Panama,1932,0.306,-0.61
Panama,1933,0.299,-0.61
Panama,1934,0.299,-0.61
Panama,1935,0.299,-0.61
Panama,1936,0.309,-0.61
Panama,1937,0.313,-0.61
Panama,1938,0.313,-0.61
Panama,1939,0.313,-0.61
Panama,1940,0.315,-0.078
Panama,1941,0.308,-0.458
Panama,1942,0.31,-1.017
Panama,1943,0.31,-1.017
Panama,1944,0.31,-0.857
Panama,1945,0.308,-0.857
Panama,1946,0.215,-0.857
Panama,1947,0.236,-0.857
Panama,1948,0.306,-0.857
Panama,1949,0.324,-0.857
Panama,1950,0.326,-0.857
Panama,1951,0.255,-0.857
Panama,1952,0.259,-0.857
Panama,1953,0.364,-0.857
Panama,1954,0.364,-0.857
Panama,1955,0.364,-0.857
Panama,1956,0.371,-0.857
Panama,1957,0.372,-0.857
Panama,1958,0.372,-0.857
Panama,1959,0.372,-0.857
Panama,1960,0.388,-0.857
Panama,1961,0.394,-0.857
Panama,1962,0.394,-0.857
Panama,1963,0.394,-0.857
Panama,1964,0.341,-0.857
Panama,1965,0.326,-0.374
Panama,1966,0.325,-0.374
Panama,1967,0.323,-0.374
Panama,1968,0.208,0.386
Panama,1969,0.091,0.468
Panama,1970,0.09,0.288
Panama,1971,0.09,0.288
Panama,1972,0.095,0.288
Panama,1973,0.102,0.288
Panama,1974,0.102,0.288
Panama,1975,0.102,0.288
Panama,1976,0.102,0.288
Panama,1977,0.102,0.288
Panama,1978,0.104,0.288
Panama,1979,0.122,0.288
Panama,1980,0.135,0.288
Panama,1981,0.126,0.728
Panama,1982,0.123,0.728
Panama,1983,0.123,0.491
Panama,1984,0.133,0.491
Panama,1985,0.132,0.721
Panama,1986,0.132,0.721
Panama,1987,0.132,1.326
Panama,1988,0.132,1.326
Panama,1989,0.146,0.916
Panama,1990,0.476,-0.803
Panama,1991,0.684,-0.991
Panama,1992,0.7,-0.991
Panama,1993,0.704,-0.991
Panama,1994,0.707,-0.991
Panama,1995,0.711,-0.991
Panama,1996,0.711,-0.991
Panama,1997,0.711,-0.991
Panama,1998,0.699,-0.991
Panama,1999,0.698,-0.873
Panama,2000,0.73,-0.873
Panama,2001,0.738,-0.873
Panama,2002,0.738,-0.873
Panama,2003,0.738,-0.873
Panama,2004,0.737,-0.948
Panama,2005,0.736,-0.948
Panama,2006,0.736,-0.948
Panama,2007,0.736,-0.948
Panama,2008,0.736,-0.948
Panama,2009,0.739,-0.853
Panama,2010,0.746,-0.853
Panama,2011,0.746,-0.853
Panama,2012,0.746,-0.853
Panama,2013,0.748,-0.853
Panama,2014,0.744,-0.853
Panama,2015,0.755,-0.853
Panama,2016,0.753,-0.853
Panama,2017,0.736,-0.853
Panama,2018,0.732,-0.623
Panama,2019,0.731,-0.961
Panama,2020,0.721,-0.961
Panama,2021,0.735,-0.961
Panama,2022,0.725,-0.961
Panama,2023,0.722,-0.835
Panama,2024,0.728,-1.13
Panama,2025,0.728,-1.13
Papua New Guinea,1900,0.086,-3.095
Papua New Guinea,1901,0.086,-3.095
Papua New Guinea,1902,0.086,-3.095
Papua New Guinea,1903,0.086,-3.095
Papua New Guinea,1904,0.086,-3.095
Papua New Guinea,1905,0.086,-3.095
Papua New Guinea,1906,0.086,-3.095
Papua New Guinea,1907,0.086,-3.095
Papua New Guinea,1908,0.086,-3.095
Papua New Guinea,1909,0.086,-3.095
Papua New Guinea,1910,0.086,-3.095
Papua New Guinea,1911,0.086,-3.095
Papua New Guinea,1912,0.086,-3.095
Papua New Guinea,1913,0.086,-3.095
Papua New Guinea,1914,0.086,-3.095
Papua New Guinea,1915,0.083,-3.095
Papua New Guinea,1916,0.083,-3.095
Papua New Guinea,1917,0.083,-3.095
Papua New Guinea,1918,0.083,-3.095
Papua New Guinea,1919,0.083,-3.095
Papua New Guinea,1920,0.083,-3.095
Papua New Guinea,1921,0.083,-3.095
Papua New Guinea,1922,0.083,-3.095
Papua New Guinea,1923,0.083,-3.095
Papua New Guinea,1924,0.083,-3.095
Papua New Guinea,1925,0.083,-3.095
Papua New Guinea,1926,0.083,-3.095
Papua New Guinea,1927,0.083,-3.095
Papua New Guinea,1928,0.083,-3.095
Papua New Guinea,1929,0.083,-3.095
Papua New Guinea,1930,0.083,-3.095
Papua New Guinea,1931,0.083,-3.095
Papua New Guinea,1932,0.083,-3.095
Papua New Guinea,1933,0.083,-3.095
Papua New Guinea,1934,0.083,-3.095
Papua New Guinea,1935,0.083,-3.095
Papua New Guinea,1936,0.083,-3.095
Papua New Guinea,1937,0.083,-3.095
Papua New Guinea,1938,0.083,-3.095
Papua New Guinea,1939,0.083,-3.095
Papua New Guinea,1940,0.083,-3.095
Papua New Guinea,1941,0.083,-3.095
Papua New Guinea,1942,0.083,-3.095
Papua New Guinea,1943,0.083,-3.095
Papua New Guinea,1944,0.083,-3.095
Papua New Guinea,1945,0.083,-3.095
Papua New Guinea,1946,0.108,-3.095
Papua New Guinea,1947,0.108,-3.095
Papua New Guinea,1948,0.108,-3.095
Papua New Guinea,1949,0.108,-3.095
Papua New Guinea,1950,0.11,-3.095
Papua New Guinea,1951,0.19,-3.095
Papua New Guinea,1952,0.19,-3.095
Papua New Guinea,1953,0.19,-3.095
Papua New Guinea,1954,0.19,-3.095
Papua New Guinea,1955,0.19,-3.095
Papua New Guinea,1956,0.19,-3.095
Papua New Guinea,1957,0.19,-3.095
Papua New Guinea,1958,0.19,-3.095
Papua New Guinea,1959,0.19,-3.095
Papua New Guinea,1960,0.233,-3.095
Papua New Guinea,1961,0.239,-3.095
Papua New Guinea,1962,0.24,-3.095
Papua New Guinea,1963,0.24,-3.095
Papua New Guinea,1964,0.292,-3.095
Papua New Guinea,1965,0.291,-3.095
Papua New Guinea,1966,0.291,-3.095
Papua New Guinea,1967,0.291,-3.095
Papua New Guinea,1968,0.292,-3.095
Papua New Guinea,1969,0.292,-3.095
Papua New Guinea,1970,0.309,-2.679
Papua New Guinea,1971,0.309,-2.679
Papua New Guinea,1972,0.317,-2.679
Papua New Guinea,1973,0.531,-2.679
Papua New Guinea,1974,0.531,-2.679
Papua New Guinea,1975,0.591,-2.271
Papua New Guinea,1976,0.591,-0.895
Papua New Guinea,1977,0.584,-0.895
Papua New Guinea,1978,0.579,-0.895
Papua New Guinea,1979,0.579,-0.895
Papua New Guinea,1980,0.572,-0.895
Papua New Guinea,1981,0.572,-0.895
Papua New Guinea,1982,0.573,-0.895
Papua New Guinea,1983,0.573,-0.895
Papua New Guinea,1984,0.573,-0.895
Papua New Guinea,1985,0.573,-0.895
Papua New Guinea,1986,0.573,-0.895
Papua New Guinea,1987,0.563,-0.895
Papua New Guinea,1988,0.555,-0.895
Papua New Guinea,1989,0.554,-0.895
Papua New Guinea,1990,0.554,-0.895
Papua New Guinea,1991,0.554,-0.895
Papua New Guinea,1992,0.545,-0.895
Papua New Guinea,1993,0.537,-0.895
Papua New Guinea,1994,0.537,-0.895
Papua New Guinea,1995,0.537,-0.895
Papua New Guinea,1996,0.537,-0.895
Papua New Guinea,1997,0.538,-0.895
Papua New Guinea,1998,0.538,-0.895
Papua New Guinea,1999,0.538,-0.895
Papua New Guinea,2000,0.538,-2.085
Papua New Guinea,2001,0.538,-2.085
Papua New Guinea,2002,0.54,-2.085
Papua New Guinea,2003,0.541,-2.085
Papua New Guinea,2004,0.537,-2.085
Papua New Guinea,2005,0.537,-2.085
Papua New Guinea,2006,0.544,-2.085
Papua New Guinea,2007,0.511,-2.085
Papua New Guinea,2008,0.478,-2.085
Papua New Guinea,2009,0.478,-2.085
Papua New Guinea,2010,0.475,-1.658
Papua New Guinea,2011,0.472,-1.462
Papua New Guinea,2012,0.46,-1.462
Papua New Guinea,2013,0.448,-1.66
Papua New Guinea,2014,0.447,-1.66
Papua New Guinea,2015,0.444,-1.66
Papua New Guinea,2016,0.445,-1.442
Papua New Guinea,2017,0.447,-1.442
Papua New Guinea,2018,0.457,-1.663
Papua New Guinea,2019,0.462,-1.066
Papua New Guinea,2020,0.455,-1.066
Papua New Guinea,2021,0.455,-1.066
Papua New Guinea,2022,0.467,-1.066
Papua New Guinea,2023,0.466,-1.066
Papua New Guinea,2024,0.462,-1.066
Papua New Guinea,2025,0.467,-0.884
Qatar,1900,0.011,-1.616
Qatar,1901,0.011,-1.616
Qatar,1902,0.011,-1.616
Qatar,1903,0.011,-1.616
Qatar,1904,0.011,-1.616
Qatar,1905,0.011,-1.616
Qatar,1906,0.011,-1.616
Qatar,1907,0.011,-1.616
Qatar,1908,0.011,-1.616
Qatar,1909,0.011,-1.616
Qatar,1910,0.011,-1.72
Qatar,1911,0.011,-1.72
Qatar,1912,0.011,-1.72
Qatar,1913,0.011,-1.463
Qatar,1914,0.011,-1.463
Qatar,1915,0.011,-1.463
Qatar,1916,0.011,-1.463
Qatar,1917,0.011,-1.463
Qatar,1918,0.013,-1.463
Qatar,1919,0.013,-1.463
Qatar,1920,0.013,-1.463
Qatar,1921,0.013,-1.463
Qatar,1922,0.013,-1.463
Qatar,1923,0.013,-1.463
Qatar,1924,0.013,-1.463
Qatar,1925,0.013,-1.463
Qatar,1926,0.013,-1.463
Qatar,1927,0.013,-1.463
Qatar,1928,0.013,-1.463
Qatar,1929,0.013,-1.463
Qatar,1930,0.013,-1.724
Qatar,1931,0.013,-1.724
Qatar,1932,0.013,-1.724
Qatar,1933,0.013,-1.724
Qatar,1934,0.013,-1.724
Qatar,1935,0.013,-1.724
Qatar,1936,0.013,-1.724
Qatar,1937,0.013,-1.724
Qatar,1938,0.013,-1.724
Qatar,1939,0.013,-1.724
Qatar,1940,0.012,-1.724
Qatar,1941,0.012,-1.519
Qatar,1942,0.012,-1.519
Qatar,1943,0.012,-1.519
Qatar,1944,0.012,-1.519
Qatar,1945,0.012,-1.727
Qatar,1946,0.012,-1.727
Qatar,1947,0.012,-1.727
Qatar,1948,0.012,-1.285
Qatar,1949,0.012,-1.285
Qatar,1950,0.013,-1.606
Qatar,1951,0.013,-1.606
Qatar,1952,0.013,-1.606
Qatar,1953,0.013,-1.606
Qatar,1954,0.013,-1.606
Qatar,1955,0.013,-1.606
Qatar,1956,0.013,-1.606
Qatar,1957,0.013,-1.606
Qatar,1958,0.013,-1.378
Qatar,1959,0.013,-1.378
Qatar,1960,0.013,-1.44
Qatar,1961,0.013,-1.589
Qatar,1962,0.013,-1.589
Qatar,1963,0.013,-1.589
Qatar,1964,0.013,-1.589
Qatar,1965,0.013,-1.589
Qatar,1966,0.013,-1.589
Qatar,1967,0.013,-1.589
Qatar,1968,0.013,-1.589
Qatar,1969,0.013,-1.589
Qatar,1970,0.016,-1.994
Qatar,1971,0.016,-1.489
Qatar,1972,0.017,-1.489
Qatar,1973,0.017,-2.01
Qatar,1974,0.017,-2.01
Qatar,1975,0.017,-2.01
Qatar,1976,0.017,-2.01
Qatar,1977,0.017,-2.01
Qatar,1978,0.017,-2.01
Qatar,1979,0.016,-2.01
Qatar,1980,0.016,-2.01
Qatar,1981,0.016,-2.01
Qatar,1982,0.016,-2.01
Qatar,1983,0.016,-2.01
Qatar,1984,0.016,-2.01
Qatar,1985,0.016,-2.01
Qatar,1986,0.016,-2.01
Qatar,1987,0.016,-2.01
Qatar,1988,0.016,-2.01
Qatar,1989,0.016,-2.01
Qatar,1990,0.016,-1.933
Qatar,1991,0.016,-1.933
Qatar,1992,0.016,-1.933
Qatar,1993,0.016,-1.933
Qatar,1994,0.017,-1.933
Qatar,1995,0.017,-1.693
Qatar,1996,0.018,-2.365
Qatar,1997,0.018,-2.365
Qatar,1998,0.017,-2.365
Qatar,1999,0.017,-2.365
Qatar,2000,0.019,-2.365
Qatar,2001,0.019,-2.365
Qatar,2002,0.019,-2.501
Qatar,2003,0.041,-2.501
Qatar,2004,0.041,-2.501
Qatar,2005,0.041,-2.501
Qatar,2006,0.041,-2.501
Qatar,2007,0.041,-2.501
Qatar,2008,0.041,-2.501
Qatar,2009,0.041,-2.501
Qatar,2010,0.041,-2.501
Qatar,2011,0.041,-2.501
Qatar,2012,0.042,-2.501
Qatar,2013,0.042,-2.501
Qatar,2014,0.042,-2.374
Qatar,2015,0.041,-2.374
Qatar,2016,0.04,-2.374
Qatar,2017,0.041,-2.374
Qatar,2018,0.042,-2.374
Qatar,2019,0.04,-2.374
Qatar,2020,0.038,-2.374
Qatar,2021,0.089,-2.078
Qatar,2022,0.086,-2.078
Qatar,2023,0.087,-2.078
Qatar,2024,0.087,-1.937
Qatar,2025,0.034,-1.937
Sierra Leone,1900,0.074,-0.724
Sierra Leone,1901,0.074,-0.724
Sierra Leone,1902,0.074,-0.724
Sierra Leone,1903,0.074,-0.724
Sierra Leone,1904,0.074,-0.724
Sierra Leone,1905,0.074,-0.724
Sierra Leone,1906,0.074,-0.724
Sierra Leone,1907,0.074,-0.724
Sierra Leone,1908,0.074,-0.724
Sierra Leone,1909,0.074,-0.724
Sierra Leone,1910,0.074,-0.724
Sierra Leone,1911,0.074,-0.724
Sierra Leone,1912,0.074,-0.724
Sierra Leone,1913,0.074,-0.724
Sierra Leone,1914,0.074,-0.724
Sierra Leone,1915,0.074,-0.724
Sierra Leone,1916,0.074,-0.724
Sierra Leone,1917,0.074,-0.724
Sierra Leone,1918,0.074,-0.724
Sierra Leone,1919,0.074,-0.724
Sierra Leone,1920,0.074,-0.724
Sierra Leone,1921,0.074,-0.724
Sierra Leone,1922,0.074,-0.724
Sierra Leone,1923,0.074,-0.724
Sierra Leone,1924,0.074,-0.724
Sierra Leone,1925,0.077,-0.724
Sierra Leone,1926,0.077,-0.724
Sierra Leone,1927,0.077,-0.724
Sierra Leone,1928,0.077,-0.724
Sierra Leone,1929,0.077,-0.724
Sierra Leone,1930,0.077,-0.724
Sierra Leone,1931,0.077,-0.724
Sierra Leone,1932,0.077,-0.724
Sierra Leone,1933,0.077,-0.724
Sierra Leone,1934,0.077,-0.724
Sierra Leone,1935,0.077,-0.724
Sierra Leone,1936,0.077,-0.724
Sierra Leone,1937,0.077,-0.724
Sierra Leone,1938,0.077,-0.724
Sierra Leone,1939,0.077,-0.724
Sierra Leone,1940,0.077,-0.724
Sierra Leone,1941,0.077,-0.724
Sierra Leone,1942,0.077,-0.724
Sierra Leone,1943,0.077,-0.724
Sierra Leone,1944,0.077,-0.724
Sierra Leone,1945,0.077,-0.724
Sierra Leone,1946,0.077,-0.724
Sierra Leone,1947,0.077,-0.724
Sierra Leone,1948,0.079,-0.724
Sierra Leone,1949,0.079,-0.724
Sierra Leone,1950,0.079,-0.724
Sierra Leone,1951,0.132,-0.724
Sierra Leone,1952,0.155,-0.378
Sierra Leone,1953,0.159,-0.378
Sierra Leone,1954,0.159,-0.378
Sierra Leone,1955,0.162,-0.378
Sierra Leone,1956,0.162,-0.378
Sierra Leone,1957,0.167,-0.378
Sierra Leone,1958,0.226,-0.378
Sierra Leone,1959,0.226,-0.378
Sierra Leone,1960,0.238,-0.378
Sierra Leone,1961,0.246,-0.378
Sierra Leone,1962,0.363,-0.135
Sierra Leone,1963,0.363,-0.135
Sierra Leone,1964,0.369,-0.135
Sierra Leone,1965,0.366,-0.135
Sierra Leone,1966,0.366,-0.135
Sierra Leone,1967,0.239,-0.135
Sierra Leone,1968,0.169,0.246
Sierra Leone,1969,0.161,0.246
Sierra Leone,1970,0.161,0.246
Sierra Leone,1971,0.197,0.246
Sierra Leone,1972,0.206,0.246
Sierra Leone,1973,0.225,0.246
Sierra Leone,1974,0.234,0.246
Sierra Leone,1975,0.234,0.246
Sierra Leone,1976,0.234,0.246
Sierra Leone,1977,0.224,0.246
Sierra Leone,1978,0.196,0.246
Sierra Leone,1979,0.19,0.246
Sierra Leone,1980,0.187,0.246
Sierra Leone,1981,0.18,0.246
Sierra Leone,1982,0.182,0.246
Sierra Leone,1983,0.182,0.246
Sierra Leone,1984,0.182,0.246
Sierra Leone,1985,0.184,0.246
Sierra Leone,1986,0.195,0.246
Sierra Leone,1987,0.195,0.246
Sierra Leone,1988,0.195,0.246
Sierra Leone,1989,0.196,0.246
Sierra Leone,1990,0.196,0.246
Sierra Leone,1991,0.197,0.788
Sierra Leone,1992,0.165,0.788
Sierra Leone,1993,0.145,1.247
Sierra Leone,1994,0.153,1.247
Sierra Leone,1995,0.159,1.247
Sierra Leone,1996,0.281,1.588
Sierra Leone,1997,0.292,1.588
Sierra Leone,1998,0.22,1.588
Sierra Leone,1999,0.23,1.588
Sierra Leone,2000,0.232,1.588
Sierra Leone,2001,0.232,1.588
Sierra Leone,2002,0.43,0.823
Sierra Leone,2003,0.56,0.219
Sierra Leone,2004,0.557,0.219
Sierra Leone,2005,0.557,0.219
Sierra Leone,2006,0.557,0.219
Sierra Leone,2007,0.539,0.219
Sierra Leone,2008,0.517,0.219
Sierra Leone,2009,0.514,0.219
Sierra Leone,2010,0.514,0.219
Sierra Leone,2011,0.514,0.219
Sierra Leone,2012,0.508,0.219
Sierra Leone,2013,0.514,0.219
Sierra Leone,2014,0.514,0.219
Sierra Leone,2015,0.514,0.219
Sierra Leone,2016,0.514,0.219
Sierra Leone,2017,0.52,0.219
Sierra Leone,2018,0.548,0.219
Sierra Leone,2019,0.554,0.219
Sierra Leone,2020,0.561,0.143
Sierra Leone,2021,0.562,-0.175
Sierra Leone,2022,0.57,0.84
Sierra Leone,2023,0.512,0.639
Sierra Leone,2024,0.471,0.639
Sierra Leone,2025,0.471,0.639
Spain,1789,0.019,NA
Spain,1790,0.019,NA
Spain,1791,0.019,NA
Spain,1792,0.019,NA
Spain,1793,0.019,NA
Spain,1794,0.019,NA
Spain,1795,0.019,NA
Spain,1796,0.019,NA
Spain,1797,0.019,NA
Spain,1798,0.019,NA
Spain,1799,0.019,NA
Spain,1800,0.019,NA
Spain,1801,0.019,NA
Spain,1802,0.019,NA
Spain,1803,0.019,NA
Spain,1804,0.019,NA
Spain,1805,0.019,NA
Spain,1806,0.019,NA
Spain,1807,0.019,NA
Spain,1808,0.057,NA
Spain,1809,0.069,NA
Spain,1810,0.069,NA
Spain,1811,0.069,NA
Spain,1812,0.1,NA
Spain,1813,0.121,NA
Spain,1814,0.079,NA
Spain,1815,0.033,NA
Spain,1816,0.033,NA
Spain,1817,0.033,NA
Spain,1818,0.033,NA
Spain,1819,0.033,NA
Spain,1820,0.166,NA
Spain,1821,0.18,NA
Spain,1822,0.18,NA
Spain,1823,0.158,NA
Spain,1824,0.038,NA
Spain,1825,0.038,NA
Spain,1826,0.038,NA
Spain,1827,0.038,NA
Spain,1828,0.038,NA
Spain,1829,0.038,NA
Spain,1830,0.038,NA
Spain,1831,0.038,NA
Spain,1832,0.038,NA
Spain,1833,0.039,NA
Spain,1834,0.063,NA
Spain,1835,0.063,NA
Spain,1836,0.144,NA
Spain,1837,0.155,NA
Spain,1838,0.16,NA
Spain,1839,0.16,NA
Spain,1840,0.177,NA
Spain,1841,0.13,NA
Spain,1842,0.13,NA
Spain,1843,0.129,NA
Spain,1844,0.129,NA
Spain,1845,0.129,NA
Spain,1846,0.125,NA
Spain,1847,0.126,NA
Spain,1848,0.119,NA
Spain,1849,0.119,NA
Spain,1850,0.119,NA
Spain,1851,0.119,NA
Spain,1852,0.119,NA
Spain,1853,0.119,NA
Spain,1854,0.135,NA
Spain,1855,0.144,NA
Spain,1856,0.144,NA
Spain,1857,0.124,NA
Spain,1858,0.127,NA
Spain,1859,0.13,NA
Spain,1860,0.13,NA
Spain,1861,0.13,NA
Spain,1862,0.13,NA
Spain,1863,0.13,NA
Spain,1864,0.129,NA
Spain,1865,0.131,NA
Spain,1866,0.129,NA
Spain,1867,0.125,NA
Spain,1868,0.148,NA
Spain,1869,0.268,NA
Spain,1870,0.268,NA
Spain,1871,0.268,NA
Spain,1872,0.268,NA
Spain,1873,0.268,NA
Spain,1874,0.191,NA
Spain,1875,0.161,NA
Spain,1876,0.162,NA
Spain,1877,0.162,NA
Spain,1878,0.162,NA
Spain,1879,0.137,NA
Spain,1880,0.141,NA
Spain,1881,0.146,NA
Spain,1882,0.159,NA
Spain,1883,0.159,NA
Spain,1884,0.158,NA
Spain,1885,0.158,NA
Spain,1886,0.159,NA
Spain,1887,0.159,NA
Spain,1888,0.159,NA
Spain,1889,0.159,NA
Spain,1890,0.159,NA
Spain,1891,0.186,NA
Spain,1892,0.186,NA
Spain,1893,0.186,NA
Spain,1894,0.184,NA
Spain,1895,0.184,NA
Spain,1896,0.185,NA
Spain,1897,0.185,NA
Spain,1898,0.184,NA
Spain,1899,0.184,NA
Spain,1900,0.185,0.924
Spain,1901,0.183,0.924
Spain,1902,0.181,0.924
Spain,1903,0.182,0.924
Spain,1904,0.182,0.924
Spain,1905,0.183,0.924
Spain,1906,0.184,0.924
Spain,1907,0.183,1.049
Spain,1908,0.182,1.049
Spain,1909,0.182,1.049
Spain,1910,0.181,1.049
Spain,1911,0.18,1.049
Spain,1912,0.18,1.049
Spain,1913,0.18,1.049
Spain,1914,0.179,1.049
Spain,1915,0.179,1.049
Spain,1916,0.179,1.049
Spain,1917,0.179,1.049
Spain,1918,0.178,1.049
Spain,1919,0.179,1.049
Spain,1920,0.179,0.99
Spain,1921,0.18,0.99
Spain,1922,0.176,0.99
Spain,1923,0.093,1.143
Spain,1924,0.061,1.143
Spain,1925,0.061,1.143
Spain,1926,0.061,1.143
Spain,1927,0.061,1.143
Spain,1928,0.061,1.143
Spain,1929,0.061,1.143
Spain,1930,0.063,1.471
Spain,1931,0.274,1.386
Spain,1932,0.559,1.386
Spain,1933,0.558,1.386
Spain,1934,0.551,1.904
Spain,1935,0.551,1.904
Spain,1936,0.497,3.355
Spain,1937,0.358,3.355
Spain,1938,0.343,3.355
Spain,1939,0.171,3.355
Spain,1940,0.07,2.518
Spain,1941,0.069,2.518
Spain,1942,0.069,2.518
Spain,1943,0.069,2.518
Spain,1944,0.069,2.518
Spain,1945,0.069,2.518
Spain,1946,0.069,2.518
Spain,1947,0.069,2.518
Spain,1948,0.069,2.518
Spain,1949,0.069,2.518
Spain,1950,0.069,2.518
Spain,1951,0.069,2.163
Spain,1952,0.069,2.163
Spain,1953,0.069,2.163
Spain,1954,0.069,2.163
Spain,1955,0.069,2.163
Spain,1956,0.069,2.163
Spain,1957,0.069,2.163
Spain,1958,0.069,2.163
Spain,1959,0.07,2.163
Spain,1960,0.07,2.163
Spain,1961,0.07,2.163
Spain,1962,0.07,2.163
Spain,1963,0.072,2.163
Spain,1964,0.072,2.163
Spain,1965,0.072,2.163
Spain,1966,0.077,2.163
Spain,1967,0.086,2.163
Spain,1968,0.104,2.163
Spain,1969,0.104,2.163
Spain,1970,0.104,1.663
Spain,1971,0.106,1.663
Spain,1972,0.112,1.663
Spain,1973,0.112,1.501
Spain,1974,0.113,1.342
Spain,1975,0.118,0.872
Spain,1976,0.145,0.285
Spain,1977,0.403,-0.095
Spain,1978,0.766,-0.095
Spain,1979,0.859,-0.095
Spain,1980,0.867,-1.722
Spain,1981,0.867,-1.722
Spain,1982,0.881,-1.722
Spain,1983,0.889,-1.946
Spain,1984,0.889,-1.946
Spain,1985,0.889,-1.946
Spain,1986,0.89,-1.946
Spain,1987,0.891,-1.946
Spain,1988,0.891,-1.946
Spain,1989,0.891,-1.946
Spain,1990,0.892,-1.946
Spain,1991,0.892,-1.946
Spain,1992,0.892,-1.946
Spain,1993,0.892,-1.946
Spain,1994,0.892,-1.754
Spain,1995,0.892,-1.754
Spain,1996,0.893,-1.754
Spain,1997,0.894,-1.754
Spain,1998,0.894,-1.754
Spain,1999,0.894,-1.754
Spain,2000,0.893,-1.754
Spain,2001,0.893,-1.754
Spain,2002,0.893,-1.754
Spain,2003,0.875,-1.754
Spain,2004,0.875,-1.754
Spain,2005,0.879,-1.754
Spain,2006,0.879,-1.754
Spain,2007,0.876,-1.754
Spain,2008,0.886,-1.683
Spain,2009,0.888,-1.472
Spain,2010,0.892,-1.258
Spain,2011,0.893,-1.258
Spain,2012,0.889,-0.653
Spain,2013,0.875,-0.653
Spain,2014,0.871,-0.653
Spain,2015,0.856,-0.579
Spain,2016,0.847,-0.579
Spain,2017,0.835,-0.579
Spain,2018,0.851,-0.579
Spain,2019,0.871,-0.579
Spain,2020,0.874,-0.386
Spain,2021,0.85,-0.011
Spain,2022,0.867,-0.011
Spain,2023,0.846,0.178
Spain,2024,0.826,0.178
Spain,2025,0.822,-0.092
Syria,1918,0.128,1.055
Syria,1919,0.128,0.527
Syria,1922,0.07,1.072
Syria,1923,0.07,1.072
Syria,1924,0.07,0.51
Syria,1925,0.07,1.072
Syria,1926,0.07,1.072
Syria,1927,0.07,1.072
Syria,1928,0.095,0.51
Syria,1929,0.095,0.51
Syria,1930,0.119,0.51
Syria,1931,0.123,0.51
Syria,1932,0.142,0.51
Syria,1933,0.137,0.51
Syria,1934,0.124,0.366
Syria,1935,0.124,0.366
Syria,1936,0.127,0.366
Syria,1937,0.157,0.366
Syria,1938,0.157,0.366
Syria,1939,0.105,0.366
Syria,1940,0.105,1.032
Syria,1941,0.105,0.366
Syria,1942,0.104,0.366
Syria,1943,0.116,0.366
Syria,1944,0.135,0.366
Syria,1945,0.117,1.03
Syria,1946,0.136,0.358
Syria,1947,0.214,0.748
Syria,1948,0.31,0.748
Syria,1949,0.23,1.065
Syria,1950,0.244,0.734
Syria,1951,0.207,1.05
Syria,1952,0.144,0.74
Syria,1953,0.171,0.74
Syria,1954,0.267,1.095
Syria,1955,0.303,1.01
Syria,1956,0.305,1.01
Syria,1957,0.305,1.01
Syria,1958,0.11,1.01
Syria,1959,0.081,1.336
Syria,1960,0.078,1.336
Syria,1961,0.094,1.336
Syria,1962,0.26,0.747
Syria,1963,0.159,1.396
Syria,1964,0.142,0.95
Syria,1965,0.142,0.95
Syria,1966,0.104,1.372
Syria,1967,0.099,0.943
Syria,1968,0.099,0.943
Syria,1969,0.099,1.374
Syria,1970,0.075,1.374
Syria,1971,0.137,1.093
Syria,1972,0.147,1.093
Syria,1973,0.144,1.433
Syria,1974,0.143,1.115
Syria,1975,0.143,1.115
Syria,1976,0.143,1.115
Syria,1977,0.144,1.115
Syria,1978,0.143,1.115
Syria,1979,0.143,1.115
Syria,1980,0.143,2.169
Syria,1981,0.143,1.333
Syria,1982,0.143,2.183
Syria,1983,0.143,1.604
Syria,1984,0.143,1.604
Syria,1985,0.143,1.604
Syria,1986,0.143,1.604
Syria,1987,0.143,1.604
Syria,1988,0.143,1.604
Syria,1989,0.143,1.604
Syria,1990,0.144,1.1
Syria,1991,0.145,1.1
Syria,1992,0.144,1.1
Syria,1993,0.144,1.1
Syria,1994,0.144,1.1
Syria,1995,0.145,1.1
Syria,1996,0.145,1.1
Syria,1997,0.145,1.1
Syria,1998,0.144,1.1
Syria,1999,0.144,1.1
Syria,2000,0.15,0.701
Syria,2001,0.152,1.279
Syria,2002,0.15,1.279
Syria,2003,0.15,1.279
Syria,2004,0.149,1.279
Syria,2005,0.148,1.279
Syria,2006,0.148,1.279
Syria,2007,0.145,1.279
Syria,2008,0.144,1.279
Syria,2009,0.144,1.279
Syria,2010,0.144,1.279
Syria,2011,0.144,3.1
Syria,2012,0.144,3.1
Syria,2013,0.136,3.1
Syria,2014,0.137,3.1
Syria,2015,0.136,3.1
Syria,2016,0.136,3.1
Syria,2017,0.137,3.1
Syria,2018,0.135,3.1
Syria,2019,0.136,3.1
Syria,2020,0.138,3.1
Syria,2021,0.136,3.1
Syria,2022,0.137,3.1
Syria,2023,0.145,3.1
Syria,2024,0.143,0.476
Syria,2025,0.128,0.476
Tunisia,1789,0.02,NA
Tunisia,1790,0.02,NA
Tunisia,1791,0.02,NA
Tunisia,1792,0.02,NA
Tunisia,1793,0.02,NA
Tunisia,1794,0.02,NA
Tunisia,1795,0.02,NA
Tunisia,1796,0.02,NA
Tunisia,1797,0.02,NA
Tunisia,1798,0.02,NA
Tunisia,1799,0.02,NA
Tunisia,1800,0.02,NA
Tunisia,1801,0.02,NA
Tunisia,1802,0.02,NA
Tunisia,1803,0.02,NA
Tunisia,1804,0.02,NA
Tunisia,1805,0.02,NA
Tunisia,1806,0.02,NA
Tunisia,1807,0.02,NA
Tunisia,1808,0.02,NA
Tunisia,1809,0.02,NA
Tunisia,1810,0.02,NA
Tunisia,1811,0.02,NA
Tunisia,1812,0.02,NA
Tunisia,1813,0.02,NA
Tunisia,1814,0.02,NA
Tunisia,1815,0.02,NA
Tunisia,1816,0.02,NA
Tunisia,1817,0.02,NA
Tunisia,1818,0.02,NA
Tunisia,1819,0.02,NA
Tunisia,1820,0.02,NA
Tunisia,1821,0.02,NA
Tunisia,1822,0.02,NA
Tunisia,1823,0.02,NA
Tunisia,1824,0.02,NA
Tunisia,1825,0.02,NA
Tunisia,1826,0.02,NA
Tunisia,1827,0.02,NA
Tunisia,1828,0.02,NA
Tunisia,1829,0.02,NA
Tunisia,1830,0.02,NA
Tunisia,1831,0.02,NA
Tunisia,1832,0.02,NA
Tunisia,1833,0.02,NA
Tunisia,1834,0.02,NA
Tunisia,1835,0.02,NA
Tunisia,1836,0.02,NA
Tunisia,1837,0.02,NA
Tunisia,1838,0.02,NA
Tunisia,1839,0.02,NA
Tunisia,1840,0.02,NA
Tunisia,1841,0.02,NA
Tunisia,1842,0.02,NA
Tunisia,1843,0.02,NA
Tunisia,1844,0.02,NA
Tunisia,1845,0.02,NA
Tunisia,1846,0.02,NA
Tunisia,1847,0.02,NA
Tunisia,1848,0.02,NA
Tunisia,1849,0.02,NA
Tunisia,1850,0.02,NA
Tunisia,1851,0.02,NA
Tunisia,1852,0.02,NA
Tunisia,1853,0.02,NA
Tunisia,1854,0.02,NA
Tunisia,1855,0.02,NA
Tunisia,1856,0.02,NA
Tunisia,1857,0.02,NA
Tunisia,1858,0.02,NA
Tunisia,1859,0.02,NA
Tunisia,1860,0.02,NA
Tunisia,1861,0.02,NA
Tunisia,1862,0.02,NA
Tunisia,1863,0.02,NA
Tunisia,1864,0.02,NA
Tunisia,1865,0.02,NA
Tunisia,1866,0.02,NA
Tunisia,1867,0.02,NA
Tunisia,1868,0.02,NA
Tunisia,1869,0.02,NA
Tunisia,1870,0.018,NA
Tunisia,1871,0.018,NA
Tunisia,1872,0.018,NA
Tunisia,1873,0.019,NA
Tunisia,1874,0.019,NA
Tunisia,1875,0.019,NA
Tunisia,1876,0.019,NA
Tunisia,1877,0.019,NA
Tunisia,1878,0.019,NA
Tunisia,1879,0.019,NA
Tunisia,1880,0.018,NA
Tunisia,1881,0.025,NA
Tunisia,1882,0.026,NA
Tunisia,1883,0.026,NA
Tunisia,1884,0.026,NA
Tunisia,1885,0.026,NA
Tunisia,1886,0.026,NA
Tunisia,1887,0.026,NA
Tunisia,1888,0.037,NA
Tunisia,1889,0.037,NA
Tunisia,1890,0.037,NA
Tunisia,1891,0.037,NA
Tunisia,1892,0.037,NA
Tunisia,1893,0.037,NA
Tunisia,1894,0.037,NA
Tunisia,1895,0.037,NA
Tunisia,1896,0.037,NA
Tunisia,1897,0.037,NA
Tunisia,1898,0.037,NA
Tunisia,1899,0.037,NA
Tunisia,1900,0.036,1.516
Tunisia,1901,0.034,1.516
Tunisia,1902,0.034,1.516
Tunisia,1903,0.034,1.516
Tunisia,1904,0.034,1.516
Tunisia,1905,0.034,1.516
Tunisia,1906,0.034,1.516
Tunisia,1907,0.037,1.516
Tunisia,1908,0.037,1.516
Tunisia,1909,0.037,1.516
Tunisia,1910,0.037,1.516
Tunisia,1911,0.037,1.516
Tunisia,1912,0.036,1.516
Tunisia,1913,0.036,1.516
Tunisia,1914,0.036,1.516
Tunisia,1915,0.036,1.516
Tunisia,1916,0.036,1.516
Tunisia,1917,0.036,1.516
Tunisia,1918,0.037,1.516
Tunisia,1919,0.04,1.516
Tunisia,1920,0.04,1.516
Tunisia,1921,0.04,1.516
Tunisia,1922,0.04,1.516
Tunisia,1923,0.038,1.516
Tunisia,1924,0.038,1.516
Tunisia,1925,0.039,1.516
Tunisia,1926,0.039,1.516
Tunisia,1927,0.039,1.516
Tunisia,1928,0.039,1.516
Tunisia,1929,0.039,1.516
Tunisia,1930,0.039,1.516
Tunisia,1931,0.039,1.516
Tunisia,1932,0.039,1.516
Tunisia,1933,0.039,1.516
Tunisia,1934,0.034,1.644
Tunisia,1935,0.037,1.644
Tunisia,1936,0.038,1.644
Tunisia,1937,0.038,1.644
Tunisia,1938,0.035,1.644
Tunisia,1939,0.034,1.644
Tunisia,1940,0.033,1.644
Tunisia,1941,0.033,1.644
Tunisia,1942,0.033,1.644
Tunisia,1943,0.033,1.644
Tunisia,1944,0.033,1.644
Tunisia,1945,0.033,1.644
Tunisia,1946,0.036,1.644
Tunisia,1947,0.036,1.644
Tunisia,1948,0.036,1.644
Tunisia,1949,0.036,1.644
Tunisia,1950,0.035,1.644
Tunisia,1951,0.035,1.644
Tunisia,1952,0.035,1.644
Tunisia,1953,0.036,1.644
Tunisia,1954,0.037,1.644
Tunisia,1955,0.038,1.644
Tunisia,1956,0.063,1.127
Tunisia,1957,0.065,0.922
Tunisia,1958,0.086,0.922
Tunisia,1959,0.096,0.922
Tunisia,1960,0.193,0.922
Tunisia,1961,0.193,0.922
Tunisia,1962,0.193,1.271
Tunisia,1963,0.192,1.043
Tunisia,1964,0.192,1.043
Tunisia,1965,0.187,1.043
Tunisia,1966,0.187,1.043
Tunisia,1967,0.187,1.043
Tunisia,1968,0.187,1.043
Tunisia,1969,0.187,1.043
Tunisia,1970,0.187,1.043
Tunisia,1971,0.187,1.043
Tunisia,1972,0.187,1.043
Tunisia,1973,0.187,1.043
Tunisia,1974,0.186,1.043
Tunisia,1975,0.187,1.043
Tunisia,1976,0.189,1.043
Tunisia,1977,0.191,1.043
Tunisia,1978,0.191,1.272
Tunisia,1979,0.189,1.068
Tunisia,1980,0.192,1.068
Tunisia,1981,0.195,1.068
Tunisia,1982,0.196,1.068
Tunisia,1983,0.198,1.277
Tunisia,1984,0.198,1.277
Tunisia,1985,0.196,1.069
Tunisia,1986,0.195,1.069
Tunisia,1987,0.18,1.069
Tunisia,1988,0.113,0.841
Tunisia,1989,0.125,0.841
Tunisia,1990,0.196,0.841
Tunisia,1991,0.197,0.841
Tunisia,1992,0.196,0.841
Tunisia,1993,0.193,0.841
Tunisia,1994,0.189,0.841
Tunisia,1995,0.188,0.841
Tunisia,1996,0.188,0.841
Tunisia,1997,0.188,0.841
Tunisia,1998,0.188,0.841
Tunisia,1999,0.188,0.841
Tunisia,2000,0.189,0.841
Tunisia,2001,0.189,0.841
Tunisia,2002,0.19,0.841
Tunisia,2003,0.19,0.841
Tunisia,2004,0.189,0.841
Tunisia,2005,0.191,0.841
Tunisia,2006,0.191,0.841
Tunisia,2007,0.191,0.841
Tunisia,2008,0.191,0.924
Tunisia,2009,0.191,0.843
Tunisia,2010,0.193,0.788
Tunisia,2011,0.328,0.603
Tunisia,2012,0.765,0.603
Tunisia,2013,0.761,0.603
Tunisia,2014,0.745,0.603
Tunisia,2015,0.727,0.368
Tunisia,2016,0.731,0.368
Tunisia,2017,0.725,0.368
Tunisia,2018,0.728,0.368
Tunisia,2019,0.725,0.433
Tunisia,2020,0.712,0.657
Tunisia,2021,0.535,2.522
Tunisia,2022,0.283,1.389
Tunisia,2023,0.432,1.233
Tunisia,2024,0.422,0.945
Tunisia,2025,0.395,0.945
Türkiye,1789,0.02,NA
Türkiye,1790,0.02,NA
Türkiye,1791,0.02,NA
Türkiye,1792,0.02,NA
Türkiye,1793,0.02,NA
Türkiye,1794,0.02,NA
Türkiye,1795,0.02,NA
Türkiye,1796,0.02,NA
Türkiye,1797,0.02,NA
Türkiye,1798,0.02,NA
Türkiye,1799,0.02,NA
Türkiye,1800,0.02,NA
Türkiye,1801,0.02,NA
Türkiye,1802,0.02,NA
Türkiye,1803,0.02,NA
Türkiye,1804,0.02,NA
Türkiye,1805,0.02,NA
Türkiye,1806,0.02,NA
Türkiye,1807,0.02,NA
Türkiye,1808,0.02,NA
Türkiye,1809,0.019,NA
Türkiye,1810,0.019,NA
Türkiye,1811,0.019,NA
Türkiye,1812,0.019,NA
Türkiye,1813,0.019,NA
Türkiye,1814,0.019,NA
Türkiye,1815,0.019,NA
Türkiye,1816,0.019,NA
Türkiye,1817,0.019,NA
Türkiye,1818,0.019,NA
Türkiye,1819,0.019,NA
Türkiye,1820,0.019,NA
Türkiye,1821,0.019,NA
Türkiye,1822,0.019,NA
Türkiye,1823,0.019,NA
Türkiye,1824,0.019,NA
Türkiye,1825,0.019,NA
Türkiye,1826,0.019,NA
Türkiye,1827,0.019,NA
Türkiye,1828,0.019,NA
Türkiye,1829,0.019,NA
Türkiye,1830,0.019,NA
Türkiye,1831,0.019,NA
Türkiye,1832,0.019,NA
Türkiye,1833,0.019,NA
Türkiye,1834,0.019,NA
Türkiye,1835,0.019,NA
Türkiye,1836,0.019,NA
Türkiye,1837,0.019,NA
Türkiye,1838,0.019,NA
Türkiye,1839,0.019,NA
Türkiye,1840,0.018,NA
Türkiye,1841,0.018,NA
Türkiye,1842,0.018,NA
Türkiye,1843,0.018,NA
Türkiye,1844,0.018,NA
Türkiye,1845,0.018,NA
Türkiye,1846,0.018,NA
Türkiye,1847,0.018,NA
Türkiye,1848,0.018,NA
Türkiye,1849,0.018,NA
Türkiye,1850,0.018,NA
Türkiye,1851,0.018,NA
Türkiye,1852,0.018,NA
Türkiye,1853,0.018,NA
Türkiye,1854,0.018,NA
Türkiye,1855,0.018,NA
Türkiye,1856,0.018,NA
Türkiye,1857,0.018,NA
Türkiye,1858,0.018,NA
Türkiye,1859,0.018,NA
Türkiye,1860,0.03,NA
Türkiye,1861,0.034,NA
Türkiye,1862,0.034,NA
Türkiye,1863,0.034,NA
Türkiye,1864,0.034,NA
Türkiye,1865,0.033,NA
Türkiye,1866,0.033,NA
Türkiye,1867,0.035,NA
Türkiye,1868,0.035,NA
Türkiye,1869,0.035,NA
Türkiye,1870,0.035,NA
Türkiye,1871,0.035,NA
Türkiye,1872,0.035,NA
Türkiye,1873,0.035,NA
Türkiye,1874,0.035,NA
Türkiye,1875,0.035,NA
Türkiye,1876,0.1,NA
Türkiye,1877,0.031,NA
Türkiye,1878,0.012,NA
Türkiye,1879,0.012,NA
Türkiye,1880,0.012,NA
Türkiye,1881,0.012,NA
Türkiye,1882,0.012,NA
Türkiye,1883,0.012,NA
Türkiye,1884,0.012,NA
Türkiye,1885,0.012,NA
Türkiye,1886,0.012,NA
Türkiye,1887,0.012,NA
Türkiye,1888,0.012,NA
Türkiye,1889,0.012,NA
Türkiye,1890,0.008,NA
Türkiye,1891,0.008,NA
Türkiye,1892,0.008,NA
Türkiye,1893,0.008,NA
Türkiye,1894,0.008,NA
Türkiye,1895,0.008,NA
Türkiye,1896,0.008,NA
Türkiye,1897,0.008,NA
Türkiye,1898,0.008,NA
Türkiye,1899,0.008,NA
Türkiye,1900,0.009,-0.113
Türkiye,1901,0.009,-0.113
Türkiye,1902,0.009,-0.113
Türkiye,1903,0.009,-0.113
Türkiye,1904,0.009,-0.113
Türkiye,1905,0.009,-0.113
Türkiye,1906,0.009,-0.113
Türkiye,1907,0.009,0.058
Türkiye,1908,0.062,0.288
Türkiye,1909,0.153,0.288
Türkiye,1910,0.141,0.12
Türkiye,1911,0.136,0.12
Türkiye,1912,0.113,0.344
Türkiye,1913,0.079,0.344
Türkiye,1914,0.074,0.564
Türkiye,1915,0.074,0.564
Türkiye,1916,0.071,0.755
Türkiye,1917,0.071,0.755
Türkiye,1918,0.074,0.755
Türkiye,1919,0.096,0.755
Türkiye,1920,0.097,0.755
Türkiye,1921,0.097,0.755
Türkiye,1922,0.102,0.755
Türkiye,1923,0.106,0.755
Türkiye,1924,0.118,-0.344
Türkiye,1925,0.114,-0.354
Türkiye,1926,0.108,-0.569
Türkiye,1927,0.108,-0.569
Türkiye,1928,0.108,-0.569
Türkiye,1929,0.108,-0.569
Türkiye,1930,0.11,-0.337
Türkiye,1931,0.139,-0.574
Türkiye,1932,0.139,-0.574
Türkiye,1933,0.139,-0.574
Türkiye,1934,0.139,-0.574
Türkiye,1935,0.139,-0.574
Türkiye,1936,0.139,-0.343
Türkiye,1937,0.139,-0.343
Türkiye,1938,0.139,-0.343
Türkiye,1939,0.138,-0.582
Türkiye,1940,0.141,-0.582
Türkiye,1941,0.141,-0.582
Türkiye,1942,0.141,-0.582
Türkiye,1943,0.141,-0.582
Türkiye,1944,0.141,-0.582
Türkiye,1945,0.146,-0.582
Türkiye,1946,0.208,-0.116
Türkiye,1947,0.232,-0.116
Türkiye,1948,0.234,-0.116
Türkiye,1949,0.234,-0.116
Türkiye,1950,0.335,-0.097
Türkiye,1951,0.403,-0.097
Türkiye,1952,0.4,-0.097
Türkiye,1953,0.4,0.152
Türkiye,1954,0.39,0.152
Türkiye,1955,0.395,0.152
Türkiye,1956,0.354,0.358
Türkiye,1957,0.353,0.358
Türkiye,1958,0.346,0.544
Türkiye,1959,0.346,0.544
Türkiye,1960,0.221,0.215
Türkiye,1961,0.193,0.215
Türkiye,1962,0.289,0.215
Türkiye,1963,0.299,0.215
Türkiye,1964,0.314,0.215
Türkiye,1965,0.32,0.215
Türkiye,1966,0.517,0.623
Türkiye,1967,0.574,0.623
Türkiye,1968,0.574,0.838
Türkiye,1969,0.573,0.838
Türkiye,1970,0.541,1.241
Türkiye,1971,0.482,1.241
Türkiye,1972,0.499,1.423
Türkiye,1973,0.518,1.639
Türkiye,1974,0.568,1.639
Türkiye,1975,0.568,1.953
Türkiye,1976,0.568,1.953
Türkiye,1977,0.565,2.19
Türkiye,1978,0.562,2.19
Türkiye,1979,0.562,2.19
Türkiye,1980,0.335,1.2
Türkiye,1981,0.114,0.498
Türkiye,1982,0.114,0.066
Türkiye,1983,0.147,0.066
Türkiye,1984,0.401,-0.126
Türkiye,1985,0.403,-0.126
Türkiye,1986,0.414,-0.126
Türkiye,1987,0.424,-0.126
Türkiye,1988,0.487,-0.126
Türkiye,1989,0.487,-0.126
Türkiye,1990,0.517,0.077
Türkiye,1991,0.518,0.077
Türkiye,1992,0.533,0.077
Türkiye,1993,0.53,0.077
Türkiye,1994,0.536,0.077
Türkiye,1995,0.538,0.077
Türkiye,1996,0.547,0.077
Türkiye,1997,0.545,0.077
Türkiye,1998,0.544,0.077
Türkiye,1999,0.57,-0.133
Türkiye,2000,0.586,0.044
Türkiye,2001,0.591,0.044
Türkiye,2002,0.636,0.75
Türkiye,2003,0.651,0.75
Türkiye,2004,0.657,0.75
Türkiye,2005,0.643,0.69
Türkiye,2006,0.643,0.69
Türkiye,2007,0.616,0.964
Türkiye,2008,0.554,1.217
Türkiye,2009,0.545,1.292
Türkiye,2010,0.525,1.353
Türkiye,2011,0.522,1.353
Türkiye,2012,0.508,1.523
Türkiye,2013,0.469,2.72
Türkiye,2014,0.426,2.72
Türkiye,2015,0.388,2.923
Türkiye,2016,0.308,3.94
Türkiye,2017,0.29,3.94
Türkiye,2018,0.295,3.75
Türkiye,2019,0.289,3.75
Türkiye,2020,0.292,3.467
Türkiye,2021,0.287,3.467
Türkiye,2022,0.285,3.506
Türkiye,2023,0.285,3.085
Türkiye,2024,0.289,3.362
Türkiye,2025,0.293,3.362
Ukraine,1990,0.372,-1.512
Ukraine,1991,0.429,-1.668
Ukraine,1992,0.528,-1.334
Ukraine,1993,0.528,-1.487
Ukraine,1994,0.546,-1.899
Ukraine,1995,0.552,-1.899
Ukraine,1996,0.543,-1.899
Ukraine,1997,0.523,-1.899
Ukraine,1998,0.448,-1.899
Ukraine,1999,0.422,-1.754
Ukraine,2000,0.389,-1.036
Ukraine,2001,0.384,-1.036
Ukraine,2002,0.394,-1.416
Ukraine,2003,0.392,-1.416
Ukraine,2004,0.383,0.854
Ukraine,2005,0.448,0.216
Ukraine,2006,0.574,-0.633
Ukraine,2007,0.607,-0.662
Ukraine,2008,0.608,-0.117
Ukraine,2009,0.604,-1.023
Ukraine,2010,0.484,-0.316
Ukraine,2011,0.483,-1.181
Ukraine,2012,0.479,-1.181
Ukraine,2013,0.459,-0.481
Ukraine,2014,0.417,2.061
Ukraine,2015,0.42,1.871
Ukraine,2016,0.433,1.871
Ukraine,2017,0.43,1.65
Ukraine,2018,0.43,1.266
Ukraine,2019,0.528,1.404
Ukraine,2020,0.552,1.356
Ukraine,2021,0.537,1.375
Ukraine,2022,0.392,1.543
Ukraine,2023,0.39,1.645
Ukraine,2024,0.387,1.798
Ukraine,2025,0.386,1.798
United Kingdom,1789,0.243,NA
United Kingdom,1790,0.264,NA
United Kingdom,1791,0.278,NA
United Kingdom,1792,0.274,NA
United Kingdom,1793,0.274,NA
United Kingdom,1794,0.274,NA
United Kingdom,1795,0.27,NA
United Kingdom,1796,0.275,NA
United Kingdom,1797,0.27,NA
United Kingdom,1798,0.27,NA
United Kingdom,1799,0.27,NA
United Kingdom,1800,0.27,NA
United Kingdom,1801,0.275,NA
United Kingdom,1802,0.276,NA
United Kingdom,1803,0.27,NA
United Kingdom,1804,0.27,NA
United Kingdom,1805,0.27,NA
United Kingdom,1806,0.275,NA
United Kingdom,1807,0.276,NA
United Kingdom,1808,0.27,NA
United Kingdom,1809,0.27,NA
United Kingdom,1810,0.276,NA
United Kingdom,1811,0.271,NA
United Kingdom,1812,0.276,NA
United Kingdom,1813,0.271,NA
United Kingdom,1814,0.271,NA
United Kingdom,1815,0.271,NA
United Kingdom,1816,0.266,NA
United Kingdom,1817,0.266,NA
United Kingdom,1818,0.271,NA
United Kingdom,1819,0.258,NA
United Kingdom,1820,0.267,NA
United Kingdom,1821,0.262,NA
United Kingdom,1822,0.262,NA
United Kingdom,1823,0.262,NA
United Kingdom,1824,0.262,NA
United Kingdom,1825,0.276,NA
United Kingdom,1826,0.288,NA
United Kingdom,1827,0.282,NA
United Kingdom,1828,0.282,NA
United Kingdom,1829,0.279,NA
United Kingdom,1830,0.285,NA
United Kingdom,1831,0.285,NA
United Kingdom,1832,0.293,NA
United Kingdom,1833,0.301,NA
United Kingdom,1834,0.301,NA
United Kingdom,1835,0.306,NA
United Kingdom,1836,0.301,NA
United Kingdom,1837,0.305,NA
United Kingdom,1838,0.3,NA
United Kingdom,1839,0.304,NA
United Kingdom,1840,0.311,NA
United Kingdom,1841,0.318,NA
United Kingdom,1842,0.311,NA
United Kingdom,1843,0.311,NA
United Kingdom,1844,0.311,NA
United Kingdom,1845,0.311,NA
United Kingdom,1846,0.311,NA
United Kingdom,1847,0.317,NA
United Kingdom,1848,0.312,NA
United Kingdom,1849,0.312,NA
United Kingdom,1850,0.314,NA
United Kingdom,1851,0.316,NA
United Kingdom,1852,0.322,NA
United Kingdom,1853,0.314,NA
United Kingdom,1854,0.314,NA
United Kingdom,1855,0.314,NA
United Kingdom,1856,0.314,NA
United Kingdom,1857,0.32,NA
United Kingdom,1858,0.314,NA
United Kingdom,1859,0.321,NA
United Kingdom,1860,0.316,NA
United Kingdom,1861,0.316,NA
United Kingdom,1862,0.316,NA
United Kingdom,1863,0.316,NA
United Kingdom,1864,0.316,NA
United Kingdom,1865,0.327,NA
United Kingdom,1866,0.327,NA
United Kingdom,1867,0.345,NA
United Kingdom,1868,0.348,NA
United Kingdom,1869,0.345,NA
United Kingdom,1870,0.345,NA
United Kingdom,1871,0.345,NA
United Kingdom,1872,0.345,NA
United Kingdom,1873,0.35,NA
United Kingdom,1874,0.365,NA
United Kingdom,1875,0.36,NA
United Kingdom,1876,0.36,NA
United Kingdom,1877,0.36,NA
United Kingdom,1878,0.36,NA
United Kingdom,1879,0.36,NA
United Kingdom,1880,0.373,NA
United Kingdom,1881,0.375,NA
United Kingdom,1882,0.375,NA
United Kingdom,1883,0.375,NA
United Kingdom,1884,0.409,NA
United Kingdom,1885,0.413,NA
United Kingdom,1886,0.437,NA
United Kingdom,1887,0.442,NA
United Kingdom,1888,0.442,NA
United Kingdom,1889,0.442,NA
United Kingdom,1890,0.442,NA
United Kingdom,1891,0.442,NA
United Kingdom,1892,0.448,NA
United Kingdom,1893,0.464,NA
United Kingdom,1894,0.464,NA
United Kingdom,1895,0.459,NA
United Kingdom,1896,0.463,NA
United Kingdom,1897,0.463,NA
United Kingdom,1898,0.466,NA
United Kingdom,1899,0.466,NA
United Kingdom,1900,0.471,-0.828
United Kingdom,1901,0.477,-0.828
United Kingdom,1902,0.477,-0.828
United Kingdom,1903,0.477,-0.828
United Kingdom,1904,0.477,-0.828
United Kingdom,1905,0.477,-0.828
United Kingdom,1906,0.477,-0.828
United Kingdom,1907,0.477,-0.828
United Kingdom,1908,0.477,-0.828
United Kingdom,1909,0.477,-0.828
United Kingdom,1910,0.477,-0.828
United Kingdom,1911,0.477,-0.828
United Kingdom,1912,0.477,-0.828
United Kingdom,1913,0.477,-0.828
United Kingdom,1914,0.467,-0.828
United Kingdom,1915,0.464,-0.828
United Kingdom,1916,0.464,-0.828
United Kingdom,1917,0.464,-0.828
United Kingdom,1918,0.464,-0.828
United Kingdom,1919,0.696,-0.828
United Kingdom,1920,0.706,-0.828
United Kingdom,1921,0.706,-0.828
United Kingdom,1922,0.707,-0.828
United Kingdom,1923,0.717,-0.828
United Kingdom,1924,0.715,-0.828
United Kingdom,1925,0.713,-0.828
United Kingdom,1926,0.713,-0.828
United Kingdom,1927,0.713,-0.828
United Kingdom,1928,0.713,-0.828
United Kingdom,1929,0.717,-0.828
United Kingdom,1930,0.721,-0.828
United Kingdom,1931,0.719,-0.828
United Kingdom,1932,0.725,-0.828
United Kingdom,1933,0.725,-0.828
United Kingdom,1934,0.725,-0.828
United Kingdom,1935,0.725,-0.828
United Kingdom,1936,0.725,-0.828
United Kingdom,1937,0.725,-0.828
United Kingdom,1938,0.725,-0.828
United Kingdom,1939,0.697,-0.828
United Kingdom,1940,0.7,-0.828
United Kingdom,1941,0.7,-0.828
United Kingdom,1942,0.7,-0.828
United Kingdom,1943,0.7,-0.828
United Kingdom,1944,0.7,-0.828
United Kingdom,1945,0.709,-0.828
United Kingdom,1946,0.784,-0.828
United Kingdom,1947,0.791,-0.828
United Kingdom,1948,0.791,-0.828
United Kingdom,1949,0.791,-0.828
United Kingdom,1950,0.811,-0.828
United Kingdom,1951,0.81,-0.828
United Kingdom,1952,0.808,-0.828
United Kingdom,1953,0.808,-0.828
United Kingdom,1954,0.808,-0.828
United Kingdom,1955,0.804,-0.828
United Kingdom,1956,0.802,-0.828
United Kingdom,1957,0.802,-0.828
United Kingdom,1958,0.802,-0.828
United Kingdom,1959,0.803,-0.828
United Kingdom,1960,0.808,-0.828
United Kingdom,1961,0.808,-0.828
United Kingdom,1962,0.808,-0.828
United Kingdom,1963,0.808,-0.828
United Kingdom,1964,0.81,-0.828
United Kingdom,1965,0.825,-0.828
United Kingdom,1966,0.824,-0.828
United Kingdom,1967,0.829,-0.828
United Kingdom,1968,0.819,-0.828
United Kingdom,1969,0.819,-0.828
United Kingdom,1970,0.823,-0.828
United Kingdom,1971,0.822,-0.828
United Kingdom,1972,0.822,-0.828
United Kingdom,1973,0.822,-0.828
United Kingdom,1974,0.824,-0.828
United Kingdom,1975,0.825,-0.828
United Kingdom,1976,0.825,-0.828
United Kingdom,1977,0.825,-0.828
United Kingdom,1978,0.825,-0.828
United Kingdom,1979,0.821,-0.828
United Kingdom,1980,0.805,-0.828
United Kingdom,1981,0.805,-0.828
United Kingdom,1982,0.805,-0.828
United Kingdom,1983,0.803,-0.828
United Kingdom,1984,0.802,-0.828
United Kingdom,1985,0.802,-0.828
United Kingdom,1986,0.802,-0.828
United Kingdom,1987,0.803,-0.828
United Kingdom,1988,0.804,-0.828
United Kingdom,1989,0.804,-0.828
United Kingdom,1990,0.816,-0.828
United Kingdom,1991,0.816,-0.828
United Kingdom,1992,0.815,-0.828
United Kingdom,1993,0.814,-0.828
United Kingdom,1994,0.814,-0.828
United Kingdom,1995,0.814,-0.828
United Kingdom,1996,0.814,-0.828
United Kingdom,1997,0.811,-0.828
United Kingdom,1998,0.814,-0.828
United Kingdom,1999,0.835,-0.828
United Kingdom,2000,0.848,-0.828
United Kingdom,2001,0.856,-0.828
United Kingdom,2002,0.857,-0.828
United Kingdom,2003,0.857,-0.828
United Kingdom,2004,0.857,-0.828
United Kingdom,2005,0.863,-0.828
United Kingdom,2006,0.87,-0.828
United Kingdom,2007,0.87,-0.828
United Kingdom,2008,0.87,-0.828
United Kingdom,2009,0.87,-0.828
United Kingdom,2010,0.866,-0.828
United Kingdom,2011,0.865,-0.828
United Kingdom,2012,0.868,-0.828
United Kingdom,2013,0.864,-0.828
United Kingdom,2014,0.861,-0.828
United Kingdom,2015,0.855,-0.828
United Kingdom,2016,0.854,-0.828
United Kingdom,2017,0.865,-0.124
United Kingdom,2018,0.875,-0.124
United Kingdom,2019,0.854,-0.124
United Kingdom,2020,0.871,-0.124
United Kingdom,2021,0.857,0.031
United Kingdom,2022,0.844,-0.102
United Kingdom,2023,0.852,-0.281
United Kingdom,2024,0.832,-0.281
United Kingdom,2025,0.772,-0.281
Uruguay,1825,0.188,NA
Uruguay,1826,0.188,NA
Uruguay,1827,0.188,NA
Uruguay,1828,0.191,NA
Uruguay,1829,0.191,NA
Uruguay,1830,0.191,NA
Uruguay,1831,0.238,NA
Uruguay,1832,0.238,NA
Uruguay,1833,0.241,NA
Uruguay,1834,0.264,NA
Uruguay,1835,0.264,NA
Uruguay,1836,0.264,NA
Uruguay,1837,0.278,NA
Uruguay,1838,0.278,NA
Uruguay,1839,0.277,NA
Uruguay,1840,0.247,NA
Uruguay,1841,0.242,NA
Uruguay,1842,0.239,NA
Uruguay,1843,0.231,NA
Uruguay,1844,0.237,NA
Uruguay,1845,0.237,NA
Uruguay,1846,0.244,NA
Uruguay,1847,0.244,NA
Uruguay,1848,0.244,NA
Uruguay,1849,0.244,NA
Uruguay,1850,0.244,NA
Uruguay,1851,0.264,NA
Uruguay,1852,0.271,NA
Uruguay,1853,0.246,NA
Uruguay,1854,0.243,NA
Uruguay,1855,0.24,NA
Uruguay,1856,0.247,NA
Uruguay,1857,0.26,NA
Uruguay,1858,0.264,NA
Uruguay,1859,0.261,NA
Uruguay,1860,0.289,NA
Uruguay,1861,0.295,NA
Uruguay,1862,0.295,NA
Uruguay,1863,0.295,NA
Uruguay,1864,0.295,NA
Uruguay,1865,0.221,NA
Uruguay,1866,0.215,NA
Uruguay,1867,0.215,NA
Uruguay,1868,0.28,NA
Uruguay,1869,0.288,NA
Uruguay,1870,0.282,NA
Uruguay,1871,0.282,NA
Uruguay,1872,0.284,NA
Uruguay,1873,0.323,NA
Uruguay,1874,0.323,NA
Uruguay,1875,0.323,NA
Uruguay,1876,0.212,NA
Uruguay,1877,0.19,NA
Uruguay,1878,0.19,NA
Uruguay,1879,0.24,NA
Uruguay,1880,0.257,NA
Uruguay,1881,0.264,NA
Uruguay,1882,0.275,NA
Uruguay,1883,0.275,NA
Uruguay,1884,0.292,NA
Uruguay,1885,0.299,NA
Uruguay,1886,0.304,NA
Uruguay,1887,0.313,NA
Uruguay,1888,0.315,NA
Uruguay,1889,0.315,NA
Uruguay,1890,0.315,NA
Uruguay,1891,0.329,NA
Uruguay,1892,0.329,NA
Uruguay,1893,0.328,NA
Uruguay,1894,0.328,NA
Uruguay,1895,0.328,NA
Uruguay,1896,0.292,NA
Uruguay,1897,0.271,NA
Uruguay,1898,0.302,NA
Uruguay,1899,0.33,NA
Uruguay,1900,0.338,2.263
Uruguay,1901,0.335,2.263
Uruguay,1902,0.308,2.263
Uruguay,1903,0.308,2.263
Uruguay,1904,0.295,2.263
Uruguay,1905,0.307,0.476
Uruguay,1906,0.317,0.476
Uruguay,1907,0.316,0.476
Uruguay,1908,0.302,0.476
Uruguay,1909,0.302,0.476
Uruguay,1910,0.308,0.476
Uruguay,1911,0.323,0.476
Uruguay,1912,0.334,-0.419
Uruguay,1913,0.333,-0.419
Uruguay,1914,0.323,-0.972
Uruguay,1915,0.33,-0.972
Uruguay,1916,0.371,-0.972
Uruguay,1917,0.431,-0.972
Uruguay,1918,0.444,-0.972
Uruguay,1919,0.485,-0.972
Uruguay,1920,0.483,-0.972
Uruguay,1921,0.483,-0.972
Uruguay,1922,0.486,-0.972
Uruguay,1923,0.504,-0.972
Uruguay,1924,0.528,-0.972
Uruguay,1925,0.55,-0.972
Uruguay,1926,0.562,-0.972
Uruguay,1927,0.562,-0.972
Uruguay,1928,0.562,-0.972
Uruguay,1929,0.558,-0.972
Uruguay,1930,0.558,-0.68
Uruguay,1931,0.554,-0.399
Uruguay,1932,0.55,-0.123
Uruguay,1933,0.35,0.138
Uruguay,1934,0.374,0.522
Uruguay,1935,0.432,0.522
Uruguay,1936,0.461,0.26
Uruguay,1937,0.461,0.26
Uruguay,1938,0.474,0.26
Uruguay,1939,0.588,-0.033
Uruguay,1940,0.588,-0.033
Uruguay,1941,0.588,-0.033
Uruguay,1942,0.634,-0.033
Uruguay,1943,0.728,-1.526
Uruguay,1944,0.727,-1.526
Uruguay,1945,0.733,-1.526
Uruguay,1946,0.759,-1.526
Uruguay,1947,0.78,-1.526
Uruguay,1948,0.78,-1.526
Uruguay,1949,0.78,-1.526
Uruguay,1950,0.78,-1.85
Uruguay,1951,0.784,-1.85
Uruguay,1952,0.784,-1.85
Uruguay,1953,0.784,-1.85
Uruguay,1954,0.784,-1.85
Uruguay,1955,0.783,-1.516
Uruguay,1956,0.791,-1.516
Uruguay,1957,0.791,-1.516
Uruguay,1958,0.791,-1.156
Uruguay,1959,0.786,-0.845
Uruguay,1960,0.786,-0.572
Uruguay,1961,0.786,-0.299
Uruguay,1962,0.786,-0.299
Uruguay,1963,0.768,-0.299
Uruguay,1964,0.762,-0.299
Uruguay,1965,0.763,-0.299
Uruguay,1966,0.763,0.829
Uruguay,1967,0.741,0.829
Uruguay,1968,0.627,0.829
Uruguay,1969,0.614,0.829
Uruguay,1970,0.589,0.829
Uruguay,1971,0.559,0.829
Uruguay,1972,0.489,0.829
Uruguay,1973,0.172,2.247
Uruguay,1974,0.097,2.247
Uruguay,1975,0.097,2.247
Uruguay,1976,0.092,2.247
Uruguay,1977,0.092,2.247
Uruguay,1978,0.092,2.247
Uruguay,1979,0.092,2.247
Uruguay,1980,0.104,2.247
Uruguay,1981,0.104,1.413
Uruguay,1982,0.109,1.413
Uruguay,1983,0.109,1.413
Uruguay,1984,0.129,0.934
Uruguay,1985,0.683,-1.049
Uruguay,1986,0.815,-1.049
Uruguay,1987,0.815,-2.042
Uruguay,1988,0.815,-2.042
Uruguay,1989,0.816,-2.042
Uruguay,1990,0.836,-2.338
Uruguay,1991,0.837,-2.338
Uruguay,1992,0.837,-2.338
Uruguay,1993,0.837,-2.338
Uruguay,1994,0.838,-2.338
Uruguay,1995,0.871,-2.338
Uruguay,1996,0.871,-3.055
Uruguay,1997,0.871,-3.055
Uruguay,1998,0.877,-3.055
Uruguay,1999,0.875,-3.055
Uruguay,2000,0.873,-3.055
Uruguay,2001,0.873,-2.705
Uruguay,2002,0.873,-2.705
Uruguay,2003,0.873,-2.705
Uruguay,2004,0.874,-3.352
Uruguay,2005,0.89,-3.352
Uruguay,2006,0.892,-3.352
Uruguay,2007,0.892,-3.352
Uruguay,2008,0.892,-3.352
Uruguay,2009,0.894,-3.352
Uruguay,2010,0.912,-3.352
Uruguay,2011,0.912,-3.352
Uruguay,2012,0.912,-3.352
Uruguay,2013,0.91,-3.352
Uruguay,2014,0.909,-3.352
Uruguay,2015,0.897,-3.352
Uruguay,2016,0.897,-3.352
Uruguay,2017,0.89,-3.352
Uruguay,2018,0.896,-3.352
Uruguay,2019,0.896,-2.969
Uruguay,2020,0.867,-2.002
Uruguay,2021,0.852,-2.539
Uruguay,2022,0.818,-2.539
Uruguay,2023,0.833,-2.046
Uruguay,2024,0.846,-1.583
Uruguay,2025,0.862,-1.806
Algeria,1900,0.041,-0.727
Algeria,1901,0.041,-0.727
Algeria,1902,0.041,-0.727
Algeria,1903,0.041,-0.727
Algeria,1904,0.041,-0.727
Algeria,1905,0.041,-0.727
Algeria,1906,0.041,-0.727
Algeria,1907,0.041,-0.727
Algeria,1908,0.041,-0.727
Algeria,1909,0.041,-0.727
Algeria,1910,0.041,-0.727
Algeria,1911,0.041,-0.727
Algeria,1912,0.041,-0.727
Algeria,1913,0.041,-0.727
Algeria,1914,0.041,-0.727
Algeria,1915,0.041,-0.727
Algeria,1916,0.041,-0.727
Algeria,1917,0.041,-0.727
Algeria,1918,0.041,-0.727
Algeria,1919,0.041,-0.727
Algeria,1920,0.041,-0.727
Algeria,1921,0.041,-0.727
Algeria,1922,0.041,-0.727
Algeria,1923,0.04,-0.727
Algeria,1924,0.04,-0.727
Algeria,1925,0.04,-0.727
Algeria,1926,0.043,-0.665
Algeria,1927,0.045,-0.665
Algeria,1928,0.045,-0.665
Algeria,1929,0.045,-0.665
Algeria,1930,0.045,-0.665
Algeria,1931,0.045,-0.665
Algeria,1932,0.045,-0.665
Algeria,1933,0.045,-0.665
Algeria,1934,0.045,-0.665
Algeria,1935,0.045,-0.665
Algeria,1936,0.045,-0.665
Algeria,1937,0.045,-0.665
Algeria,1938,0.045,-0.665
Algeria,1939,0.045,-0.665
Algeria,1940,0.045,-0.665
Algeria,1941,0.045,-0.665
Algeria,1942,0.045,-0.665
Algeria,1943,0.045,-0.665
Algeria,1944,0.045,-0.665
Algeria,1945,0.047,-0.665
Algeria,1946,0.072,-0.665
Algeria,1947,0.072,-0.665
Algeria,1948,0.088,-0.665
Algeria,1949,0.094,-0.665
Algeria,1950,0.094,-0.665
Algeria,1951,0.094,-0.665
Algeria,1952,0.104,-0.665
Algeria,1953,0.077,-0.665
Algeria,1954,0.077,-0.465
Algeria,1955,0.088,-0.465
Algeria,1956,0.083,-0.465
Algeria,1957,0.075,-0.465
Algeria,1958,0.075,-0.465
Algeria,1959,0.075,-0.465
Algeria,1960,0.075,-0.396
Algeria,1961,0.075,-0.396
Algeria,1962,0.076,-0.396
Algeria,1963,0.189,-1.12
Algeria,1964,0.186,-0.816
Algeria,1965,0.131,-0.816
Algeria,1966,0.084,-0.816
Algeria,1967,0.084,-0.816
Algeria,1968,0.084,-0.816
Algeria,1969,0.084,-0.816
Algeria,1970,0.084,-0.816
Algeria,1971,0.084,-0.816
Algeria,1972,0.084,-0.816
Algeria,1973,0.084,-0.816
Algeria,1974,0.084,-0.816
Algeria,1975,0.084,-0.816
Algeria,1976,0.088,-0.816
Algeria,1977,0.187,-0.816
Algeria,1978,0.192,-0.816
Algeria,1979,0.193,-0.816
Algeria,1980,0.195,-0.816
Algeria,1981,0.195,-0.816
Algeria,1982,0.204,-0.816
Algeria,1983,0.206,-0.816
Algeria,1984,0.205,-0.816
Algeria,1985,0.205,-0.816
Algeria,1986,0.205,-0.816
Algeria,1987,0.207,-1.104
Algeria,1988,0.206,-0.953
Algeria,1989,0.222,-1.117
Algeria,1990,0.35,-1.016
Algeria,1991,0.35,-0.864
Algeria,1992,0.188,-0.717
Algeria,1993,0.173,-0.623
Algeria,1994,0.179,-0.728
Algeria,1995,0.186,-0.728
Algeria,1996,0.332,-0.728
Algeria,1997,0.319,-0.728
Algeria,1998,0.312,-0.728
Algeria,1999,0.328,-0.847
Algeria,2000,0.326,-1.087
Algeria,2001,0.326,-1.087
Algeria,2002,0.326,-1.312
Algeria,2003,0.331,-1.312
Algeria,2004,0.333,-1.312
Algeria,2005,0.335,-1.312
Algeria,2006,0.335,-1.312
Algeria,2007,0.334,-1.312
Algeria,2008,0.329,-1.312
Algeria,2009,0.327,-1.312
Algeria,2010,0.322,-1.312
Algeria,2011,0.322,-1.312
Algeria,2012,0.324,-1.312
Algeria,2013,0.327,-1.312
Algeria,2014,0.324,-1.312
Algeria,2015,0.331,-1.109
Algeria,2016,0.308,-1.109
Algeria,2017,0.309,-1.109
Algeria,2018,0.305,-1.109
Algeria,2019,0.293,-0.799
Algeria,2020,0.279,-0.857
Algeria,2021,0.282,-0.857
Algeria,2022,0.269,-1.563
Algeria,2023,0.265,-1.563
Algeria,2024,0.26,-1.563
Algeria,2025,0.265,NA
Angola,1900,0.008,0.995
Angola,1901,0.008,0.995
Angola,1902,0.008,0.995
Angola,1903,0.008,0.995
Angola,1904,0.008,0.995
Angola,1905,0.008,0.995
Angola,1906,0.008,0.995
Angola,1907,0.008,0.995
Angola,1908,0.008,0.995
Angola,1909,0.008,0.995
Angola,1910,0.008,0.995
Angola,1911,0.008,0.995
Angola,1912,0.008,0.995
Angola,1913,0.008,0.995
Angola,1914,0.008,0.995
Angola,1915,0.008,0.995
Angola,1916,0.008,0.995
Angola,1917,0.008,0.995
Angola,1918,0.008,0.995
Angola,1919,0.008,0.995
Angola,1920,0.008,0.995
Angola,1921,0.008,0.995
Angola,1922,0.008,0.995
Angola,1923,0.008,0.995
Angola,1924,0.008,0.995
Angola,1925,0.008,0.995
Angola,1926,0.008,0.995
Angola,1927,0.008,0.995
Angola,1928,0.008,0.995
Angola,1929,0.008,0.995
Angola,1930,0.008,0.995
Angola,1931,0.008,0.995
Angola,1932,0.008,0.995
Angola,1933,0.008,0.995
Angola,1934,0.008,1.766
Angola,1935,0.008,1.766
Angola,1936,0.008,1.766
Angola,1937,0.008,1.766
Angola,1938,0.008,1.766
Angola,1939,0.008,1.766
Angola,1940,0.008,1.766
Angola,1941,0.008,1.766
Angola,1942,0.008,1.766
Angola,1943,0.008,1.766
Angola,1944,0.008,1.766
Angola,1945,0.008,1.766
Angola,1946,0.008,1.766
Angola,1947,0.008,1.766
Angola,1948,0.008,1.766
Angola,1949,0.008,1.766
Angola,1950,0.008,1.766
Angola,1951,0.008,1.766
Angola,1952,0.008,1.766
Angola,1953,0.008,1.766
Angola,1954,0.008,1.766
Angola,1955,0.008,1.766
Angola,1956,0.008,1.766
Angola,1957,0.008,1.766
Angola,1958,0.008,1.766
Angola,1959,0.008,1.766
Angola,1960,0.008,1.766
Angola,1961,0.008,1.766
Angola,1962,0.008,1.966
Angola,1963,0.008,1.966
Angola,1964,0.008,1.966
Angola,1965,0.008,1.966
Angola,1966,0.008,1.966
Angola,1967,0.008,1.966
Angola,1968,0.008,1.966
Angola,1969,0.009,1.966
Angola,1970,0.009,1.966
Angola,1971,0.009,1.966
Angola,1972,0.009,1.966
Angola,1973,0.021,1.966
Angola,1974,0.021,1.966
Angola,1975,0.073,2.554
Angola,1976,0.073,2.554
Angola,1977,0.073,2.554
Angola,1978,0.073,2.554
Angola,1979,0.073,2.554
Angola,1980,0.073,2.554
Angola,1981,0.073,2.554
Angola,1982,0.073,2.554
Angola,1983,0.073,2.554
Angola,1984,0.073,2.554
Angola,1985,0.073,2.554
Angola,1986,0.073,2.554
Angola,1987,0.073,2.554
Angola,1988,0.073,2.554
Angola,1989,0.073,2.554
Angola,1990,0.075,2.554
Angola,1991,0.083,2.554
Angola,1992,0.146,2.554
Angola,1993,0.155,1.584
Angola,1994,0.155,1.584
Angola,1995,0.155,1.584
Angola,1996,0.155,1.584
Angola,1997,0.155,1.584
Angola,1998,0.155,1.584
Angola,1999,0.155,1.584
Angola,2000,0.155,1.584
Angola,2001,0.155,1.584
Angola,2002,0.159,1.584
Angola,2003,0.166,-0.293
Angola,2004,0.165,-0.293
Angola,2005,0.168,-0.293
Angola,2006,0.168,-0.293
Angola,2007,0.168,-0.293
Angola,2008,0.181,-0.52
Angola,2009,0.209,-0.52
Angola,2010,0.211,-0.52
Angola,2011,0.295,-0.52
Angola,2012,0.294,-0.52
Angola,2013,0.29,-0.52
Angola,2014,0.29,-0.52
Angola,2015,0.29,-0.52
Angola,2016,0.29,-0.52
Angola,2017,0.307,-0.906
Angola,2018,0.35,-0.906
Angola,2019,0.347,-0.906
Angola,2020,0.336,-0.734
Angola,2021,0.325,-0.699
Angola,2022,0.326,-0.699
Angola,2023,0.329,-0.644
Angola,2024,0.342,-0.848
Angola,2025,0.344,-0.301
Armenia,1990,0.565,-2.219
Armenia,1991,0.608,-1.512
Armenia,1992,0.611,-0.394
Armenia,1993,0.597,0.631
Armenia,1994,0.584,0.631
Armenia,1995,0.489,0.741
Armenia,1996,0.419,1.264
Armenia,1997,0.392,1.44
Armenia,1998,0.404,0.917
Armenia,1999,0.413,0.608
Armenia,2000,0.416,0.874
Armenia,2001,0.415,0.654
Armenia,2002,0.405,0.878
Armenia,2003,0.349,0.878
Armenia,2004,0.34,0.878
Armenia,2005,0.338,0.233
Armenia,2006,0.338,0.046
Armenia,2007,0.347,0.494
Armenia,2008,0.317,2.185
Armenia,2009,0.318,1.354
Armenia,2010,0.331,0.316
Armenia,2011,0.333,0.485
Armenia,2012,0.353,1.195
Armenia,2013,0.349,1.048
Armenia,2014,0.342,0.863
Armenia,2015,0.346,0.22
Armenia,2016,0.348,0.654
Armenia,2017,0.381,0.306
Armenia,2018,0.524,1.597
Armenia,2019,0.796,1.609
Armenia,2020,0.781,1.433
Armenia,2021,0.724,1.688
Armenia,2022,0.654,2.2
Armenia,2023,0.631,2.59
Armenia,2024,0.625,2.216
Armenia,2025,0.614,2.216
Azerbaijan,1990,0.172,1.59
Azerbaijan,1991,0.186,1.478
Azerbaijan,1992,0.367,1.268
Azerbaijan,1993,0.306,1.569
Azerbaijan,1994,0.249,1.127
Azerbaijan,1995,0.247,1.127
Azerbaijan,1996,0.235,0.397
Azerbaijan,1997,0.237,0.258
Azerbaijan,1998,0.244,0.258
Azerbaijan,1999,0.239,0.258
Azerbaijan,2000,0.245,0.258
Azerbaijan,2001,0.242,0.258
Azerbaijan,2002,0.241,0.414
Azerbaijan,2003,0.238,0.457
Azerbaijan,2004,0.221,0.369
Azerbaijan,2005,0.221,0.369
Azerbaijan,2006,0.219,0.292
Azerbaijan,2007,0.216,0.292
Azerbaijan,2008,0.212,0.25
Azerbaijan,2009,0.212,0.25
Azerbaijan,2010,0.213,0.25
Azerbaijan,2011,0.209,0.25
Azerbaijan,2012,0.206,0.25
Azerbaijan,2013,0.202,0.405
Azerbaijan,2014,0.195,0.533
Azerbaijan,2015,0.193,0.569
Azerbaijan,2016,0.199,0.569
Azerbaijan,2017,0.202,0.448
Azerbaijan,2018,0.192,0.422
Azerbaijan,2019,0.195,0.422
Azerbaijan,2020,0.194,0.944
Azerbaijan,2021,0.193,1.087
Azerbaijan,2022,0.185,0.859
Azerbaijan,2023,0.185,1.04
Azerbaijan,2024,0.174,1.468
Azerbaijan,2025,0.171,2.178
Belarus,1990,0.457,0.26
Belarus,1991,0.489,0.26
Belarus,1992,0.565,0.027
Belarus,1993,0.559,0.027
Belarus,1994,0.546,0.335
Belarus,1995,0.501,0.744
Belarus,1996,0.443,0.744
Belarus,1997,0.369,1.331
Belarus,1998,0.343,1.331
Belarus,1999,0.332,1.331
Belarus,2000,0.296,1.192
Belarus,2001,0.247,1.192
Belarus,2002,0.243,1.192
Belarus,2003,0.241,1.022
Belarus,2004,0.24,1.022
Belarus,2005,0.233,1.067
Belarus,2006,0.225,1.427
Belarus,2007,0.222,1.014
Belarus,2008,0.224,1.014
Belarus,2009,0.227,1.212
Belarus,2010,0.226,1.43
Belarus,2011,0.216,1.287
Belarus,2012,0.221,1.287
Belarus,2013,0.242,1
Belarus,2014,0.243,1
Belarus,2015,0.247,1
Belarus,2016,0.256,1
Belarus,2017,0.254,1
Belarus,2018,0.252,1
Belarus,2019,0.259,1
Belarus,2020,0.208,3.183
Belarus,2021,0.172,3.183
Belarus,2022,0.171,3.183
Belarus,2023,0.157,3.183
Belarus,2024,0.16,3.183
Belarus,2025,0.163,3.183
Cameroon,1961,0.162,0.863
Cameroon,1962,0.162,0.863
Cameroon,1963,0.162,0.863
Cameroon,1964,0.16,0.863
Cameroon,1965,0.16,0.863
Cameroon,1966,0.157,0.863
Cameroon,1967,0.157,0.863
Cameroon,1968,0.157,0.863
Cameroon,1969,0.157,0.863
Cameroon,1970,0.157,0.555
Cameroon,1971,0.157,0.555
Cameroon,1972,0.157,0.555
Cameroon,1973,0.157,0.555
Cameroon,1974,0.157,0.555
Cameroon,1975,0.158,0.555
Cameroon,1976,0.158,0.555
Cameroon,1977,0.158,0.555
Cameroon,1978,0.158,0.555
Cameroon,1979,0.157,0.555
Cameroon,1980,0.162,0.636
Cameroon,1981,0.162,0.636
Cameroon,1982,0.169,0.636
Cameroon,1983,0.177,0.636
Cameroon,1984,0.177,0.636
Cameroon,1985,0.179,0.72
Cameroon,1986,0.179,0.72
Cameroon,1987,0.179,0.72
Cameroon,1988,0.179,0.72
Cameroon,1989,0.179,0.72
Cameroon,1990,0.245,1.729
Cameroon,1991,0.263,1.608
Cameroon,1992,0.288,1.254
Cameroon,1993,0.288,1.254
Cameroon,1994,0.288,1.254
Cameroon,1995,0.287,0.668
Cameroon,1996,0.287,0.668
Cameroon,1997,0.289,0.668
Cameroon,1998,0.292,0.668
Cameroon,1999,0.292,0.668
Cameroon,2000,0.304,0.668
Cameroon,2001,0.304,0.668
Cameroon,2002,0.306,0.668
Cameroon,2003,0.309,0.668
Cameroon,2004,0.312,0.668
Cameroon,2005,0.315,0.668
Cameroon,2006,0.315,0.668
Cameroon,2007,0.314,0.668
Cameroon,2008,0.311,0.668
Cameroon,2009,0.311,0.668
Cameroon,2010,0.314,0.892
Cameroon,2011,0.317,0.892
Cameroon,2012,0.321,0.892
Cameroon,2013,0.319,0.892
Cameroon,2014,0.326,0.892
Cameroon,2015,0.324,1.562
Cameroon,2016,0.307,1.732
Cameroon,2017,0.298,2.387
Cameroon,2018,0.293,2.387
Cameroon,2019,0.28,2.387
Cameroon,2020,0.285,2.458
Cameroon,2021,0.282,1.049
Cameroon,2022,0.291,1.049
Cameroon,2023,0.279,2.151
Cameroon,2024,0.277,2.151
Cameroon,2025,0.26,2.085
Chad,1920,0.011,-0.364
Chad,1921,0.011,-0.364
Chad,1922,0.011,-0.364
Chad,1923,0.011,-0.364
Chad,1924,0.011,-0.364
Chad,1925,0.011,-0.364
Chad,1926,0.011,-0.364
Chad,1927,0.011,-0.364
Chad,1928,0.011,-0.364
Chad,1929,0.011,-0.364
Chad,1930,0.011,-0.364
Chad,1931,0.011,-0.364
Chad,1932,0.011,-0.364
Chad,1933,0.011,-0.364
Chad,1934,0.011,-0.364
Chad,1935,0.011,-0.364
Chad,1936,0.011,-0.364
Chad,1937,0.011,-0.364
Chad,1938,0.011,-0.364
Chad,1939,0.011,-0.364
Chad,1940,0.011,-0.163
Chad,1941,0.011,-0.163
Chad,1942,0.011,-0.163
Chad,1943,0.016,-0.163
Chad,1944,0.016,-0.163
Chad,1945,0.029,-0.163
Chad,1946,0.046,-0.029
Chad,1947,0.131,-0.029
Chad,1948,0.131,-0.029
Chad,1949,0.131,-0.029
Chad,1950,0.138,-0.029
Chad,1951,0.138,-0.029
Chad,1952,0.144,-0.029
Chad,1953,0.144,-0.029
Chad,1954,0.144,-0.029
Chad,1955,0.144,-0.029
Chad,1956,0.144,-0.029
Chad,1957,0.242,-0.029
Chad,1958,0.269,-0.029
Chad,1959,0.269,-0.029
Chad,1960,0.213,-0.029
Chad,1961,0.257,0.033
Chad,1962,0.207,0.033
Chad,1963,0.192,-0.047
Chad,1964,0.192,-0.047
Chad,1965,0.192,-0.047
Chad,1966,0.192,-0.047
Chad,1967,0.192,-0.047
Chad,1968,0.191,-0.047
Chad,1969,0.191,-0.047
Chad,1970,0.192,-0.047
Chad,1971,0.192,-0.047
Chad,1972,0.186,-0.047
Chad,1973,0.187,-0.047
Chad,1974,0.187,-0.047
Chad,1975,0.118,1.182
Chad,1976,0.091,1.457
Chad,1977,0.091,1.457
Chad,1978,0.091,1.457
Chad,1979,0.091,1.457
Chad,1980,0.09,1.201
Chad,1981,0.09,1.201
Chad,1982,0.08,1.201
Chad,1983,0.08,1.372
Chad,1984,0.08,1.372
Chad,1985,0.08,1.372
Chad,1986,0.08,1.372
Chad,1987,0.08,1.372
Chad,1988,0.08,1.372
Chad,1989,0.08,1.372
Chad,1990,0.125,1.518
Chad,1991,0.168,1.195
Chad,1992,0.173,1.195
Chad,1993,0.173,1.195
Chad,1994,0.173,1.458
Chad,1995,0.173,1.458
Chad,1996,0.221,1.458
Chad,1997,0.278,1.458
Chad,1998,0.279,1.458
Chad,1999,0.279,1.458
Chad,2000,0.279,1.63
Chad,2001,0.276,1.63
Chad,2002,0.273,1.63
Chad,2003,0.273,1.63
Chad,2004,0.278,1.63
Chad,2005,0.274,1.63
Chad,2006,0.277,1.63
Chad,2007,0.274,1.63
Chad,2008,0.277,1.63
Chad,2009,0.278,1.63
Chad,2010,0.279,1.819
Chad,2011,0.281,1.819
Chad,2012,0.28,1.819
Chad,2013,0.277,1.819
Chad,2014,0.274,1.819
Chad,2015,0.279,1.819
Chad,2016,0.28,1.819
Chad,2017,0.265,1.819
Chad,2018,0.267,1.819
Chad,2019,0.27,1.819
Chad,2020,0.268,1.819
Chad,2021,0.177,1.819
Chad,2022,0.145,1.819
Chad,2023,0.148,0.896
Chad,2024,0.202,1.969
Chad,2025,0.242,1.969
China,1789,0.036,NA
China,1790,0.036,NA
China,1791,0.036,NA
China,1792,0.036,NA
China,1793,0.036,NA
China,1794,0.036,NA
China,1795,0.036,NA
China,1796,0.036,NA
China,1797,0.036,NA
China,1798,0.036,NA
China,1799,0.036,NA
China,1800,0.036,NA
China,1801,0.036,NA
China,1802,0.036,NA
China,1803,0.036,NA
China,1804,0.036,NA
China,1805,0.036,NA
China,1806,0.036,NA
China,1807,0.036,NA
China,1808,0.036,NA
China,1809,0.036,NA
China,1810,0.036,NA
China,1811,0.036,NA
China,1812,0.036,NA
China,1813,0.036,NA
China,1814,0.036,NA
China,1815,0.036,NA
China,1816,0.036,NA
China,1817,0.036,NA
China,1818,0.036,NA
China,1819,0.036,NA
China,1820,0.036,NA
China,1821,0.036,NA
China,1822,0.036,NA
China,1823,0.036,NA
China,1824,0.036,NA
China,1825,0.036,NA
China,1826,0.036,NA
China,1827,0.036,NA
China,1828,0.036,NA
China,1829,0.036,NA
China,1830,0.036,NA
China,1831,0.036,NA
China,1832,0.036,NA
China,1833,0.036,NA
China,1834,0.036,NA
China,1835,0.036,NA
China,1836,0.036,NA
China,1837,0.036,NA
China,1838,0.036,NA
China,1839,0.036,NA
China,1840,0.036,NA
China,1841,0.036,NA
China,1842,0.036,NA
China,1843,0.036,NA
China,1844,0.036,NA
China,1845,0.036,NA
China,1846,0.036,NA
China,1847,0.036,NA
China,1848,0.036,NA
China,1849,0.036,NA
China,1850,0.035,NA
China,1851,0.033,NA
China,1852,0.033,NA
China,1853,0.033,NA
China,1854,0.033,NA
China,1855,0.033,NA
China,1856,0.033,NA
China,1857,0.033,NA
China,1858,0.033,NA
China,1859,0.033,NA
China,1860,0.033,NA
China,1861,0.033,NA
China,1862,0.033,NA
China,1863,0.041,NA
China,1864,0.041,NA
China,1865,0.044,NA
China,1866,0.044,NA
China,1867,0.044,NA
China,1868,0.044,NA
China,1869,0.044,NA
China,1870,0.044,NA
China,1871,0.044,NA
China,1872,0.044,NA
China,1873,0.044,NA
China,1874,0.044,NA
China,1875,0.044,NA
China,1876,0.044,NA
China,1877,0.044,NA
China,1878,0.044,NA
China,1879,0.044,NA
China,1880,0.044,NA
China,1881,0.044,NA
China,1882,0.044,NA
China,1883,0.044,NA
China,1884,0.044,NA
China,1885,0.044,NA
China,1886,0.044,NA
China,1887,0.044,NA
China,1888,0.044,NA
China,1889,0.044,NA
China,1890,0.042,NA
China,1891,0.042,NA
China,1892,0.042,NA
China,1893,0.042,NA
China,1894,0.042,NA
China,1895,0.046,NA
China,1896,0.057,NA
China,1897,0.057,NA
China,1898,0.053,NA
China,1899,0.048,NA
China,1900,0.055,1.066
China,1901,0.055,1.066
China,1902,0.055,1.066
China,1903,0.055,1.066
China,1904,0.055,1.066
China,1905,0.057,1.066
China,1906,0.057,1.066
China,1907,0.057,1.066
China,1908,0.057,1.066
China,1909,0.057,1.066
China,1910,0.058,2.602
China,1911,0.058,2.602
China,1912,0.102,1.733
China,1913,0.126,1.899
China,1914,0.109,1.899
China,1915,0.108,1.899
China,1916,0.11,1.899
China,1917,0.111,1.899
China,1918,0.12,1.701
China,1919,0.125,1.701
China,1920,0.12,1.558
China,1921,0.121,1.558
China,1922,0.109,1.558
China,1923,0.109,1.558
China,1924,0.109,1.558
China,1925,0.109,2.07
China,1926,0.109,2.07
China,1927,0.098,2.07
China,1928,0.092,2.246
China,1929,0.09,2.246
China,1930,0.089,2.246
China,1931,0.089,2.246
China,1932,0.089,2.246
China,1933,0.089,2.501
China,1934,0.087,2.501
China,1935,0.087,2.501
China,1936,0.087,2.501
China,1937,0.087,1.844
China,1938,0.093,0.577
China,1939,0.091,0.577
China,1940,0.091,1.549
China,1941,0.091,1.549
China,1942,0.091,1.549
China,1943,0.091,1.549
China,1944,0.091,1.868
China,1945,0.091,1.868
China,1946,0.087,2.52
China,1947,0.143,2.52
China,1948,0.159,2.52
China,1949,0.121,2.03
China,1950,0.075,0.132
China,1951,0.075,0.523
China,1952,0.075,0.523
China,1953,0.075,0.523
China,1954,0.074,0.71
China,1955,0.074,0.71
China,1956,0.074,0.71
China,1957,0.069,0.333
China,1958,0.069,0.333
China,1959,0.069,0.333
China,1960,0.069,0.333
China,1961,0.07,0.333
China,1962,0.07,0.834
China,1963,0.07,0.834
China,1964,0.07,0.834
China,1965,0.07,1.023
China,1966,0.071,2.605
China,1967,0.071,2.605
China,1968,0.071,2.605
China,1969,0.069,2.605
China,1970,0.068,2.206
China,1971,0.068,2.206
China,1972,0.068,2.206
China,1973,0.07,2.206
China,1974,0.07,1.947
China,1975,0.07,1.947
China,1976,0.07,1.622
China,1977,0.069,0.455
China,1978,0.076,0.455
China,1979,0.092,-0.663
China,1980,0.098,-0.969
China,1981,0.098,-0.969
China,1982,0.098,-0.969
China,1983,0.098,-0.969
China,1984,0.098,-0.969
China,1985,0.098,-0.969
China,1986,0.102,-0.969
China,1987,0.104,-0.969
China,1988,0.104,-0.969
China,1989,0.1,0.532
China,1990,0.093,-0.24
China,1991,0.094,-0.397
China,1992,0.096,-0.397
China,1993,0.101,-0.809
China,1994,0.102,-0.809
China,1995,0.102,-0.911
China,1996,0.102,-0.911
China,1997,0.102,-0.911
China,1998,0.102,-0.911
China,1999,0.102,-0.911
China,2000,0.1,-0.911
China,2001,0.102,-0.911
China,2002,0.102,-0.911
China,2003,0.103,-0.911
China,2004,0.102,-0.911
China,2005,0.094,-1.067
China,2006,0.094,-1.067
China,2007,0.095,-1.067
China,2008,0.095,-0.834
China,2009,0.094,-0.664
China,2010,0.094,-0.953
China,2011,0.094,-0.953
China,2012,0.094,-0.953
China,2013,0.086,-0.85
China,2014,0.084,-0.85
China,2015,0.082,-0.85
China,2016,0.08,-0.85
China,2017,0.078,-0.656
China,2018,0.076,-0.656
China,2019,0.075,-0.656
China,2020,0.075,-0.999
China,2021,0.077,-0.692
China,2022,0.075,-0.692
China,2023,0.074,-0.11
China,2024,0.073,-0.11
China,2025,0.072,-0.11
Democratic Republic of the Congo,1900,0.006,0.521
Democratic Republic of the Congo,1901,0.006,0.521
Democratic Republic of the Congo,1902,0.006,0.521
Democratic Republic of the Congo,1903,0.006,0.521
Democratic Republic of the Congo,1904,0.006,0.521
Democratic Republic of the Congo,1905,0.006,0.521
Democratic Republic of the Congo,1906,0.006,0.521
Democratic Republic of the Congo,1907,0.006,0.521
Democratic Republic of the Congo,1908,0.006,0.521
Democratic Republic of the Congo,1909,0.006,0.521
Democratic Republic of the Congo,1910,0.006,0.521
Democratic Republic of the Congo,1911,0.006,0.521
Democratic Republic of the Congo,1912,0.006,0.521
Democratic Republic of the Congo,1913,0.006,0.521
Democratic Republic of the Congo,1914,0.006,0.521
Democratic Republic of the Congo,1915,0.006,0.521
Democratic Republic of the Congo,1916,0.006,0.521
Democratic Republic of the Congo,1917,0.006,0.521
Democratic Republic of the Congo,1918,0.006,0.521
Democratic Republic of the Congo,1919,0.006,0.521
Democratic Republic of the Congo,1920,0.009,0.521
Democratic Republic of the Congo,1921,0.009,0.521
Democratic Republic of the Congo,1922,0.009,0.521
Democratic Republic of the Congo,1923,0.009,0.521
Democratic Republic of the Congo,1924,0.009,0.521
Democratic Republic of the Congo,1925,0.009,0.521
Democratic Republic of the Congo,1926,0.009,0.521
Democratic Republic of the Congo,1927,0.009,0.521
Democratic Republic of the Congo,1928,0.009,0.521
Democratic Republic of the Congo,1929,0.009,0.521
Democratic Republic of the Congo,1930,0.009,0.221
Democratic Republic of the Congo,1931,0.009,0.221
Democratic Republic of the Congo,1932,0.009,0.221
Democratic Republic of the Congo,1933,0.009,0.221
Democratic Republic of the Congo,1934,0.009,0.221
Democratic Republic of the Congo,1935,0.009,0.221
Democratic Republic of the Congo,1936,0.009,0.221
Democratic Republic of the Congo,1937,0.009,0.221
Democratic Republic of the Congo,1938,0.009,0.221
Democratic Republic of the Congo,1939,0.009,0.221
Democratic Republic of the Congo,1940,0.009,0.13
Democratic Republic of the Congo,1941,0.009,0.13
Democratic Republic of the Congo,1942,0.009,0.13
Democratic Republic of the Congo,1943,0.009,0.13
Democratic Republic of the Congo,1944,0.009,0.13
Democratic Republic of the Congo,1945,0.009,0.13
Democratic Republic of the Congo,1946,0.009,0.13
Democratic Republic of the Congo,1947,0.009,0.13
Democratic Republic of the Congo,1948,0.009,0.13
Democratic Republic of the Congo,1949,0.009,0.13
Democratic Republic of the Congo,1950,0.009,0.324
Democratic Republic of the Congo,1951,0.009,0.324
Democratic Republic of the Congo,1952,0.009,0.324
Democratic Republic of the Congo,1953,0.009,0.324
Democratic Republic of the Congo,1954,0.009,0.324
Democratic Republic of the Congo,1955,0.019,0.324
Democratic Republic of the Congo,1956,0.018,0.324
Democratic Republic of the Congo,1957,0.02,0.324
Democratic Republic of the Congo,1958,0.029,0.324
Democratic Republic of the Congo,1959,0.033,0.324
Democratic Republic of the Congo,1960,0.217,1.605
Democratic Republic of the Congo,1961,0.28,1.605
Democratic Republic of the Congo,1962,0.28,1.605
Democratic Republic of the Congo,1963,0.28,1.605
Democratic Republic of the Congo,1964,0.28,1.605
Democratic Republic of the Congo,1965,0.2,1.57
Democratic Republic of the Congo,1966,0.093,0.812
Democratic Republic of the Congo,1967,0.105,0.812
Democratic Republic of the Congo,1968,0.104,0.812
Democratic Republic of the Congo,1969,0.104,0.812
Democratic Republic of the Congo,1970,0.101,0.514
Democratic Republic of the Congo,1971,0.148,0.514
Democratic Republic of the Congo,1972,0.148,0.514
Democratic Republic of the Congo,1973,0.148,0.514
Democratic Republic of the Congo,1974,0.148,0.514
Democratic Republic of the Congo,1975,0.148,0.514
Democratic Republic of the Congo,1976,0.147,0.514
Democratic Republic of the Congo,1977,0.147,0.514
Democratic Republic of the Congo,1978,0.148,0.514
Democratic Republic of the Congo,1979,0.148,0.514
Democratic Republic of the Congo,1980,0.149,0.533
Democratic Republic of the Congo,1981,0.149,0.533
Democratic Republic of the Congo,1982,0.15,0.533
Democratic Republic of the Congo,1983,0.151,0.533
Democratic Republic of the Congo,1984,0.15,0.533
Democratic Republic of the Congo,1985,0.149,0.533
Democratic Republic of the Congo,1986,0.149,0.533
Democratic Republic of the Congo,1987,0.15,0.533
Democratic Republic of the Congo,1988,0.152,0.533
Democratic Republic of the Congo,1989,0.152,0.533
Democratic Republic of the Congo,1990,0.177,0.786
Democratic Republic of the Congo,1991,0.198,0.786
Democratic Republic of the Congo,1992,0.2,0.786
Democratic Republic of the Congo,1993,0.168,0.786
Democratic Republic of the Congo,1994,0.17,0.786
Democratic Republic of the Congo,1995,0.17,0.786
Democratic Republic of the Congo,1996,0.17,0.786
Democratic Republic of the Congo,1997,0.126,1.165
Democratic Republic of the Congo,1998,0.149,1.165
Democratic Republic of the Congo,1999,0.149,1.165
Democratic Republic of the Congo,2000,0.15,1.267
Democratic Republic of the Congo,2001,0.156,1.267
Democratic Republic of the Congo,2002,0.163,1.267
Democratic Republic of the Congo,2003,0.18,0.48
Democratic Republic of the Congo,2004,0.187,0.48
Democratic Republic of the Congo,2005,0.197,0.48
Democratic Republic of the Congo,2006,0.251,0.297
Democratic Republic of the Congo,2007,0.355,0.297
Democratic Republic of the Congo,2008,0.357,0.297
Democratic Republic of the Congo,2009,0.36,0.297
Democratic Republic of the Congo,2010,0.352,0.403
Democratic Republic of the Congo,2011,0.347,1.062
Democratic Republic of the Congo,2012,0.321,1.062
Democratic Republic of the Congo,2013,0.319,1.062
Democratic Republic of the Congo,2014,0.318,1.062
Democratic Republic of the Congo,2015,0.316,1.062
Democratic Republic of the Congo,2016,0.305,1.212
Democratic Republic of the Congo,2017,0.304,1.212
Democratic Republic of the Congo,2018,0.306,1.212
Democratic Republic of the Congo,2019,0.344,1.241
Democratic Republic of the Congo,2020,0.347,1.344
Democratic Republic of the Congo,2021,0.342,1.344
Democratic Republic of the Congo,2022,0.336,-0.573
Democratic Republic of the Congo,2023,0.333,-0.573
Democratic Republic of the Congo,2024,0.308,-0.573
Democratic Republic of the Congo,2025,0.306,-0.758
Republic of the Congo,1903,0.026,-1.091
Republic of the Congo,1904,0.026,-1.091
Republic of the Congo,1905,0.026,-1.091
Republic of the Congo,1906,0.026,-1.091
Republic of the Congo,1907,0.026,-1.091
Republic of the Congo,1908,0.026,-1.091
Republic of the Congo,1909,0.026,-1.091
Republic of the Congo,1910,0.026,-1.091
Republic of the Congo,1911,0.026,-1.091
Republic of the Congo,1912,0.026,-1.091
Republic of the Congo,1913,0.026,-1.091
Republic of the Congo,1914,0.026,-1.091
Republic of the Congo,1915,0.026,-1.091
Republic of the Congo,1916,0.026,-1.091
Republic of the Congo,1917,0.026,-1.091
Republic of the Congo,1918,0.026,-1.091
Republic of the Congo,1919,0.026,-1.091
Republic of the Congo,1920,0.026,-1.091
Republic of the Congo,1921,0.026,-1.091
Republic of the Congo,1922,0.026,-1.091
Republic of the Congo,1923,0.026,-1.091
Republic of the Congo,1924,0.026,-1.091
Republic of the Congo,1925,0.026,-1.091
Republic of the Congo,1926,0.026,-1.091
Republic of the Congo,1927,0.026,-1.091
Republic of the Congo,1928,0.026,-1.091
Republic of the Congo,1929,0.026,-1.091
Republic of the Congo,1930,0.026,-1.091
Republic of the Congo,1931,0.026,-1.091
Republic of the Congo,1932,0.026,-1.091
Republic of the Congo,1933,0.026,-1.091
Republic of the Congo,1934,0.026,-1.091
Republic of the Congo,1935,0.026,-1.091
Republic of the Congo,1936,0.026,-1.091
Republic of the Congo,1937,0.026,-1.091
Republic of the Congo,1938,0.026,-1.091
Republic of the Congo,1939,0.026,-1.091
Republic of the Congo,1940,0.026,-1.091
Republic of the Congo,1941,0.026,-1.091
Republic of the Congo,1942,0.026,-1.091
Republic of the Congo,1943,0.026,-1.091
Republic of the Congo,1944,0.026,-1.091
Republic of the Congo,1945,0.036,-1.091
Republic of the Congo,1946,0.043,-1.091
Republic of the Congo,1947,0.1,-1.091
Republic of the Congo,1948,0.1,-1.091
Republic of the Congo,1949,0.1,-1.091
Republic of the Congo,1950,0.1,-1.091
Republic of the Congo,1951,0.106,-1.091
Republic of the Congo,1952,0.106,-1.091
Republic of the Congo,1953,0.106,-1.091
Republic of the Congo,1954,0.106,-1.091
Republic of the Congo,1955,0.106,-1.091
Republic of the Congo,1956,0.11,-0.068
Republic of the Congo,1957,0.179,-0.068
Republic of the Congo,1958,0.191,-0.068
Republic of the Congo,1959,0.183,1.56
Republic of the Congo,1960,0.247,-0.137
Republic of the Congo,1961,0.305,-0.137
Republic of the Congo,1962,0.292,-0.137
Republic of the Congo,1963,0.23,-0.137
Republic of the Congo,1964,0.132,-0.137
Republic of the Congo,1965,0.132,-0.137
Republic of the Congo,1966,0.132,-0.137
Republic of the Congo,1967,0.134,-0.137
Republic of the Congo,1968,0.088,0.781
Republic of the Congo,1969,0.088,0.781
Republic of the Congo,1970,0.087,1.139
Republic of the Congo,1971,0.087,1.139
Republic of the Congo,1972,0.087,1.139
Republic of the Congo,1973,0.099,1.139
Republic of the Congo,1974,0.111,1.139
Republic of the Congo,1975,0.111,1.139
Republic of the Congo,1976,0.112,1.139
Republic of the Congo,1977,0.09,1.139
Republic of the Congo,1978,0.088,0.677
Republic of the Congo,1979,0.099,0.677
Republic of the Congo,1980,0.113,0.677
Republic of the Congo,1981,0.113,0.677
Republic of the Congo,1982,0.113,0.677
Republic of the Congo,1983,0.113,0.677
Republic of the Congo,1984,0.113,0.677
Republic of the Congo,1985,0.112,0.677
Republic of the Congo,1986,0.112,0.677
Republic of the Congo,1987,0.112,0.677
Republic of the Congo,1988,0.112,0.677
Republic of the Congo,1989,0.113,0.677
Republic of the Congo,1990,0.157,0.191
Republic of the Congo,1991,0.255,0.191
Republic of the Congo,1992,0.337,1.282
Republic of the Congo,1993,0.467,1.794
Republic of the Congo,1994,0.45,1.794
Republic of the Congo,1995,0.45,1.794
Republic of the Congo,1996,0.45,1.794
Republic of the Congo,1997,0.243,1.794
Republic of the Congo,1998,0.165,0.659
Republic of the Congo,1999,0.165,0.659
Republic of the Congo,2000,0.163,0.659
Republic of the Congo,2001,0.16,0.659
Republic of the Congo,2002,0.208,-0.237
Republic of the Congo,2003,0.257,-0.237
Republic of the Congo,2004,0.257,-0.237
Republic of the Congo,2005,0.257,-0.237
Republic of the Congo,2006,0.257,-0.237
Republic of the Congo,2007,0.254,-0.237
Republic of the Congo,2008,0.252,-0.237
Republic of the Congo,2009,0.255,-0.237
Republic of the Congo,2010,0.255,-0.237
Republic of the Congo,2011,0.255,0.371
Republic of the Congo,2012,0.254,0.781
Republic of the Congo,2013,0.249,0.781
Republic of the Congo,2014,0.249,0.781
Republic of the Congo,2015,0.249,0.781
Republic of the Congo,2016,0.247,0.365
Republic of the Congo,2017,0.252,0.365
Republic of the Congo,2018,0.258,0.287
Republic of the Congo,2019,0.25,0.287
Republic of the Congo,2020,0.257,0.287
Republic of the Congo,2021,0.254,0.287
Republic of the Congo,2022,0.243,0.287
Republic of the Congo,2023,0.253,-0.25
Republic of the Congo,2024,0.255,-0.25
Republic of the Congo,2025,0.243,-0.25
Djibouti,1900,0.02,-0.369
Djibouti,1901,0.02,-0.369
Djibouti,1902,0.02,-0.369
Djibouti,1903,0.02,-0.369
Djibouti,1904,0.02,-0.369
Djibouti,1905,0.02,-0.369
Djibouti,1906,0.02,-0.369
Djibouti,1907,0.02,-0.369
Djibouti,1908,0.02,-0.369
Djibouti,1909,0.02,-0.369
Djibouti,1910,0.02,-0.369
Djibouti,1911,0.02,-0.369
Djibouti,1912,0.02,-0.369
Djibouti,1913,0.02,-0.369
Djibouti,1914,0.02,-0.369
Djibouti,1915,0.02,-0.369
Djibouti,1916,0.02,-0.369
Djibouti,1917,0.02,-0.369
Djibouti,1918,0.02,-0.369
Djibouti,1919,0.02,-0.369
Djibouti,1920,0.02,-0.369
Djibouti,1921,0.02,-0.369
Djibouti,1922,0.02,-0.369
Djibouti,1923,0.02,-0.369
Djibouti,1924,0.02,-0.369
Djibouti,1925,0.02,-0.369
Djibouti,1926,0.02,-0.369
Djibouti,1927,0.02,-0.369
Djibouti,1928,0.02,-0.369
Djibouti,1929,0.02,-0.369
Djibouti,1930,0.02,-0.369
Djibouti,1931,0.02,-0.369
Djibouti,1932,0.02,-0.369
Djibouti,1933,0.02,-0.369
Djibouti,1934,0.02,-0.369
Djibouti,1935,0.02,-0.369
Djibouti,1936,0.02,-0.369
Djibouti,1937,0.02,-0.369
Djibouti,1938,0.02,-0.369
Djibouti,1939,0.02,-0.369
Djibouti,1940,0.02,-0.369
Djibouti,1941,0.02,-0.369
Djibouti,1942,0.02,-0.369
Djibouti,1943,0.02,-0.369
Djibouti,1944,0.02,-0.369
Djibouti,1945,0.02,-0.369
Djibouti,1946,0.042,-0.369
Djibouti,1947,0.044,-0.369
Djibouti,1948,0.044,-0.369
Djibouti,1949,0.044,-0.369
Djibouti,1950,0.046,-0.109
Djibouti,1951,0.046,-0.109
Djibouti,1952,0.052,-0.109
Djibouti,1953,0.052,-0.109
Djibouti,1954,0.052,-0.109
Djibouti,1955,0.052,-0.109
Djibouti,1956,0.052,-0.109
Djibouti,1957,0.102,-0.109
Djibouti,1958,0.102,-0.109
Djibouti,1959,0.102,-0.109
Djibouti,1960,0.104,-0.109
Djibouti,1961,0.104,-0.109
Djibouti,1962,0.104,-0.109
Djibouti,1963,0.104,-0.109
Djibouti,1964,0.105,-0.109
Djibouti,1965,0.105,-0.109
Djibouti,1966,0.105,-0.109
Djibouti,1967,0.102,-0.109
Djibouti,1968,0.106,-0.109
Djibouti,1969,0.106,-0.109
Djibouti,1970,0.103,-0.109
Djibouti,1971,0.102,-0.109
Djibouti,1972,0.1,-0.109
Djibouti,1973,0.1,-0.109
Djibouti,1974,0.1,-0.109
Djibouti,1975,0.1,0.22
Djibouti,1976,0.1,0.22
Djibouti,1977,0.133,0.22
Djibouti,1978,0.183,0.22
Djibouti,1979,0.183,-0.145
Djibouti,1980,0.181,0.132
Djibouti,1981,0.181,0.132
Djibouti,1982,0.178,0.132
Djibouti,1983,0.178,0.132
Djibouti,1984,0.178,0.132
Djibouti,1985,0.178,0.132
Djibouti,1986,0.178,0.132
Djibouti,1987,0.179,0.132
Djibouti,1988,0.179,0.132
Djibouti,1989,0.179,0.132
Djibouti,1990,0.18,0.73
Djibouti,1991,0.178,1.141
Djibouti,1992,0.226,1.141
Djibouti,1993,0.24,1.141
Djibouti,1994,0.24,1.141
Djibouti,1995,0.24,0.726
Djibouti,1996,0.24,0.726
Djibouti,1997,0.24,0.588
Djibouti,1998,0.245,0.588
Djibouti,1999,0.246,0.588
Djibouti,2000,0.251,0.196
Djibouti,2001,0.253,0.196
Djibouti,2002,0.268,0.196
Djibouti,2003,0.262,0.196
Djibouti,2004,0.264,0.196
Djibouti,2005,0.25,0.196
Djibouti,2006,0.247,0.196
Djibouti,2007,0.247,0.196
Djibouti,2008,0.242,0.196
Djibouti,2009,0.244,0.196
Djibouti,2010,0.242,0.196
Djibouti,2011,0.246,0.196
Djibouti,2012,0.247,-0.006
Djibouti,2013,0.244,0.245
Djibouti,2014,0.245,0.245
Djibouti,2015,0.245,-0.004
Djibouti,2016,0.243,-0.004
Djibouti,2017,0.243,-0.004
Djibouti,2018,0.25,-0.004
Djibouti,2019,0.251,-0.004
Djibouti,2020,0.25,-0.004
Djibouti,2021,0.251,-0.004
Djibouti,2022,0.25,-0.004
Djibouti,2023,0.25,0.36
Djibouti,2024,0.25,0.36
Djibouti,2025,0.25,0.36
Dominican Republic,1789,0.013,NA
Dominican Republic,1790,0.013,NA
Dominican Republic,1791,0.013,NA
Dominican Republic,1792,0.013,NA
Dominican Republic,1793,0.013,NA
Dominican Republic,1794,0.013,NA
Dominican Republic,1795,0.013,NA
Dominican Republic,1796,0.013,NA
Dominican Republic,1797,0.013,NA
Dominican Republic,1798,0.013,NA
Dominican Republic,1799,0.013,NA
Dominican Republic,1800,0.013,NA
Dominican Republic,1801,0.013,NA
Dominican Republic,1802,0.013,NA
Dominican Republic,1803,0.013,NA
Dominican Republic,1804,0.013,NA
Dominican Republic,1805,0.013,NA
Dominican Republic,1806,0.013,NA
Dominican Republic,1807,0.028,NA
Dominican Republic,1808,0.028,NA
Dominican Republic,1809,0.028,NA
Dominican Republic,1810,0.028,NA
Dominican Republic,1811,0.028,NA
Dominican Republic,1812,0.028,NA
Dominican Republic,1813,0.028,NA
Dominican Republic,1814,0.028,NA
Dominican Republic,1815,0.028,NA
Dominican Republic,1816,0.028,NA
Dominican Republic,1817,0.028,NA
Dominican Republic,1818,0.028,NA
Dominican Republic,1819,0.028,NA
Dominican Republic,1820,0.028,NA
Dominican Republic,1821,0.037,NA
Dominican Republic,1822,0.027,NA
Dominican Republic,1844,0.155,NA
Dominican Republic,1845,0.156,NA
Dominican Republic,1846,0.156,NA
Dominican Republic,1847,0.156,NA
Dominican Republic,1848,0.151,NA
Dominican Republic,1849,0.136,NA
Dominican Republic,1850,0.163,NA
Dominican Republic,1851,0.163,NA
Dominican Republic,1852,0.163,NA
Dominican Republic,1853,0.16,NA
Dominican Republic,1854,0.16,NA
Dominican Republic,1855,0.16,NA
Dominican Republic,1856,0.127,NA
Dominican Republic,1857,0.105,NA
Dominican Republic,1858,0.105,NA
Dominican Republic,1859,0.105,NA
Dominican Republic,1860,0.083,NA
Dominican Republic,1861,0.047,NA
Dominican Republic,1862,0.047,NA
Dominican Republic,1863,0.047,NA
Dominican Republic,1864,0.047,NA
Dominican Republic,1865,0.113,NA
Dominican Republic,1866,0.222,NA
Dominican Republic,1867,0.194,NA
Dominican Republic,1868,0.175,NA
Dominican Republic,1869,0.17,NA
Dominican Republic,1870,0.17,NA
Dominican Republic,1871,0.17,NA
Dominican Republic,1872,0.17,NA
Dominican Republic,1873,0.17,NA
Dominican Republic,1874,0.212,NA
Dominican Republic,1875,0.207,NA
Dominican Republic,1876,0.259,NA
Dominican Republic,1877,0.154,NA
Dominican Republic,1878,0.168,NA
Dominican Republic,1879,0.184,NA
Dominican Republic,1880,0.192,NA
Dominican Republic,1881,0.253,NA
Dominican Republic,1882,0.239,NA
Dominican Republic,1883,0.228,NA
Dominican Republic,1884,0.16,NA
Dominican Republic,1885,0.107,NA
Dominican Republic,1886,0.094,NA
Dominican Republic,1887,0.156,NA
Dominican Republic,1888,0.137,NA
Dominican Republic,1889,0.145,NA
Dominican Republic,1890,0.145,NA
Dominican Republic,1891,0.145,NA
Dominican Republic,1892,0.146,NA
Dominican Republic,1893,0.146,NA
Dominican Republic,1894,0.146,NA
Dominican Republic,1895,0.146,NA
Dominican Republic,1896,0.146,NA
Dominican Republic,1897,0.146,NA
Dominican Republic,1898,0.146,NA
Dominican Republic,1899,0.153,NA
Dominican Republic,1900,0.241,1.618
Dominican Republic,1901,0.241,1.618
Dominican Republic,1902,0.226,1.618
Dominican Republic,1903,0.169,1.618
Dominican Republic,1904,0.219,1.618
Dominican Republic,1905,NA,1.618
Dominican Republic,1906,0.218,1.618
Dominican Republic,1907,0.218,1.618
Dominican Republic,1908,0.197,1.618
Dominican Republic,1909,0.185,1.618
Dominican Republic,1910,0.185,1.618
Dominican Republic,1911,0.185,1.618
Dominican Republic,1912,0.205,1.618
Dominican Republic,1913,0.188,1.618
Dominican Republic,1914,0.212,1.618
Dominican Republic,1915,0.234,1.618
Dominican Republic,1916,0.155,2.04
Dominican Republic,1917,0.119,2.04
Dominican Republic,1918,0.119,2.04
Dominican Republic,1919,0.119,2.04
Dominican Republic,1920,0.119,2.04
Dominican Republic,1921,0.119,2.04
Dominican Republic,1922,0.119,2.04
Dominican Republic,1923,0.119,2.04
Dominican Republic,1924,0.177,2.04
Dominican Republic,1925,0.261,2.04
Dominican Republic,1926,0.261,2.04
Dominican Republic,1927,0.273,2.04
Dominican Republic,1928,0.267,2.04
Dominican Republic,1929,0.26,2.04
Dominican Republic,1930,0.145,2.723
Dominican Republic,1931,0.123,2.723
Dominican Republic,1932,0.123,2.723
Dominican Republic,1933,0.123,2.723
Dominican Republic,1934,0.121,2.723
Dominican Republic,1935,0.119,2.723
Dominican Republic,1936,0.119,2.723
Dominican Republic,1937,0.119,2.723
Dominican Republic,1938,0.119,2.723
Dominican Republic,1939,0.119,2.723
Dominican Republic,1940,0.119,2.723
Dominican Republic,1941,0.119,2.723
Dominican Republic,1942,0.119,2.723
Dominican Republic,1943,0.15,2.723
Dominican Republic,1944,0.15,2.723
Dominican Republic,1945,0.15,2.723
Dominican Republic,1946,0.15,2.723
Dominican Republic,1947,0.151,2.723
Dominican Republic,1948,0.151,2.723
Dominican Republic,1949,0.151,2.723
Dominican Republic,1950,0.151,2.723
Dominican Republic,1951,0.15,2.723
Dominican Republic,1952,0.15,2.723
Dominican Republic,1953,0.15,2.723
Dominican Republic,1954,0.15,2.723
Dominican Republic,1955,0.15,2.723
Dominican Republic,1956,0.15,2.723
Dominican Republic,1957,0.15,2.723
Dominican Republic,1958,0.15,2.723
Dominican Republic,1959,0.152,2.723
Dominican Republic,1960,0.147,2.723
Dominican Republic,1961,0.161,2.723
Dominican Republic,1962,0.169,2.021
Dominican Republic,1963,0.369,2.021
Dominican Republic,1964,0.154,2.021
Dominican Republic,1965,0.146,2.72
Dominican Republic,1966,0.194,2.72
Dominican Republic,1967,0.262,2.012
Dominican Republic,1968,0.262,2.012
Dominican Republic,1969,0.262,2.012
Dominican Republic,1970,0.261,2.012
Dominican Republic,1971,0.264,2.012
Dominican Republic,1972,0.264,2.012
Dominican Republic,1973,0.264,2.012
Dominican Republic,1974,0.264,2.012
Dominican Republic,1975,0.268,2.012
Dominican Republic,1976,0.268,2.012
Dominican Republic,1977,0.268,2.012
Dominican Republic,1978,0.356,2.012
Dominican Republic,1979,0.475,0.963
Dominican Republic,1980,0.473,0.963
Dominican Republic,1981,0.473,0.963
Dominican Republic,1982,0.51,0.963
Dominican Republic,1983,0.532,0.963
Dominican Republic,1984,0.531,0.963
Dominican Republic,1985,0.531,0.963
Dominican Republic,1986,0.528,0.963
Dominican Republic,1987,0.516,0.963
Dominican Republic,1988,0.517,0.963
Dominican Republic,1989,0.517,0.963
Dominican Republic,1990,0.46,0.963
Dominican Republic,1991,0.43,0.963
Dominican Republic,1992,0.43,0.963
Dominican Republic,1993,0.43,0.963
Dominican Republic,1994,0.432,0.963
Dominican Republic,1995,0.444,0.963
Dominican Republic,1996,0.544,0.963
Dominican Republic,1997,0.619,0.309
Dominican Republic,1998,0.639,0.021
Dominican Republic,1999,0.647,0.021
Dominican Republic,2000,0.665,0.021
Dominican Republic,2001,0.673,0.021
Dominican Republic,2002,0.672,0.021
Dominican Republic,2003,0.671,0.021
Dominican Republic,2004,0.659,0.021
Dominican Republic,2005,0.651,-0.581
Dominican Republic,2006,0.644,-0.581
Dominican Republic,2007,0.636,-0.581
Dominican Republic,2008,0.638,-0.581
Dominican Republic,2009,0.639,-0.581
Dominican Republic,2010,0.625,-0.414
Dominican Republic,2011,0.623,-0.414
Dominican Republic,2012,0.612,-0.414
Dominican Republic,2013,0.6,-0.414
Dominican Republic,2014,0.6,-0.414
Dominican Republic,2015,0.59,-0.414
Dominican Republic,2016,0.571,-0.414
Dominican Republic,2017,0.559,-0.414
Dominican Republic,2018,0.573,-0.414
Dominican Republic,2019,0.569,-0.414
Dominican Republic,2020,0.656,-0.871
Dominican Republic,2021,0.694,-0.903
Dominican Republic,2022,0.692,-0.903
Dominican Republic,2023,0.692,-0.903
Dominican Republic,2024,0.71,-0.903
Dominican Republic,2025,0.735,-0.903
Eritrea,1900,0.016,0.628
Eritrea,1901,0.016,0.628
Eritrea,1902,0.016,0.628
Eritrea,1903,0.016,0.628
Eritrea,1904,0.016,0.628
Eritrea,1905,0.016,0.628
Eritrea,1906,0.016,0.628
Eritrea,1907,0.016,0.628
Eritrea,1908,0.016,0.628
Eritrea,1909,0.016,0.628
Eritrea,1910,0.016,0.628
Eritrea,1911,0.016,0.628
Eritrea,1912,0.016,0.628
Eritrea,1913,0.016,0.628
Eritrea,1914,0.016,0.628
Eritrea,1915,0.016,0.628
Eritrea,1916,0.016,0.628
Eritrea,1917,0.016,0.628
Eritrea,1918,0.016,0.628
Eritrea,1919,0.016,0.628
Eritrea,1920,0.016,0.628
Eritrea,1921,0.016,0.628
Eritrea,1922,0.016,0.628
Eritrea,1923,0.016,0.628
Eritrea,1924,0.016,0.628
Eritrea,1925,0.016,0.628
Eritrea,1926,0.016,0.628
Eritrea,1927,0.016,0.628
Eritrea,1928,0.016,0.628
Eritrea,1929,0.016,0.628
Eritrea,1930,0.016,0.628
Eritrea,1931,0.016,0.628
Eritrea,1932,0.016,0.628
Eritrea,1933,0.016,0.628
Eritrea,1934,0.016,0.628
Eritrea,1935,0.015,0.628
Eritrea,1936,0.014,0.628
Eritrea,1937,0.014,0.628
Eritrea,1938,0.014,0.628
Eritrea,1939,0.014,0.628
Eritrea,1940,0.028,0.628
Eritrea,1941,0.036,0.949
Eritrea,1942,0.128,1.41
Eritrea,1943,0.128,1.41
Eritrea,1944,0.128,1.41
Eritrea,1945,0.128,1.41
Eritrea,1946,0.128,1.41
Eritrea,1947,0.128,1.41
Eritrea,1948,0.128,1.41
Eritrea,1949,0.128,1.41
Eritrea,1950,0.118,1.41
Eritrea,1951,0.118,1.41
Eritrea,1952,0.126,1.41
Eritrea,1953,0.076,1.219
Eritrea,1954,0.076,1.219
Eritrea,1955,0.076,1.219
Eritrea,1956,0.135,1.219
Eritrea,1957,0.124,1.219
Eritrea,1958,0.121,1.219
Eritrea,1959,0.121,1.219
Eritrea,1960,0.111,1.597
Eritrea,1961,0.111,1.597
Eritrea,1962,0.103,1.597
Eritrea,1963,0.086,1.597
Eritrea,1964,0.085,1.597
Eritrea,1965,0.087,1.597
Eritrea,1966,0.086,1.597
Eritrea,1967,0.086,1.597
Eritrea,1968,0.085,1.597
Eritrea,1969,0.085,1.597
Eritrea,1970,0.083,2.104
Eritrea,1971,0.083,2.104
Eritrea,1972,0.083,2.104
Eritrea,1973,0.081,2.104
Eritrea,1974,0.076,2.104
Eritrea,1975,0.073,2.104
Eritrea,1976,0.073,2.104
Eritrea,1977,0.073,2.104
Eritrea,1978,0.073,2.104
Eritrea,1979,0.073,2.104
Eritrea,1980,0.073,2.104
Eritrea,1981,0.073,2.104
Eritrea,1982,0.073,2.104
Eritrea,1983,0.073,1.63
Eritrea,1984,0.073,1.63
Eritrea,1985,0.073,1.63
Eritrea,1986,0.073,1.63
Eritrea,1987,0.072,1.63
Eritrea,1988,0.072,1.63
Eritrea,1989,0.072,1.63
Eritrea,1990,0.076,1.219
Eritrea,1991,0.083,1.013
Eritrea,1992,0.095,0.77
Eritrea,1993,0.099,0.77
Eritrea,1994,0.102,0.77
Eritrea,1995,0.102,0.77
Eritrea,1996,0.102,0.77
Eritrea,1997,0.131,0.77
Eritrea,1998,0.122,0.667
Eritrea,1999,0.122,1.057
Eritrea,2000,0.12,1.057
Eritrea,2001,0.103,1.852
Eritrea,2002,0.084,1.852
Eritrea,2003,0.067,1.852
Eritrea,2004,0.067,1.852
Eritrea,2005,0.067,1.524
Eritrea,2006,0.067,1.524
Eritrea,2007,0.067,1.524
Eritrea,2008,0.067,1.524
Eritrea,2009,0.068,1.524
Eritrea,2010,0.068,1.524
Eritrea,2011,0.068,1.524
Eritrea,2012,0.067,1.524
Eritrea,2013,0.07,1.524
Eritrea,2014,0.07,1.524
Eritrea,2015,0.069,1.524
Eritrea,2016,0.069,1.524
Eritrea,2017,0.069,1.524
Eritrea,2018,0.068,1.524
Eritrea,2019,0.07,1.524
Eritrea,2020,0.069,1.877
Eritrea,2021,0.071,1.283
Eritrea,2022,0.071,1.283
Eritrea,2023,0.068,1.283
Eritrea,2024,0.069,0.994
Eritrea,2025,0.069,1.217
Gabon,1910,0.013,-2.228
Gabon,1911,0.013,-2.228
Gabon,1912,0.013,-2.228
Gabon,1913,0.013,-2.228
Gabon,1914,0.013,-2.228
Gabon,1915,0.013,-2.228
Gabon,1916,0.013,-2.228
Gabon,1917,0.013,-2.228
Gabon,1918,0.013,-2.228
Gabon,1919,0.013,-2.228
Gabon,1920,0.013,-2.228
Gabon,1921,0.013,-2.228
Gabon,1922,0.013,-2.228
Gabon,1923,0.013,-2.228
Gabon,1924,0.013,-2.228
Gabon,1925,0.013,-2.228
Gabon,1926,0.013,-2.228
Gabon,1927,0.013,-2.228
Gabon,1928,0.013,-2.228
Gabon,1929,0.013,-2.228
Gabon,1930,0.014,-2.228
Gabon,1931,0.014,-2.228
Gabon,1932,0.014,-2.228
Gabon,1933,0.014,-2.228
Gabon,1934,0.014,-2.228
Gabon,1935,0.014,-2.228
Gabon,1936,0.014,-2.228
Gabon,1937,0.014,-2.228
Gabon,1938,0.014,-2.228
Gabon,1939,0.014,-2.228
Gabon,1940,0.014,-2.228
Gabon,1941,0.014,-2.228
Gabon,1942,0.014,-2.228
Gabon,1943,0.014,-2.228
Gabon,1944,0.014,-2.228
Gabon,1945,0.019,-2.228
Gabon,1946,0.089,-2.228
Gabon,1947,0.089,-2.228
Gabon,1948,0.089,-2.228
Gabon,1949,0.09,-2.228
Gabon,1950,0.096,-2.011
Gabon,1951,0.102,-2.011
Gabon,1952,0.099,-2.011
Gabon,1953,0.098,-2.011
Gabon,1954,0.098,-2.011
Gabon,1955,0.098,-2.011
Gabon,1956,0.098,-2.011
Gabon,1957,0.146,-2.011
Gabon,1958,0.151,-2.011
Gabon,1959,0.152,-2.011
Gabon,1960,0.18,-2.185
Gabon,1961,0.213,-2.391
Gabon,1962,0.212,-2.391
Gabon,1963,0.212,-2.391
Gabon,1964,0.139,-2.391
Gabon,1965,0.136,-2.391
Gabon,1966,0.13,-2.391
Gabon,1967,0.134,-1.51
Gabon,1968,0.174,-1.51
Gabon,1969,0.174,-1.51
Gabon,1970,0.185,-1.51
Gabon,1971,0.185,-1.51
Gabon,1972,0.185,-1.51
Gabon,1973,0.185,-1.51
Gabon,1974,0.185,-1.51
Gabon,1975,0.185,-1.51
Gabon,1976,0.185,-1.51
Gabon,1977,0.185,-1.51
Gabon,1978,0.185,-1.51
Gabon,1979,0.186,-1.51
Gabon,1980,0.183,-1.51
Gabon,1981,0.181,-1.51
Gabon,1982,0.181,-1.51
Gabon,1983,0.181,-1.51
Gabon,1984,0.181,-1.51
Gabon,1985,0.181,-1.51
Gabon,1986,0.181,-1.51
Gabon,1987,0.182,-1.51
Gabon,1988,0.182,-1.51
Gabon,1989,0.182,-1.51
Gabon,1990,0.218,-1.17
Gabon,1991,0.308,-1.17
Gabon,1992,0.327,-0.787
Gabon,1993,0.325,-0.787
Gabon,1994,0.329,-0.787
Gabon,1995,0.329,-0.787
Gabon,1996,0.329,-0.787
Gabon,1997,0.338,-0.787
Gabon,1998,0.338,-0.787
Gabon,1999,0.338,-0.787
Gabon,2000,0.337,-0.787
Gabon,2001,0.342,-0.787
Gabon,2002,0.344,-0.787
Gabon,2003,0.344,-0.787
Gabon,2004,0.344,-0.787
Gabon,2005,0.346,-0.787
Gabon,2006,0.353,-0.787
Gabon,2007,0.351,-0.787
Gabon,2008,0.351,-0.787
Gabon,2009,0.35,-0.693
Gabon,2010,0.37,-0.543
Gabon,2011,0.37,-0.543
Gabon,2012,0.359,-0.543
Gabon,2013,0.375,-0.543
Gabon,2014,0.375,-0.543
Gabon,2015,0.375,-0.543
Gabon,2016,0.378,-0.543
Gabon,2017,0.398,-0.543
Gabon,2018,0.386,-0.543
Gabon,2019,0.377,-0.543
Gabon,2020,0.368,-0.543
Gabon,2021,0.368,-0.565
Gabon,2022,0.362,-0.467
Gabon,2023,0.325,-0.347
Gabon,2024,0.227,-0.347
Gabon,2025,0.302,-0.347
The Gambia,1900,0.053,-1.76
The Gambia,1901,0.053,-1.76
The Gambia,1902,0.053,-1.76
The Gambia,1903,0.053,-1.76
The Gambia,1904,0.053,-1.76
The Gambia,1905,0.053,-1.76
The Gambia,1906,0.053,-1.76
The Gambia,1907,0.053,-1.76
The Gambia,1908,0.053,-1.76
The Gambia,1909,0.053,-1.76
The Gambia,1910,0.053,-1.76
The Gambia,1911,0.053,-1.76
The Gambia,1912,0.053,-1.76
The Gambia,1913,0.053,-1.76
The Gambia,1914,0.053,-1.76
The Gambia,1915,0.053,-1.76
The Gambia,1916,0.053,-1.76
The Gambia,1917,0.053,-1.76
The Gambia,1918,0.053,-1.76
The Gambia,1919,0.053,-1.76
The Gambia,1920,0.053,-1.626
The Gambia,1921,0.053,-1.626
The Gambia,1922,0.053,-1.626
The Gambia,1923,0.053,-1.626
The Gambia,1924,0.053,-1.626
The Gambia,1925,0.051,-1.626
The Gambia,1926,0.052,-1.626
The Gambia,1927,0.052,-1.626
The Gambia,1928,0.052,-1.626
The Gambia,1929,0.052,-1.626
The Gambia,1930,0.052,-1.626
The Gambia,1931,0.052,-1.626
The Gambia,1932,0.052,-1.626
The Gambia,1933,0.052,-1.626
The Gambia,1934,0.052,-1.626
The Gambia,1935,0.052,-1.626
The Gambia,1936,0.052,-1.626
The Gambia,1937,0.052,-1.626
The Gambia,1938,0.052,-1.626
The Gambia,1939,0.052,-1.626
The Gambia,1940,0.054,-1.626
The Gambia,1941,0.054,-1.626
The Gambia,1942,0.054,-1.626
The Gambia,1943,0.054,-1.626
The Gambia,1944,0.054,-1.626
The Gambia,1945,0.054,-1.626
The Gambia,1946,0.079,-1.626
The Gambia,1947,0.098,-1.626
The Gambia,1948,0.158,-1.626
The Gambia,1949,0.158,-1.626
The Gambia,1950,0.158,-1.838
The Gambia,1951,0.16,-1.781
The Gambia,1952,0.156,-1.781
The Gambia,1953,0.156,-1.781
The Gambia,1954,0.157,-1.781
The Gambia,1955,0.161,-1.781
The Gambia,1956,0.161,-1.781
The Gambia,1957,0.161,-1.781
The Gambia,1958,0.161,-1.781
The Gambia,1959,0.161,-1.781
The Gambia,1960,0.225,-1.781
The Gambia,1961,0.226,-1.781
The Gambia,1962,0.285,-1.781
The Gambia,1963,0.325,-1.781
The Gambia,1964,0.325,-1.46
The Gambia,1965,0.321,-1.46
The Gambia,1966,0.427,-1.46
The Gambia,1967,0.441,-1.46
The Gambia,1968,0.441,-1.46
The Gambia,1969,0.441,-1.46
The Gambia,1970,0.495,-1.46
The Gambia,1971,0.495,-1.46
The Gambia,1972,0.477,-1.46
The Gambia,1973,0.471,-1.46
The Gambia,1974,0.471,-1.46
The Gambia,1975,0.471,-1.46
The Gambia,1976,0.471,-1.46
The Gambia,1977,0.459,-1.46
The Gambia,1978,0.456,-1.46
The Gambia,1979,0.456,-1.46
The Gambia,1980,0.455,-1.46
The Gambia,1981,0.45,-1.46
The Gambia,1982,0.454,-1.46
The Gambia,1983,0.456,-1.46
The Gambia,1984,0.456,-1.46
The Gambia,1985,0.458,-1.46
The Gambia,1986,0.458,-1.46
The Gambia,1987,0.466,-1.46
The Gambia,1988,0.468,-1.46
The Gambia,1989,0.468,-1.46
The Gambia,1990,0.468,-0.933
The Gambia,1991,0.468,-0.933
The Gambia,1992,0.466,-0.933
The Gambia,1993,0.442,-0.933
The Gambia,1994,0.207,-0.712
The Gambia,1995,0.101,-0.556
The Gambia,1996,0.13,-0.556
The Gambia,1997,0.246,-0.556
The Gambia,1998,0.259,-0.556
The Gambia,1999,0.258,-0.556
The Gambia,2000,0.255,-0.556
The Gambia,2001,0.258,-0.556
The Gambia,2002,0.256,-0.556
The Gambia,2003,0.257,-0.556
The Gambia,2004,0.257,-0.556
The Gambia,2005,0.257,-0.556
The Gambia,2006,0.251,-0.556
The Gambia,2007,0.243,-0.556
The Gambia,2008,0.243,-0.556
The Gambia,2009,0.243,-0.556
The Gambia,2010,0.244,-0.556
The Gambia,2011,0.244,-0.556
The Gambia,2012,0.243,-0.556
The Gambia,2013,0.241,-0.556
The Gambia,2014,0.244,-0.556
The Gambia,2015,0.244,-0.556
The Gambia,2016,0.25,-0.556
The Gambia,2017,0.498,-1.286
The Gambia,2018,0.538,-1.242
The Gambia,2019,0.524,-1.089
The Gambia,2020,0.496,-1.143
The Gambia,2021,0.507,-0.616
The Gambia,2022,0.621,-1.159
The Gambia,2023,0.635,-0.803
The Gambia,2024,0.63,-0.803
The Gambia,2025,0.641,-1.119
Georgia,1990,0.313,2.935
Georgia,1991,0.327,2.935
Georgia,1992,0.254,2.543
Georgia,1993,0.356,2.543
Georgia,1994,0.362,2.058
Georgia,1995,0.366,1.636
Georgia,1996,0.382,1.074
Georgia,1997,0.378,1.074
Georgia,1998,0.38,0.826
Georgia,1999,0.378,0.826
Georgia,2000,0.374,0.826
Georgia,2001,0.382,0.826
Georgia,2002,0.379,1.164
Georgia,2003,0.384,1.588
Georgia,2004,0.548,0.943
Georgia,2005,0.547,0.491
Georgia,2006,0.548,0.491
Georgia,2007,0.539,0.98
Georgia,2008,0.495,1.059
Georgia,2009,0.491,0.819
Georgia,2010,0.496,1.063
Georgia,2011,0.5,1.304
Georgia,2012,0.519,1.455
Georgia,2013,0.623,1.423
Georgia,2014,0.675,1.401
Georgia,2015,0.668,1.118
Georgia,2016,0.685,1.051
Georgia,2017,0.669,1.348
Georgia,2018,0.663,1.67
Georgia,2019,0.627,1.768
Georgia,2020,0.616,1.408
Georgia,2021,0.604,1.913
Georgia,2022,0.607,1.802
Georgia,2023,0.591,1.556
Georgia,2024,0.48,1.752
Georgia,2025,0.401,1.752
Guinea-Bissau,1900,0.014,2.34
Guinea-Bissau,1901,0.014,2.34
Guinea-Bissau,1902,0.014,2.34
Guinea-Bissau,1903,0.014,2.34
Guinea-Bissau,1904,0.014,2.34
Guinea-Bissau,1905,0.014,2.34
Guinea-Bissau,1906,0.014,2.34
Guinea-Bissau,1907,0.014,2.34
Guinea-Bissau,1908,0.014,2.34
Guinea-Bissau,1909,0.014,2.34
Guinea-Bissau,1910,0.02,2.34
Guinea-Bissau,1911,0.02,2.34
Guinea-Bissau,1912,0.02,2.34
Guinea-Bissau,1913,0.02,2.34
Guinea-Bissau,1914,0.02,2.34
Guinea-Bissau,1915,0.019,2.34
Guinea-Bissau,1916,0.019,2.34
Guinea-Bissau,1917,0.019,2.34
Guinea-Bissau,1918,0.019,2.34
Guinea-Bissau,1919,0.019,2.34
Guinea-Bissau,1920,0.019,2.34
Guinea-Bissau,1921,0.019,2.34
Guinea-Bissau,1922,0.019,2.34
Guinea-Bissau,1923,0.019,2.34
Guinea-Bissau,1924,0.019,2.34
Guinea-Bissau,1925,0.019,2.34
Guinea-Bissau,1926,0.012,2.34
Guinea-Bissau,1927,0.01,2.34
Guinea-Bissau,1928,0.009,2.34
Guinea-Bissau,1929,0.008,2.34
Guinea-Bissau,1930,0.007,2.34
Guinea-Bissau,1931,0.007,2.34
Guinea-Bissau,1932,0.007,2.34
Guinea-Bissau,1933,0.007,2.34
Guinea-Bissau,1934,0.007,2.34
Guinea-Bissau,1935,0.007,2.34
Guinea-Bissau,1936,0.007,2.34
Guinea-Bissau,1937,0.007,1.323
Guinea-Bissau,1938,0.007,1.323
Guinea-Bissau,1939,0.007,1.323
Guinea-Bissau,1940,0.007,1.323
Guinea-Bissau,1941,0.007,1.323
Guinea-Bissau,1942,0.007,1.323
Guinea-Bissau,1943,0.007,1.323
Guinea-Bissau,1944,0.007,1.323
Guinea-Bissau,1945,0.007,1.323
Guinea-Bissau,1946,0.007,1.323
Guinea-Bissau,1947,0.007,1.323
Guinea-Bissau,1948,0.007,1.323
Guinea-Bissau,1949,0.007,1.323
Guinea-Bissau,1950,0.007,1.323
Guinea-Bissau,1951,0.007,1.323
Guinea-Bissau,1952,0.007,1.323
Guinea-Bissau,1953,0.007,1.323
Guinea-Bissau,1954,0.007,1.323
Guinea-Bissau,1955,0.007,1.323
Guinea-Bissau,1956,0.009,1.323
Guinea-Bissau,1957,0.009,1.323
Guinea-Bissau,1958,0.009,1.323
Guinea-Bissau,1959,0.009,1.323
Guinea-Bissau,1960,0.012,2.327
Guinea-Bissau,1961,0.012,2.327
Guinea-Bissau,1962,0.012,2.327
Guinea-Bissau,1963,0.012,2.327
Guinea-Bissau,1964,0.012,2.327
Guinea-Bissau,1965,0.012,2.327
Guinea-Bissau,1966,0.012,2.327
Guinea-Bissau,1967,0.012,2.327
Guinea-Bissau,1968,0.012,2.327
Guinea-Bissau,1969,0.012,2.327
Guinea-Bissau,1970,0.012,2.327
Guinea-Bissau,1971,0.012,2.327
Guinea-Bissau,1972,0.012,2.327
Guinea-Bissau,1973,0.08,2.327
Guinea-Bissau,1974,0.113,2.327
Guinea-Bissau,1975,0.115,1.255
Guinea-Bissau,1976,0.115,1.255
Guinea-Bissau,1977,0.125,1.255
Guinea-Bissau,1978,0.125,1.255
Guinea-Bissau,1979,0.125,1.255
Guinea-Bissau,1980,0.121,1.853
Guinea-Bissau,1981,0.092,1.581
Guinea-Bissau,1982,0.092,1.581
Guinea-Bissau,1983,0.092,1.581
Guinea-Bissau,1984,0.092,1.581
Guinea-Bissau,1985,0.092,1.581
Guinea-Bissau,1986,0.092,1.581
Guinea-Bissau,1987,0.092,1.581
Guinea-Bissau,1988,0.092,1.581
Guinea-Bissau,1989,0.092,1.581
Guinea-Bissau,1990,0.101,1.581
Guinea-Bissau,1991,0.101,1.581
Guinea-Bissau,1992,0.13,1.581
Guinea-Bissau,1993,0.157,1.581
Guinea-Bissau,1994,0.249,1.581
Guinea-Bissau,1995,0.358,-0.757
Guinea-Bissau,1996,0.358,-0.757
Guinea-Bissau,1997,0.358,-0.757
Guinea-Bissau,1998,0.358,-0.757
Guinea-Bissau,1999,0.364,-0.757
Guinea-Bissau,2000,0.424,-0.757
Guinea-Bissau,2001,0.428,-0.757
Guinea-Bissau,2002,0.434,-0.757
Guinea-Bissau,2003,0.376,-0.757
Guinea-Bissau,2004,0.377,-0.757
Guinea-Bissau,2005,0.451,-0.757
Guinea-Bissau,2006,0.446,-0.757
Guinea-Bissau,2007,0.446,-0.757
Guinea-Bissau,2008,0.402,-0.757
Guinea-Bissau,2009,0.452,-0.636
Guinea-Bissau,2010,0.448,-0.73
Guinea-Bissau,2011,0.449,-0.73
Guinea-Bissau,2012,0.328,-0.73
Guinea-Bissau,2013,0.288,-0.73
Guinea-Bissau,2014,0.439,-0.73
Guinea-Bissau,2015,0.501,-0.73
Guinea-Bissau,2016,0.5,-0.73
Guinea-Bissau,2017,0.49,-0.73
Guinea-Bissau,2018,0.51,-0.73
Guinea-Bissau,2019,0.529,-0.534
Guinea-Bissau,2020,0.533,-0.581
Guinea-Bissau,2021,0.535,0.216
Guinea-Bissau,2022,0.377,-0.11
Guinea-Bissau,2023,0.428,0.512
Guinea-Bissau,2024,0.279,0.512
Guinea-Bissau,2025,0.252,0.863
Jamaica,1900,0.2,-1.444
Jamaica,1901,0.2,-1.444
Jamaica,1902,0.2,-1.444
Jamaica,1903,0.2,-1.444
Jamaica,1904,0.2,-1.444
Jamaica,1905,0.2,-1.444
Jamaica,1906,0.199,-1.444
Jamaica,1907,0.199,-1.444
Jamaica,1908,0.199,-1.444
Jamaica,1909,0.199,-1.444
Jamaica,1910,0.199,-1.444
Jamaica,1911,0.199,-1.444
Jamaica,1912,0.199,-1.444
Jamaica,1913,0.199,-1.444
Jamaica,1914,0.199,-1.444
Jamaica,1915,0.199,-1.444
Jamaica,1916,0.199,-1.444
Jamaica,1917,0.199,-1.444
Jamaica,1918,0.199,-1.444
Jamaica,1919,0.202,-1.444
Jamaica,1920,0.196,-1.444
Jamaica,1921,0.196,-1.444
Jamaica,1922,0.196,-1.444
Jamaica,1923,0.196,-1.444
Jamaica,1924,0.196,-1.444
Jamaica,1925,0.201,-1.444
Jamaica,1926,0.201,-1.444
Jamaica,1927,0.201,-1.444
Jamaica,1928,0.201,-1.444
Jamaica,1929,0.201,-1.444
Jamaica,1930,0.195,-1.444
Jamaica,1931,0.195,-1.444
Jamaica,1932,0.195,-1.444
Jamaica,1933,0.195,-1.444
Jamaica,1934,0.195,-1.444
Jamaica,1935,0.2,-1.444
Jamaica,1936,0.2,-1.444
Jamaica,1937,0.201,-1.444
Jamaica,1938,0.207,-1.444
Jamaica,1939,0.205,-0.629
Jamaica,1940,0.204,-1.414
Jamaica,1941,0.204,-1.414
Jamaica,1942,0.204,-1.414
Jamaica,1943,0.204,-1.34
Jamaica,1944,0.289,-1.011
Jamaica,1945,0.305,-1.011
Jamaica,1946,0.305,-0.937
Jamaica,1947,0.314,-0.989
Jamaica,1948,0.314,-0.989
Jamaica,1949,0.314,-0.989
Jamaica,1950,0.306,-0.989
Jamaica,1951,0.306,-0.989
Jamaica,1952,0.308,-0.989
Jamaica,1953,0.426,-0.989
Jamaica,1954,0.487,-0.989
Jamaica,1955,0.494,-0.989
Jamaica,1956,0.523,-1.127
Jamaica,1957,0.523,-1.127
Jamaica,1958,0.523,-1.127
Jamaica,1959,0.513,-1.127
Jamaica,1960,0.511,-0.837
Jamaica,1961,0.511,-0.837
Jamaica,1962,0.543,-1.289
Jamaica,1963,0.546,-1.289
Jamaica,1964,0.546,-1.289
Jamaica,1965,0.541,-1.289
Jamaica,1966,0.541,-1.289
Jamaica,1967,0.515,-1.161
Jamaica,1968,0.51,-1.161
Jamaica,1969,0.518,-1.161
Jamaica,1970,0.521,-1.081
Jamaica,1971,0.521,-1.081
Jamaica,1972,0.52,-1.081
Jamaica,1973,0.515,-1.081
Jamaica,1974,0.512,-1.081
Jamaica,1975,0.512,-1.081
Jamaica,1976,0.511,-1.081
Jamaica,1977,0.469,-1.081
Jamaica,1978,0.466,-1.081
Jamaica,1979,0.475,-1.081
Jamaica,1980,0.499,-1.157
Jamaica,1981,0.473,-1.157
Jamaica,1982,0.473,-1.157
Jamaica,1983,0.475,-1.157
Jamaica,1984,0.536,-1.157
Jamaica,1985,0.537,-1.157
Jamaica,1986,0.537,-1.157
Jamaica,1987,0.537,-1.157
Jamaica,1988,0.537,-1.157
Jamaica,1989,0.56,-1.157
Jamaica,1990,0.577,-1.355
Jamaica,1991,0.577,-1.355
Jamaica,1992,0.577,-1.355
Jamaica,1993,0.608,-1.355
Jamaica,1994,0.623,-1.355
Jamaica,1995,0.627,-1.355
Jamaica,1996,0.628,-1.355
Jamaica,1997,0.642,-1.355
Jamaica,1998,0.67,-1.355
Jamaica,1999,0.67,-1.355
Jamaica,2000,0.675,-1.255
Jamaica,2001,0.675,-1.255
Jamaica,2002,0.695,-1.255
Jamaica,2003,0.743,-1.255
Jamaica,2004,0.743,-1.255
Jamaica,2005,0.751,-1.255
Jamaica,2006,0.756,-1.255
Jamaica,2007,0.762,-1.255
Jamaica,2008,0.774,-1.255
Jamaica,2009,0.774,-1.255
Jamaica,2010,0.774,-1.44
Jamaica,2011,0.767,-1.44
Jamaica,2012,0.784,-1.44
Jamaica,2013,0.798,-1.44
Jamaica,2014,0.798,-1.44
Jamaica,2015,0.798,-1.44
Jamaica,2016,0.804,-1.44
Jamaica,2017,0.811,-1.44
Jamaica,2018,0.807,-1.44
Jamaica,2019,0.81,-1.44
Jamaica,2020,0.808,-1.09
Jamaica,2021,0.801,-0.595
Jamaica,2022,0.798,-0.595
Jamaica,2023,0.798,-0.595
Jamaica,2024,0.798,-0.595
Jamaica,2025,0.805,-0.595
Kazakhstan,1990,0.247,-1.114
Kazakhstan,1991,0.289,-1.114
Kazakhstan,1992,0.303,-1.114
Kazakhstan,1993,0.302,-1.114
Kazakhstan,1994,0.303,-1.114
Kazakhstan,1995,0.288,-1.114
Kazakhstan,1996,0.283,-1.114
Kazakhstan,1997,0.295,-1.114
Kazakhstan,1998,0.284,-1.114
Kazakhstan,1999,0.268,-1.114
Kazakhstan,2000,0.27,-0.644
Kazakhstan,2001,0.255,-0.644
Kazakhstan,2002,0.252,-0.644
Kazakhstan,2003,0.247,-0.644
Kazakhstan,2004,0.246,-0.644
Kazakhstan,2005,0.239,-0.644
Kazakhstan,2006,0.242,-0.644
Kazakhstan,2007,0.24,-0.644
Kazakhstan,2008,0.241,-0.644
Kazakhstan,2009,0.242,-0.644
Kazakhstan,2010,0.236,-0.65
Kazakhstan,2011,0.233,-0.65
Kazakhstan,2012,0.232,-0.65
Kazakhstan,2013,0.229,-0.286
Kazakhstan,2014,0.23,-0.286
Kazakhstan,2015,0.234,-0.286
Kazakhstan,2016,0.242,-0.286
Kazakhstan,2017,0.235,-0.286
Kazakhstan,2018,0.232,-0.248
Kazakhstan,2019,0.236,-0.15
Kazakhstan,2020,0.241,-0.03
Kazakhstan,2021,0.253,-0.121
Kazakhstan,2022,0.265,-0.121
Kazakhstan,2023,0.269,-0.121
Kazakhstan,2024,0.267,-0.269
Kazakhstan,2025,0.259,-0.525
Kyrgyzstan,1990,0.252,-1.454
Kyrgyzstan,1991,0.291,-1.454
Kyrgyzstan,1992,0.353,-1.454
Kyrgyzstan,1993,0.342,-1.279
Kyrgyzstan,1994,0.319,-1.279
Kyrgyzstan,1995,0.303,-1.459
Kyrgyzstan,1996,0.295,-1.459
Kyrgyzstan,1997,0.287,-1.254
Kyrgyzstan,1998,0.29,-1.104
Kyrgyzstan,1999,0.286,-0.822
Kyrgyzstan,2000,0.287,-0.822
Kyrgyzstan,2001,0.285,-1.089
Kyrgyzstan,2002,0.282,-1.089
Kyrgyzstan,2003,0.282,-1.089
Kyrgyzstan,2004,0.282,-0.285
Kyrgyzstan,2005,0.319,0.252
Kyrgyzstan,2006,0.331,-1.003
Kyrgyzstan,2007,0.317,-0.475
Kyrgyzstan,2008,0.306,-0.737
Kyrgyzstan,2009,0.294,-0.497
Kyrgyzstan,2010,0.381,0.487
Kyrgyzstan,2011,0.473,-0.4
Kyrgyzstan,2012,0.467,-0.4
Kyrgyzstan,2013,0.447,-0.187
Kyrgyzstan,2014,0.446,-0.187
Kyrgyzstan,2015,0.455,-0.408
Kyrgyzstan,2016,0.447,-0.163
Kyrgyzstan,2017,0.449,0.168
Kyrgyzstan,2018,0.467,-0.067
Kyrgyzstan,2019,0.441,0.447
Kyrgyzstan,2020,0.385,1.158
Kyrgyzstan,2021,0.41,0.454
Kyrgyzstan,2022,0.38,-0.388
Kyrgyzstan,2023,0.348,-0.388
Kyrgyzstan,2024,0.321,-0.388
Kyrgyzstan,2025,0.313,-1.601
Laos,1900,0.034,-0.881
Laos,1901,0.035,-0.881
Laos,1902,0.035,-0.881
Laos,1903,0.035,-0.881
Laos,1904,0.035,-0.881
Laos,1905,0.035,-0.881
Laos,1906,0.035,-0.881
Laos,1907,0.035,-0.881
Laos,1908,0.035,-0.881
Laos,1909,0.035,-0.881
Laos,1910,0.035,-0.881
Laos,1911,0.035,-0.881
Laos,1912,0.035,-0.881
Laos,1913,0.035,-0.881
Laos,1914,0.035,-0.881
Laos,1915,0.035,-0.881
Laos,1916,0.035,-0.881
Laos,1917,0.035,-0.881
Laos,1918,0.035,-0.881
Laos,1919,0.035,-0.881
Laos,1920,0.035,-0.881
Laos,1921,0.035,-0.881
Laos,1922,0.035,-0.881
Laos,1923,0.035,-0.881
Laos,1924,0.035,-0.881
Laos,1925,0.035,-0.881
Laos,1926,0.035,-0.881
Laos,1927,0.034,-0.881
Laos,1928,0.034,-0.881
Laos,1929,0.034,-0.881
Laos,1930,0.034,-0.881
Laos,1931,0.034,-0.881
Laos,1932,0.034,-0.881
Laos,1933,0.034,-0.881
Laos,1934,0.034,-0.881
Laos,1935,0.034,-0.881
Laos,1936,0.034,-0.881
Laos,1937,0.034,-0.881
Laos,1938,0.034,-0.881
Laos,1939,0.034,-0.881
Laos,1940,0.035,-0.881
Laos,1941,0.041,-0.881
Laos,1942,0.041,-0.881
Laos,1943,0.04,-0.881
Laos,1944,0.044,-0.881
Laos,1945,0.06,-0.881
Laos,1946,0.104,-0.199
Laos,1947,0.169,-0.199
Laos,1948,0.194,-0.199
Laos,1949,0.194,0.279
Laos,1950,0.187,0.279
Laos,1951,0.201,0.279
Laos,1952,0.203,0.279
Laos,1953,0.211,0.279
Laos,1954,0.214,0.517
Laos,1955,0.231,0.517
Laos,1956,0.228,0.517
Laos,1957,0.264,0.013
Laos,1958,0.313,0.517
Laos,1959,0.293,1.057
Laos,1960,0.27,1.057
Laos,1961,0.215,1.057
Laos,1962,0.216,1.057
Laos,1963,0.217,1.057
Laos,1964,0.219,1.057
Laos,1965,0.165,1.057
Laos,1966,0.168,1.057
Laos,1967,0.238,1.057
Laos,1968,0.238,1.057
Laos,1969,0.238,1.057
Laos,1970,0.238,1.057
Laos,1971,0.237,1.057
Laos,1972,0.234,1.057
Laos,1973,0.235,1.057
Laos,1974,0.23,1.057
Laos,1975,0.127,1.057
Laos,1976,0.069,-0.203
Laos,1977,0.069,-0.203
Laos,1978,0.069,-0.203
Laos,1979,0.069,-0.203
Laos,1980,0.069,-0.203
Laos,1981,0.069,-0.203
Laos,1982,0.069,-0.203
Laos,1983,0.069,-0.203
Laos,1984,0.069,-0.203
Laos,1985,0.069,-0.203
Laos,1986,0.069,-0.203
Laos,1987,0.07,-0.203
Laos,1988,0.07,-0.203
Laos,1989,0.113,-0.203
Laos,1990,0.116,-0.203
Laos,1991,0.085,-0.203
Laos,1992,0.085,-0.203
Laos,1993,0.085,-0.203
Laos,1994,0.085,-0.203
Laos,1995,0.085,-0.203
Laos,1996,0.085,-0.203
Laos,1997,0.086,-0.203
Laos,1998,0.087,-0.203
Laos,1999,0.087,-0.203
Laos,2000,0.087,-0.545
Laos,2001,0.087,-0.545
Laos,2002,0.09,-0.545
Laos,2003,0.09,-0.545
Laos,2004,0.09,-0.545
Laos,2005,0.09,-0.545
Laos,2006,0.09,-0.545
Laos,2007,0.089,-0.545
Laos,2008,0.09,-0.545
Laos,2009,0.09,-0.545
Laos,2010,0.092,-0.545
Laos,2011,0.09,-0.545
Laos,2012,0.09,-0.545
Laos,2013,0.091,-0.545
Laos,2014,0.091,-0.545
Laos,2015,0.09,-0.545
Laos,2016,0.093,-0.545
Laos,2017,0.124,-0.545
Laos,2018,0.125,-0.545
Laos,2019,0.127,-0.545
Laos,2020,0.126,-0.92
Laos,2021,0.135,-0.92
Laos,2022,0.134,-1.136
Laos,2023,0.132,-1.474
Laos,2024,0.135,-1.474
Laos,2025,0.135,-1.474
Libya,1789,0.018,NA
Libya,1790,0.018,NA
Libya,1791,0.018,NA
Libya,1792,0.018,NA
Libya,1793,0.018,NA
Libya,1794,0.018,NA
Libya,1795,0.018,NA
Libya,1796,0.018,NA
Libya,1797,0.018,NA
Libya,1798,0.018,NA
Libya,1799,0.018,NA
Libya,1800,0.018,NA
Libya,1801,0.018,NA
Libya,1802,0.018,NA
Libya,1803,0.018,NA
Libya,1804,0.018,NA
Libya,1805,0.018,NA
Libya,1806,0.018,NA
Libya,1807,0.018,NA
Libya,1808,0.018,NA
Libya,1809,0.018,NA
Libya,1810,0.018,NA
Libya,1811,0.018,NA
Libya,1812,0.018,NA
Libya,1813,0.018,NA
Libya,1814,0.018,NA
Libya,1815,0.018,NA
Libya,1816,0.018,NA
Libya,1817,0.018,NA
Libya,1818,0.018,NA
Libya,1819,0.018,NA
Libya,1820,0.018,NA
Libya,1821,0.018,NA
Libya,1822,0.018,NA
Libya,1823,0.018,NA
Libya,1824,0.018,NA
Libya,1825,0.018,NA
Libya,1826,0.018,NA
Libya,1827,0.018,NA
Libya,1828,0.018,NA
Libya,1829,0.018,NA
Libya,1830,0.018,NA
Libya,1831,0.018,NA
Libya,1832,0.018,NA
Libya,1833,NA,NA
Libya,1834,NA,NA
Libya,1911,0.014,NA
Libya,1912,0.014,NA
Libya,1913,0.014,NA
Libya,1914,0.014,NA
Libya,1915,0.014,NA
Libya,1916,NA,NA
Libya,1917,NA,NA
Libya,1918,NA,NA
Libya,1919,NA,NA
Libya,1920,NA,NA
Libya,1921,NA,NA
Libya,1922,0.014,NA
Libya,1923,0.014,NA
Libya,1924,0.014,NA
Libya,1925,0.014,NA
Libya,1926,0.014,NA
Libya,1927,0.014,NA
Libya,1928,0.014,NA
Libya,1929,0.014,NA
Libya,1930,0.014,NA
Libya,1931,0.014,NA
Libya,1932,0.014,NA
Libya,1933,0.014,NA
Libya,1934,0.014,0.171
Libya,1935,0.014,0.171
Libya,1936,0.014,0.171
Libya,1937,0.014,0.171
Libya,1938,0.014,0.171
Libya,1939,0.014,0.171
Libya,1940,0.014,0.171
Libya,1941,0.014,0.171
Libya,1951,0.06,-0.098
Libya,1952,0.07,-0.098
Libya,1953,0.066,-0.098
Libya,1954,0.066,-0.098
Libya,1955,0.066,-0.098
Libya,1956,0.102,-0.098
Libya,1957,0.102,-0.098
Libya,1958,0.102,-0.098
Libya,1959,0.102,-0.098
Libya,1960,0.106,-0.098
Libya,1961,0.105,-0.098
Libya,1962,0.105,-0.098
Libya,1963,0.136,-0.098
Libya,1964,0.135,-0.098
Libya,1965,0.139,-0.098
Libya,1966,0.14,-0.098
Libya,1967,0.139,-0.098
Libya,1968,0.14,-0.098
Libya,1969,0.087,0.36
Libya,1970,0.072,0.485
Libya,1971,0.072,0.485
Libya,1972,0.072,0.485
Libya,1973,0.072,0.485
Libya,1974,0.072,0.485
Libya,1975,0.072,0.466
Libya,1976,0.072,0.466
Libya,1977,0.072,0.466
Libya,1978,0.072,0.466
Libya,1979,0.072,0.466
Libya,1980,0.072,0.466
Libya,1981,0.072,0.466
Libya,1982,0.072,0.466
Libya,1983,0.072,0.466
Libya,1984,0.072,0.466
Libya,1985,0.072,0.466
Libya,1986,0.072,0.466
Libya,1987,0.072,0.466
Libya,1988,0.072,0.466
Libya,1989,0.072,0.466
Libya,1990,0.072,0.466
Libya,1991,0.072,0.466
Libya,1992,0.072,0.466
Libya,1993,0.072,0.466
Libya,1994,0.072,0.466
Libya,1995,0.072,0.466
Libya,1996,0.072,0.466
Libya,1997,0.072,0.466
Libya,1998,0.072,0.466
Libya,1999,0.072,0.466
Libya,2000,0.072,0.466
Libya,2001,0.072,0.466
Libya,2002,0.072,0.466
Libya,2003,0.072,0.466
Libya,2004,0.072,0.466
Libya,2005,0.072,0.466
Libya,2006,0.072,0.466
Libya,2007,0.072,0.466
Libya,2008,0.072,0.466
Libya,2009,0.071,0.466
Libya,2010,0.071,0.466
Libya,2011,0.175,0.739
Libya,2012,0.329,1.282
Libya,2013,0.54,1.518
Libya,2014,0.28,2.241
Libya,2015,0.285,3.002
Libya,2016,0.285,3.002
Libya,2017,0.273,3.002
Libya,2018,0.268,3.002
Libya,2019,0.263,3.183
Libya,2020,0.266,3
Libya,2021,0.216,2.893
Libya,2022,0.206,2.476
Libya,2023,0.196,2.476
Libya,2024,0.195,2.476
Libya,2025,0.193,2.476
Madagascar,1817,0.022,NA
Madagascar,1818,0.022,NA
Madagascar,1819,0.022,NA
Madagascar,1820,0.022,NA
Madagascar,1821,0.022,NA
Madagascar,1822,0.022,NA
Madagascar,1823,0.022,NA
Madagascar,1824,0.022,NA
Madagascar,1825,0.022,NA
Madagascar,1826,0.022,NA
Madagascar,1827,0.022,NA
Madagascar,1828,0.021,NA
Madagascar,1829,0.014,NA
Madagascar,1830,0.014,NA
Madagascar,1831,0.014,NA
Madagascar,1832,0.014,NA
Madagascar,1833,0.014,NA
Madagascar,1834,0.014,NA
Madagascar,1835,0.014,NA
Madagascar,1836,0.014,NA
Madagascar,1837,0.014,NA
Madagascar,1838,0.014,NA
Madagascar,1839,0.014,NA
Madagascar,1840,0.014,NA
Madagascar,1841,0.014,NA
Madagascar,1842,0.014,NA
Madagascar,1843,0.014,NA
Madagascar,1844,0.014,NA
Madagascar,1845,0.014,NA
Madagascar,1846,0.014,NA
Madagascar,1847,0.014,NA
Madagascar,1848,0.014,NA
Madagascar,1849,0.014,NA
Madagascar,1850,0.014,NA
Madagascar,1851,0.014,NA
Madagascar,1852,0.014,NA
Madagascar,1853,0.014,NA
Madagascar,1854,0.014,NA
Madagascar,1855,0.014,NA
Madagascar,1856,0.014,NA
Madagascar,1857,0.014,NA
Madagascar,1858,0.014,NA
Madagascar,1859,0.014,NA
Madagascar,1860,0.014,NA
Madagascar,1861,0.038,NA
Madagascar,1862,0.039,NA
Madagascar,1863,0.039,NA
Madagascar,1864,0.027,NA
Madagascar,1865,0.027,NA
Madagascar,1866,0.027,NA
Madagascar,1867,0.027,NA
Madagascar,1868,0.027,NA
Madagascar,1869,0.026,NA
Madagascar,1870,0.026,NA
Madagascar,1871,0.026,NA
Madagascar,1872,0.026,NA
Madagascar,1873,0.026,NA
Madagascar,1874,0.026,NA
Madagascar,1875,0.026,NA
Madagascar,1876,0.026,NA
Madagascar,1877,0.026,NA
Madagascar,1878,0.026,NA
Madagascar,1879,0.026,NA
Madagascar,1880,0.026,NA
Madagascar,1881,0.026,NA
Madagascar,1882,0.026,NA
Madagascar,1883,0.026,NA
Madagascar,1884,0.025,NA
Madagascar,1885,0.025,NA
Madagascar,1886,0.025,NA
Madagascar,1887,0.025,NA
Madagascar,1888,0.025,NA
Madagascar,1889,0.025,NA
Madagascar,1890,0.025,NA
Madagascar,1891,0.025,NA
Madagascar,1892,0.025,NA
Madagascar,1893,0.025,NA
Madagascar,1894,0.025,NA
Madagascar,1895,0.025,NA
Madagascar,1896,0.025,NA
Madagascar,1897,0.019,NA
Madagascar,1898,0.024,NA
Madagascar,1899,0.024,NA
Madagascar,1900,0.028,-0.044
Madagascar,1901,0.027,-0.044
Madagascar,1902,0.027,-0.044
Madagascar,1903,0.027,-0.044
Madagascar,1904,0.027,-0.044
Madagascar,1905,0.027,-0.044
Madagascar,1906,0.032,-0.044
Madagascar,1907,0.032,-0.044
Madagascar,1908,0.032,-0.044
Madagascar,1909,0.032,-0.044
Madagascar,1910,0.032,-0.044
Madagascar,1911,0.032,-0.044
Madagascar,1912,0.034,-0.044
Madagascar,1913,0.032,0.212
Madagascar,1914,0.032,0.212
Madagascar,1915,0.032,0.212
Madagascar,1916,0.032,0.212
Madagascar,1917,0.032,0.212
Madagascar,1918,0.032,0.212
Madagascar,1919,0.032,0.212
Madagascar,1920,0.033,0.212
Madagascar,1921,0.028,0.212
Madagascar,1922,0.028,-0.027
Madagascar,1923,0.028,-0.027
Madagascar,1924,0.028,-0.027
Madagascar,1925,0.028,-0.027
Madagascar,1926,0.028,-0.027
Madagascar,1927,0.028,-0.027
Madagascar,1928,0.028,0.516
Madagascar,1929,0.028,0.516
Madagascar,1930,0.028,0.516
Madagascar,1931,0.028,0.516
Madagascar,1932,0.028,0.516
Madagascar,1933,0.028,0.516
Madagascar,1934,0.028,0.516
Madagascar,1935,0.028,0.516
Madagascar,1936,0.04,0.516
Madagascar,1937,0.041,0.516
Madagascar,1938,0.041,0.516
Madagascar,1939,0.038,0.516
Madagascar,1940,0.028,-0.406
Madagascar,1941,0.028,-0.406
Madagascar,1942,0.028,-0.406
Madagascar,1943,0.028,-0.212
Madagascar,1944,0.028,-0.212
Madagascar,1945,0.032,-0.212
Madagascar,1946,0.083,0.724
Madagascar,1947,0.054,0.945
Madagascar,1948,0.05,0.28
Madagascar,1949,0.05,0.28
Madagascar,1950,0.05,-0.623
Madagascar,1951,0.05,-0.623
Madagascar,1952,0.057,-0.623
Madagascar,1953,0.057,-0.623
Madagascar,1954,0.057,-0.623
Madagascar,1955,0.057,-0.623
Madagascar,1956,0.063,-0.623
Madagascar,1957,0.132,-0.623
Madagascar,1958,0.133,-0.623
Madagascar,1959,0.137,-0.623
Madagascar,1960,0.15,-0.761
Madagascar,1961,0.181,-0.394
Madagascar,1962,0.255,-0.394
Madagascar,1963,0.255,-0.394
Madagascar,1964,0.255,-0.394
Madagascar,1965,0.249,-0.394
Madagascar,1966,0.248,-0.394
Madagascar,1967,0.248,-0.394
Madagascar,1968,0.248,-0.394
Madagascar,1969,0.248,-0.394
Madagascar,1970,0.249,0.355
Madagascar,1971,0.255,0.355
Madagascar,1972,0.192,0.207
Madagascar,1973,0.148,0.013
Madagascar,1974,0.148,0.013
Madagascar,1975,0.15,0.12
Madagascar,1976,0.201,-0.407
Madagascar,1977,0.2,-0.407
Madagascar,1978,0.199,-0.407
Madagascar,1979,0.199,-0.407
Madagascar,1980,0.198,-0.407
Madagascar,1981,0.2,-0.407
Madagascar,1982,0.199,-0.407
Madagascar,1983,0.197,-0.407
Madagascar,1984,0.198,-0.407
Madagascar,1985,0.201,-0.407
Madagascar,1986,0.201,-0.407
Madagascar,1987,0.207,-0.407
Madagascar,1988,0.215,-0.407
Madagascar,1989,0.219,-0.281
Madagascar,1990,0.232,0.707
Madagascar,1991,0.25,2.166
Madagascar,1992,0.282,1.764
Madagascar,1993,0.442,1.057
Madagascar,1994,0.555,0.92
Madagascar,1995,0.555,0.343
Madagascar,1996,0.548,0.425
Madagascar,1997,0.51,0.192
Madagascar,1998,0.507,0.192
Madagascar,1999,0.503,0.192
Madagascar,2000,0.5,1.083
Madagascar,2001,0.494,1.491
Madagascar,2002,0.432,2.202
Madagascar,2003,0.495,1.474
Madagascar,2004,0.495,1.474
Madagascar,2005,0.495,0.967
Madagascar,2006,0.487,0.502
Madagascar,2007,0.495,0.502
Madagascar,2008,0.504,0.502
Madagascar,2009,0.272,1.985
Madagascar,2010,0.221,1.539
Madagascar,2011,0.221,1.539
Madagascar,2012,0.222,1.539
Madagascar,2013,0.246,0.843
Madagascar,2014,0.463,0.843
Madagascar,2015,0.476,0.843
Madagascar,2016,0.48,0.843
Madagascar,2017,0.478,0.843
Madagascar,2018,0.481,0.843
Madagascar,2019,0.478,1.339
Madagascar,2020,0.486,1.339
Madagascar,2021,0.479,1.339
Madagascar,2022,0.477,1.339
Madagascar,2023,0.461,2.376
Madagascar,2024,0.403,2.376
Madagascar,2025,0.361,2.376
Moldova,1990,0.421,0.807
Moldova,1991,0.462,0.807
Moldova,1992,0.501,-0.019
Moldova,1993,0.498,-0.019
Moldova,1994,0.575,-0.23
Moldova,1995,0.591,-1.019
Moldova,1996,0.591,-1.019
Moldova,1997,0.592,-0.518
Moldova,1998,0.582,-0.518
Moldova,1999,0.587,0.217
Moldova,2000,0.579,-0.146
Moldova,2001,0.512,-0.485
Moldova,2002,0.506,-0.485
Moldova,2003,0.506,-0.485
Moldova,2004,0.506,-0.485
Moldova,2005,0.446,-0.485
Moldova,2006,0.435,-0.485
Moldova,2007,0.438,-0.123
Moldova,2008,0.435,0.134
Moldova,2009,0.457,0.408
Moldova,2010,0.603,-0.84
Moldova,2011,0.672,-0.84
Moldova,2012,0.665,-0.84
Moldova,2013,0.638,-0.559
Moldova,2014,0.623,-0.155
Moldova,2015,0.57,0.057
Moldova,2016,0.529,0.326
Moldova,2017,0.503,0.326
Moldova,2018,0.506,0.326
Moldova,2019,0.588,0.062
Moldova,2020,0.651,-0.152
Moldova,2021,0.752,-0.478
Moldova,2022,0.76,0.001
Moldova,2023,0.712,-0.251
Moldova,2024,0.622,1.085
Moldova,2025,0.553,1.597
Namibia,1900,0.031,1.279
Namibia,1901,0.031,1.279
Namibia,1902,0.031,1.279
Namibia,1903,0.031,1.279
Namibia,1904,0.03,1.699
Namibia,1905,0.03,1.699
Namibia,1906,0.03,1.699
Namibia,1907,0.03,1.699
Namibia,1908,0.03,1.276
Namibia,1909,0.03,1.276
Namibia,1910,0.03,1.276
Namibia,1911,0.03,1.276
Namibia,1912,0.03,1.276
Namibia,1913,0.03,1.276
Namibia,1914,0.03,1.465
Namibia,1915,0.032,2.24
Namibia,1916,0.032,2.034
Namibia,1917,0.032,2.034
Namibia,1918,0.032,2.034
Namibia,1919,0.032,2.034
Namibia,1920,0.035,2.034
Namibia,1921,0.035,2.034
Namibia,1922,0.035,2.034
Namibia,1923,0.037,2.034
Namibia,1924,0.037,2.034
Namibia,1925,0.037,2.034
Namibia,1926,0.052,2.034
Namibia,1927,0.061,2.034
Namibia,1928,0.061,2.034
Namibia,1929,0.062,2.034
Namibia,1930,0.063,2.034
Namibia,1931,0.063,2.034
Namibia,1932,0.063,2.034
Namibia,1933,0.063,2.034
Namibia,1934,0.062,2.034
Namibia,1935,0.06,2.034
Namibia,1936,0.06,2.034
Namibia,1937,0.06,2.034
Namibia,1938,0.06,2.034
Namibia,1939,0.06,2.034
Namibia,1940,0.06,2.034
Namibia,1941,0.06,2.034
Namibia,1942,0.06,2.034
Namibia,1943,0.06,2.034
Namibia,1944,0.06,2.034
Namibia,1945,0.059,2.034
Namibia,1946,0.058,2.245
Namibia,1947,0.058,2.245
Namibia,1948,0.056,2.245
Namibia,1949,0.056,2.245
Namibia,1950,0.057,2.245
Namibia,1951,0.059,2.245
Namibia,1952,0.059,2.245
Namibia,1953,0.059,2.245
Namibia,1954,0.059,2.245
Namibia,1955,0.058,2.245
Namibia,1956,0.057,2.245
Namibia,1957,0.057,2.245
Namibia,1958,0.057,2.245
Namibia,1959,0.057,2.594
Namibia,1960,0.06,1.885
Namibia,1961,0.061,1.885
Namibia,1962,0.061,1.885
Namibia,1963,0.061,1.885
Namibia,1964,0.061,1.885
Namibia,1965,0.062,1.885
Namibia,1966,0.067,1.885
Namibia,1967,0.067,1.885
Namibia,1968,0.067,1.885
Namibia,1969,0.067,1.885
Namibia,1970,0.062,1.885
Namibia,1971,0.061,1.885
Namibia,1972,0.061,1.885
Namibia,1973,0.061,1.885
Namibia,1974,0.061,1.885
Namibia,1975,0.063,1.885
Namibia,1976,0.067,1.885
Namibia,1977,0.067,1.885
Namibia,1978,0.068,1.885
Namibia,1979,0.07,1.885
Namibia,1980,0.091,1.885
Namibia,1981,0.091,1.885
Namibia,1982,0.091,1.885
Namibia,1983,0.072,1.885
Namibia,1984,0.071,1.885
Namibia,1985,0.081,1.885
Namibia,1986,0.081,1.885
Namibia,1987,0.083,1.885
Namibia,1988,0.081,1.885
Namibia,1989,0.184,1.885
Namibia,1990,0.529,-0.784
Namibia,1991,0.593,-0.784
Namibia,1992,0.593,-0.784
Namibia,1993,0.593,-0.784
Namibia,1994,0.587,-0.784
Namibia,1995,0.67,-0.784
Namibia,1996,0.67,-0.784
Namibia,1997,0.67,-0.784
Namibia,1998,0.67,-0.522
Namibia,1999,0.669,-0.522
Namibia,2000,0.654,-0.688
Namibia,2001,0.651,-0.784
Namibia,2002,0.651,-0.784
Namibia,2003,0.651,-0.784
Namibia,2004,0.654,-0.784
Namibia,2005,0.664,-0.784
Namibia,2006,0.668,-0.784
Namibia,2007,0.659,-0.538
Namibia,2008,0.662,-0.538
Namibia,2009,0.655,-0.538
Namibia,2010,0.637,-0.786
Namibia,2011,0.644,-0.786
Namibia,2012,0.644,-0.786
Namibia,2013,0.65,-0.786
Namibia,2014,0.656,-0.786
Namibia,2015,0.707,-0.786
Namibia,2016,0.711,-0.786
Namibia,2017,0.709,-0.678
Namibia,2018,0.682,-0.678
Namibia,2019,0.647,-0.107
Namibia,2020,0.632,0.159
Namibia,2021,0.622,-0.05
Namibia,2022,0.626,-0.293
Namibia,2023,0.622,-0.293
Namibia,2024,0.624,-0.344
Namibia,2025,0.633,-0.466
Palestine/West Bank,1948,0.049,-0.422
Palestine/West Bank,1949,0.051,-0.422
Palestine/West Bank,1967,0.051,-1.173
Palestine/West Bank,1968,0.049,-1.173
Palestine/West Bank,1969,0.049,-1.649
Palestine/West Bank,1970,0.085,-1.586
Palestine/West Bank,1971,0.085,-1.586
Palestine/West Bank,1972,0.085,-1.586
Palestine/West Bank,1973,0.087,-1.586
Palestine/West Bank,1974,0.087,-1.586
Palestine/West Bank,1975,0.087,-1.586
Palestine/West Bank,1976,0.087,-1.317
Palestine/West Bank,1977,0.087,-1.317
Palestine/West Bank,1978,0.087,-1.162
Palestine/West Bank,1979,0.087,-1.357
Palestine/West Bank,1980,0.087,-1.357
Palestine/West Bank,1981,0.088,-1.357
Palestine/West Bank,1982,0.088,-1.357
Palestine/West Bank,1983,0.088,-1.357
Palestine/West Bank,1984,0.087,-1.357
Palestine/West Bank,1985,0.087,-1.357
Palestine/West Bank,1986,0.087,-1.357
Palestine/West Bank,1987,0.083,-1.038
Palestine/West Bank,1988,0.083,-1.297
Palestine/West Bank,1989,0.083,-1.297
Palestine/West Bank,1990,0.077,-1.297
Palestine/West Bank,1991,0.079,-1.297
Palestine/West Bank,1992,0.079,-1.297
Palestine/West Bank,1993,0.083,-1.297
Palestine/West Bank,1994,0.155,-1.147
Palestine/West Bank,1995,0.161,-1.151
Palestine/West Bank,1996,0.443,-1.292
Palestine/West Bank,1997,0.454,-1.292
Palestine/West Bank,1998,0.461,-1.088
Palestine/West Bank,1999,0.461,-1.088
Palestine/West Bank,2000,0.471,-1.227
Palestine/West Bank,2001,0.474,-1.227
Palestine/West Bank,2002,0.471,-1.227
Palestine/West Bank,2003,0.502,-1.227
Palestine/West Bank,2004,0.511,-1.227
Palestine/West Bank,2005,0.533,-1.227
Palestine/West Bank,2006,0.501,-0.717
Palestine/West Bank,2007,0.323,-0.717
Palestine/West Bank,2008,0.234,-0.823
Palestine/West Bank,2009,0.242,-0.823
Palestine/West Bank,2010,0.244,-0.823
Palestine/West Bank,2011,0.241,-0.823
Palestine/West Bank,2012,0.243,-0.695
Palestine/West Bank,2013,0.246,-0.695
Palestine/West Bank,2014,0.249,-0.695
Palestine/West Bank,2015,0.244,-0.739
Palestine/West Bank,2016,0.243,-0.739
Palestine/West Bank,2017,0.252,-0.739
Palestine/West Bank,2018,0.265,-0.739
Palestine/West Bank,2019,0.272,-0.739
Palestine/West Bank,2020,0.242,-0.739
Palestine/West Bank,2021,0.235,-0.246
Palestine/West Bank,2022,0.229,-0.006
Palestine/West Bank,2023,0.229,-0.006
Palestine/West Bank,2024,0.212,0.042
Palestine/West Bank,2025,0.214,0.042
Rwanda,1916,0.016,0.392
Rwanda,1917,0.016,0.392
Rwanda,1918,0.016,0.392
Rwanda,1919,0.016,0.392
Rwanda,1920,0.016,0.441
Rwanda,1921,0.016,0.441
Rwanda,1922,0.016,0.441
Rwanda,1923,0.016,0.441
Rwanda,1924,0.016,0.441
Rwanda,1925,0.016,0.441
Rwanda,1926,0.016,0.441
Rwanda,1927,0.016,0.441
Rwanda,1928,0.016,0.441
Rwanda,1929,0.016,0.441
Rwanda,1930,0.016,0.559
Rwanda,1931,0.016,0.559
Rwanda,1932,0.016,0.559
Rwanda,1933,0.016,0.559
Rwanda,1934,0.016,0.559
Rwanda,1935,0.016,0.559
Rwanda,1936,0.016,0.559
Rwanda,1937,0.016,0.559
Rwanda,1938,0.016,0.559
Rwanda,1939,0.016,0.559
Rwanda,1940,0.016,0.559
Rwanda,1941,0.016,0.559
Rwanda,1942,0.016,0.559
Rwanda,1943,0.016,0.559
Rwanda,1944,0.016,0.559
Rwanda,1945,0.016,0.559
Rwanda,1946,0.016,0.559
Rwanda,1947,0.016,0.559
Rwanda,1948,0.016,0.559
Rwanda,1949,0.016,0.559
Rwanda,1950,0.016,0.559
Rwanda,1951,0.016,0.559
Rwanda,1952,0.016,0.559
Rwanda,1953,0.016,0.559
Rwanda,1954,0.016,0.559
Rwanda,1955,0.047,0.559
Rwanda,1956,0.051,0.559
Rwanda,1957,0.062,1.107
Rwanda,1958,0.072,1.107
Rwanda,1959,0.076,2.186
Rwanda,1960,0.086,2.186
Rwanda,1961,0.148,2.186
Rwanda,1962,0.263,1.254
Rwanda,1963,0.252,1.254
Rwanda,1964,0.245,1.465
Rwanda,1965,0.238,0.971
Rwanda,1966,0.235,0.971
Rwanda,1967,0.235,1.466
Rwanda,1968,0.235,0.992
Rwanda,1969,0.239,0.992
Rwanda,1970,0.238,0.992
Rwanda,1971,0.238,0.992
Rwanda,1972,0.238,1.439
Rwanda,1973,0.165,1.225
Rwanda,1974,0.09,0.492
Rwanda,1975,0.088,0.492
Rwanda,1976,0.09,0.492
Rwanda,1977,0.09,0.492
Rwanda,1978,0.093,0.492
Rwanda,1979,0.167,0.492
Rwanda,1980,0.165,0.541
Rwanda,1981,0.165,0.541
Rwanda,1982,0.207,0.541
Rwanda,1983,0.207,0.541
Rwanda,1984,0.204,0.541
Rwanda,1985,0.204,0.541
Rwanda,1986,0.204,0.541
Rwanda,1987,0.204,0.541
Rwanda,1988,0.207,0.541
Rwanda,1989,0.21,0.541
Rwanda,1990,0.217,0.903
Rwanda,1991,0.256,1.282
Rwanda,1992,0.29,1.282
Rwanda,1993,0.187,1.282
Rwanda,1994,0.143,1.937
Rwanda,1995,0.104,0.736
Rwanda,1996,0.107,0.736
Rwanda,1997,0.107,1.005
Rwanda,1998,0.106,1.005
Rwanda,1999,0.107,1.005
Rwanda,2000,0.114,0.568
Rwanda,2001,0.114,0.568
Rwanda,2002,0.115,0.568
Rwanda,2003,0.143,0.568
Rwanda,2004,0.198,0.74
Rwanda,2005,0.196,0.74
Rwanda,2006,0.197,0.74
Rwanda,2007,0.197,0.74
Rwanda,2008,0.203,0.74
Rwanda,2009,0.22,0.74
Rwanda,2010,0.217,0.781
Rwanda,2011,0.216,0.781
Rwanda,2012,0.22,0.781
Rwanda,2013,0.221,0.781
Rwanda,2014,0.226,0.781
Rwanda,2015,0.226,0.781
Rwanda,2016,0.226,0.781
Rwanda,2017,0.222,0.781
Rwanda,2018,0.226,0.781
Rwanda,2019,0.227,0.781
Rwanda,2020,0.227,0.781
Rwanda,2021,0.226,0.781
Rwanda,2022,0.219,0.781
Rwanda,2023,0.212,0.779
Rwanda,2024,0.201,-1.603
Rwanda,2025,0.193,0.428
Somalia,1900,0.037,0.28
Somalia,1901,0.037,0.28
Somalia,1902,0.037,0.28
Somalia,1903,0.037,0.28
Somalia,1904,0.037,0.28
Somalia,1905,0.037,0.28
Somalia,1906,0.037,0.28
Somalia,1907,0.037,0.28
Somalia,1908,0.037,0.28
Somalia,1909,0.037,0.28
Somalia,1910,0.033,0.28
Somalia,1911,0.033,0.28
Somalia,1912,0.033,0.28
Somalia,1913,0.033,0.28
Somalia,1914,0.033,0.28
Somalia,1915,0.033,0.28
Somalia,1916,0.033,0.28
Somalia,1917,0.033,0.28
Somalia,1918,0.033,0.28
Somalia,1919,0.033,0.28
Somalia,1920,0.033,0.28
Somalia,1921,0.033,0.28
Somalia,1922,0.033,0.28
Somalia,1923,0.033,0.28
Somalia,1924,0.033,0.28
Somalia,1925,0.033,0.28
Somalia,1926,0.033,0.28
Somalia,1927,0.033,0.28
Somalia,1928,0.033,0.28
Somalia,1929,0.033,0.28
Somalia,1930,0.033,0.28
Somalia,1931,0.033,0.28
Somalia,1932,0.033,0.28
Somalia,1933,0.033,0.28
Somalia,1934,0.033,0.28
Somalia,1935,0.033,0.28
Somalia,1936,0.033,0.28
Somalia,1937,0.033,0.28
Somalia,1938,0.033,0.28
Somalia,1939,0.033,0.28
Somalia,1940,0.029,0.28
Somalia,1941,0.04,0.28
Somalia,1942,0.044,0.28
Somalia,1943,0.044,0.28
Somalia,1944,0.044,0.28
Somalia,1945,0.043,0.28
Somalia,1946,0.044,0.28
Somalia,1947,0.049,0.28
Somalia,1948,0.049,0.28
Somalia,1949,0.049,0.28
Somalia,1950,0.067,0.28
Somalia,1951,0.071,0.28
Somalia,1952,0.071,0.28
Somalia,1953,0.071,0.28
Somalia,1954,0.071,0.28
Somalia,1955,0.084,0.28
Somalia,1956,0.269,-0.681
Somalia,1957,0.269,-0.681
Somalia,1958,0.269,-0.681
Somalia,1959,0.268,-0.681
Somalia,1960,0.353,-0.259
Somalia,1961,0.362,-0.259
Somalia,1962,0.361,-0.259
Somalia,1963,0.361,-0.259
Somalia,1964,0.351,-0.259
Somalia,1965,0.339,-0.259
Somalia,1966,0.335,-0.259
Somalia,1967,0.335,-0.259
Somalia,1968,0.335,-0.259
Somalia,1969,0.21,0.195
Somalia,1970,0.076,0.247
Somalia,1971,0.076,0.247
Somalia,1972,0.076,0.247
Somalia,1973,0.076,0.247
Somalia,1974,0.076,0.247
Somalia,1975,0.076,0.247
Somalia,1976,0.076,0.247
Somalia,1977,0.076,0.247
Somalia,1978,0.076,0.716
Somalia,1979,0.075,0.716
Somalia,1980,0.084,0.716
Somalia,1981,0.144,0.716
Somalia,1982,0.144,0.716
Somalia,1983,0.144,0.716
Somalia,1984,0.144,0.716
Somalia,1985,0.142,0.716
Somalia,1986,0.142,0.716
Somalia,1987,0.143,0.716
Somalia,1988,0.143,1.259
Somalia,1989,0.143,1.259
Somalia,1990,0.144,2.834
Somalia,1991,0.132,2.834
Somalia,1992,0.151,2.834
Somalia,1993,0.156,2.834
Somalia,1994,0.157,2.834
Somalia,1995,0.158,2.834
Somalia,1996,0.158,2.834
Somalia,1997,0.158,2.834
Somalia,1998,0.158,2.834
Somalia,1999,0.158,2.834
Somalia,2000,0.167,2.834
Somalia,2001,0.166,2.834
Somalia,2002,0.166,2.834
Somalia,2003,0.166,2.834
Somalia,2004,0.166,2.834
Somalia,2005,0.171,2.834
Somalia,2006,0.172,2.782
Somalia,2007,0.172,2.854
Somalia,2008,0.172,2.792
Somalia,2009,0.172,2.792
Somalia,2010,0.186,2.947
Somalia,2011,0.19,2.244
Somalia,2012,0.167,1.437
Somalia,2013,0.162,1.437
Somalia,2014,0.162,1.437
Somalia,2015,0.162,1.548
Somalia,2016,0.16,1.476
Somalia,2017,0.167,1.476
Somalia,2018,0.154,1.544
Somalia,2019,0.148,1.646
Somalia,2020,0.154,1.646
Somalia,2021,0.161,1.251
Somalia,2022,0.158,1.251
Somalia,2023,0.167,1.218
Somalia,2024,0.165,0.857
Somalia,2025,0.165,1.445
Sri Lanka,1900,0.139,-1.569
Sri Lanka,1901,0.139,-1.569
Sri Lanka,1902,0.139,-1.569
Sri Lanka,1903,0.139,-1.569
Sri Lanka,1904,0.139,-1.569
Sri Lanka,1905,0.139,-1.569
Sri Lanka,1906,0.139,-1.569
Sri Lanka,1907,0.139,-1.569
Sri Lanka,1908,0.139,-1.569
Sri Lanka,1909,0.139,-1.569
Sri Lanka,1910,0.139,-1.569
Sri Lanka,1911,0.238,-1.569
Sri Lanka,1912,0.238,-1.569
Sri Lanka,1913,0.238,-1.569
Sri Lanka,1914,0.238,-1.569
Sri Lanka,1915,0.238,-1.569
Sri Lanka,1916,0.238,-1.569
Sri Lanka,1917,0.238,-1.569
Sri Lanka,1918,0.238,-1.569
Sri Lanka,1919,0.238,-1.569
Sri Lanka,1920,0.249,-1.569
Sri Lanka,1921,0.255,-1.569
Sri Lanka,1922,0.255,-1.569
Sri Lanka,1923,0.258,-1.569
Sri Lanka,1924,0.257,-1.569
Sri Lanka,1925,0.257,-1.569
Sri Lanka,1926,0.257,-1.569
Sri Lanka,1927,0.257,-1.569
Sri Lanka,1928,0.257,-1.569
Sri Lanka,1929,0.257,-1.569
Sri Lanka,1930,0.26,-1.569
Sri Lanka,1931,0.286,-1.569
Sri Lanka,1932,0.342,-1.569
Sri Lanka,1933,0.342,-1.569
Sri Lanka,1934,0.342,-1.569
Sri Lanka,1935,0.342,-1.569
Sri Lanka,1936,0.347,-1.569
Sri Lanka,1937,0.347,-1.569
Sri Lanka,1938,0.347,-1.569
Sri Lanka,1939,0.347,-1.569
Sri Lanka,1940,0.337,-1.569
Sri Lanka,1941,0.337,-1.569
Sri Lanka,1942,0.337,-1.569
Sri Lanka,1943,0.337,-1.569
Sri Lanka,1944,0.337,-1.569
Sri Lanka,1945,0.337,-1.569
Sri Lanka,1946,0.344,-1.569
Sri Lanka,1947,0.426,-1.569
Sri Lanka,1948,0.675,-1.569
Sri Lanka,1949,0.664,-1.569
Sri Lanka,1950,0.677,-1.569
Sri Lanka,1951,0.677,-1.569
Sri Lanka,1952,0.651,-1.077
Sri Lanka,1953,0.634,-1.077
Sri Lanka,1954,0.632,-1.077
Sri Lanka,1955,0.638,-1.077
Sri Lanka,1956,0.629,-0.598
Sri Lanka,1957,0.629,-0.638
Sri Lanka,1958,0.63,-0.638
Sri Lanka,1959,0.63,-0.638
Sri Lanka,1960,0.66,-0.638
Sri Lanka,1961,0.666,-0.638
Sri Lanka,1962,0.664,-0.638
Sri Lanka,1963,0.664,-0.638
Sri Lanka,1964,0.664,-0.638
Sri Lanka,1965,0.661,-0.638
Sri Lanka,1966,0.659,-0.638
Sri Lanka,1967,0.659,-0.638
Sri Lanka,1968,0.659,-0.638
Sri Lanka,1969,0.659,-0.638
Sri Lanka,1970,0.64,-0.638
Sri Lanka,1971,0.606,-0.474
Sri Lanka,1972,0.593,-0.635
Sri Lanka,1973,0.588,-0.635
Sri Lanka,1974,0.587,-0.635
Sri Lanka,1975,0.59,-0.635
Sri Lanka,1976,0.59,-0.635
Sri Lanka,1977,0.565,-0.635
Sri Lanka,1978,0.552,-0.558
Sri Lanka,1979,0.543,-0.558
Sri Lanka,1980,0.519,-0.558
Sri Lanka,1981,0.519,-0.558
Sri Lanka,1982,0.512,-0.558
Sri Lanka,1983,0.48,-0.558
Sri Lanka,1984,0.48,-0.558
Sri Lanka,1985,0.48,-0.558
Sri Lanka,1986,0.478,-0.558
Sri Lanka,1987,0.472,-0.558
Sri Lanka,1988,0.461,-0.558
Sri Lanka,1989,0.435,-0.558
Sri Lanka,1990,0.445,-0.558
Sri Lanka,1991,0.445,-0.558
Sri Lanka,1992,0.449,-0.558
Sri Lanka,1993,0.449,-0.558
Sri Lanka,1994,0.49,-0.558
Sri Lanka,1995,0.544,-0.558
Sri Lanka,1996,0.544,-0.558
Sri Lanka,1997,0.544,-0.558
Sri Lanka,1998,0.53,-0.558
Sri Lanka,1999,0.529,-0.558
Sri Lanka,2000,0.494,-0.558
Sri Lanka,2001,0.496,-0.558
Sri Lanka,2002,0.529,-0.558
Sri Lanka,2003,0.529,-0.558
Sri Lanka,2004,0.513,-0.349
Sri Lanka,2005,0.435,-0.349
Sri Lanka,2006,0.373,-0.349
Sri Lanka,2007,0.373,-0.349
Sri Lanka,2008,0.368,-0.349
Sri Lanka,2009,0.366,-0.349
Sri Lanka,2010,0.386,-0.349
Sri Lanka,2011,0.384,-0.349
Sri Lanka,2012,0.39,-0.349
Sri Lanka,2013,0.418,-0.349
Sri Lanka,2014,0.417,-0.349
Sri Lanka,2015,0.55,-0.349
Sri Lanka,2016,0.595,-0.349
Sri Lanka,2017,0.591,-0.349
Sri Lanka,2018,0.612,-0.349
Sri Lanka,2019,0.564,-0.426
Sri Lanka,2020,0.579,-0.404
Sri Lanka,2021,0.572,-0.613
Sri Lanka,2022,0.602,-0.613
Sri Lanka,2023,0.585,-0.613
Sri Lanka,2024,0.677,-0.673
Sri Lanka,2025,0.783,-1.123
Eswatini,1900,0.051,-1.429
Eswatini,1901,0.051,-1.429
Eswatini,1902,0.052,-1.429
Eswatini,1903,0.052,-1.429
Eswatini,1904,0.052,-1.429
Eswatini,1905,0.052,-1.429
Eswatini,1906,0.052,-1.429
Eswatini,1907,0.052,-1.429
Eswatini,1908,0.05,-1.429
Eswatini,1909,0.047,-1.429
Eswatini,1910,0.047,-1.429
Eswatini,1911,0.047,-1.429
Eswatini,1912,0.047,-1.429
Eswatini,1913,0.047,-1.429
Eswatini,1914,0.047,-1.429
Eswatini,1915,0.047,-1.429
Eswatini,1916,0.047,-1.429
Eswatini,1917,0.047,-1.429
Eswatini,1918,0.047,-1.429
Eswatini,1919,0.047,-1.429
Eswatini,1920,0.047,-1.429
Eswatini,1921,0.049,-1.312
Eswatini,1922,0.049,-1.312
Eswatini,1923,0.049,-1.312
Eswatini,1924,0.049,-1.312
Eswatini,1925,0.049,-1.312
Eswatini,1926,0.049,-1.312
Eswatini,1927,0.049,-1.312
Eswatini,1928,0.049,-1.312
Eswatini,1929,0.049,-1.312
Eswatini,1930,0.049,-1.312
Eswatini,1931,0.049,-1.312
Eswatini,1932,0.049,-1.312
Eswatini,1933,0.049,-1.312
Eswatini,1934,0.049,-1.312
Eswatini,1935,0.049,-1.312
Eswatini,1936,0.049,-1.312
Eswatini,1937,0.049,-1.312
Eswatini,1938,0.049,-1.312
Eswatini,1939,0.049,-1.312
Eswatini,1940,0.049,-1.312
Eswatini,1941,0.049,-1.312
Eswatini,1942,0.049,-1.312
Eswatini,1943,0.049,-1.312
Eswatini,1944,0.049,-1.312
Eswatini,1945,0.049,-1.312
Eswatini,1946,0.049,-1.312
Eswatini,1947,0.049,-1.312
Eswatini,1948,0.049,-1.312
Eswatini,1949,0.049,-1.312
Eswatini,1950,0.049,-1.312
Eswatini,1951,0.049,-1.312
Eswatini,1952,0.049,-1.312
Eswatini,1953,0.049,-1.312
Eswatini,1954,0.049,-1.312
Eswatini,1955,0.049,-1.312
Eswatini,1956,0.049,-1.312
Eswatini,1957,0.049,-1.312
Eswatini,1958,0.049,-1.312
Eswatini,1959,0.049,-1.312
Eswatini,1960,0.049,-1.051
Eswatini,1961,0.054,-1.051
Eswatini,1962,0.054,-1.051
Eswatini,1963,0.061,-0.924
Eswatini,1964,0.143,-0.924
Eswatini,1965,0.173,-0.924
Eswatini,1966,0.182,-0.924
Eswatini,1967,0.184,-1.052
Eswatini,1968,0.203,-1.052
Eswatini,1969,0.208,-1.052
Eswatini,1970,0.209,-0.922
Eswatini,1971,0.206,-0.922
Eswatini,1972,0.204,-0.922
Eswatini,1973,0.128,1.192
Eswatini,1974,0.09,1.049
Eswatini,1975,0.09,1.387
Eswatini,1976,0.09,1.387
Eswatini,1977,0.09,1.387
Eswatini,1978,0.097,1.387
Eswatini,1979,0.131,1.387
Eswatini,1980,0.131,1.551
Eswatini,1981,0.131,1.551
Eswatini,1982,0.131,1.551
Eswatini,1983,0.131,1.551
Eswatini,1984,0.126,1.551
Eswatini,1985,0.126,1.551
Eswatini,1986,0.126,1.551
Eswatini,1987,0.126,1.551
Eswatini,1988,0.122,1.551
Eswatini,1989,0.122,1.551
Eswatini,1990,0.124,1.551
Eswatini,1991,0.124,1.551
Eswatini,1992,0.124,1.551
Eswatini,1993,0.122,1.551
Eswatini,1994,0.117,1.328
Eswatini,1995,0.117,1.328
Eswatini,1996,0.115,1.328
Eswatini,1997,0.115,1.328
Eswatini,1998,0.117,1.328
Eswatini,1999,0.123,1.328
Eswatini,2000,0.124,1.328
Eswatini,2001,0.125,1.328
Eswatini,2002,0.125,1.328
Eswatini,2003,0.125,1.328
Eswatini,2004,0.123,1.328
Eswatini,2005,0.128,1.328
Eswatini,2006,0.129,1.328
Eswatini,2007,0.129,1.328
Eswatini,2008,0.127,1.328
Eswatini,2009,0.124,1.328
Eswatini,2010,0.125,1.328
Eswatini,2011,0.125,1.328
Eswatini,2012,0.125,1.328
Eswatini,2013,0.13,1.328
Eswatini,2014,0.131,1.328
Eswatini,2015,0.131,1.328
Eswatini,2016,0.131,1.328
Eswatini,2017,0.132,1.023
Eswatini,2018,0.132,1.023
Eswatini,2019,0.133,1.023
Eswatini,2020,0.132,1.311
Eswatini,2021,0.12,1.846
Eswatini,2022,0.117,1.846
Eswatini,2023,0.121,1.642
Eswatini,2024,0.129,1.642
Eswatini,2025,0.128,1.642
Tajikistan,1990,0.259,-0.249
Tajikistan,1991,0.306,-0.03
Tajikistan,1992,0.278,0.768
Tajikistan,1993,0.217,0.768
Tajikistan,1994,0.194,0.768
Tajikistan,1995,0.173,0.768
Tajikistan,1996,0.173,0.678
Tajikistan,1997,0.182,0.678
Tajikistan,1998,0.196,-0.157
Tajikistan,1999,0.209,-0.385
Tajikistan,2000,0.239,-0.671
Tajikistan,2001,0.244,-0.671
Tajikistan,2002,0.241,-0.671
Tajikistan,2003,0.245,-0.954
Tajikistan,2004,0.243,-0.954
Tajikistan,2005,0.228,-0.954
Tajikistan,2006,0.226,-0.954
Tajikistan,2007,0.227,-0.954
Tajikistan,2008,0.229,-0.954
Tajikistan,2009,0.23,-0.954
Tajikistan,2010,0.225,-0.942
Tajikistan,2011,0.225,-1.278
Tajikistan,2012,0.222,-1.278
Tajikistan,2013,0.206,-1.278
Tajikistan,2014,0.201,-1.251
Tajikistan,2015,0.184,-1.251
Tajikistan,2016,0.174,-1.251
Tajikistan,2017,0.168,-1.251
Tajikistan,2018,0.164,-1.251
Tajikistan,2019,0.164,-1.251
Tajikistan,2020,0.17,-1.251
Tajikistan,2021,0.171,-1.251
Tajikistan,2022,0.164,-1.125
Tajikistan,2023,0.164,-1.454
Tajikistan,2024,0.168,-1.454
Tajikistan,2025,0.158,-1.479
Togo,1916,0.015,-1.925
Togo,1917,0.015,-1.925
Togo,1918,0.015,-1.925
Togo,1919,0.015,-1.925
Togo,1920,0.015,-1.925
Togo,1921,0.015,-1.925
Togo,1922,0.015,-1.925
Togo,1923,0.015,-1.925
Togo,1924,0.015,-1.925
Togo,1925,0.015,-1.925
Togo,1926,0.015,-1.925
Togo,1927,0.015,-1.925
Togo,1928,0.015,-1.925
Togo,1929,0.015,-1.925
Togo,1930,0.015,-1.925
Togo,1931,0.015,-1.925
Togo,1932,0.015,-1.925
Togo,1933,0.015,-1.925
Togo,1934,0.015,-1.925
Togo,1935,0.015,-1.925
Togo,1936,0.015,-1.925
Togo,1937,0.015,-1.925
Togo,1938,0.015,-1.925
Togo,1939,0.015,-1.925
Togo,1940,0.015,-1.925
Togo,1941,0.017,-1.925
Togo,1942,0.017,-1.925
Togo,1943,0.017,-1.925
Togo,1944,0.025,-1.925
Togo,1945,0.029,-1.925
Togo,1946,0.043,-1.662
Togo,1947,0.064,-1.662
Togo,1948,0.064,-1.662
Togo,1949,0.064,-1.662
Togo,1950,0.065,-1.662
Togo,1951,0.065,-1.351
Togo,1952,0.074,-1.351
Togo,1953,0.075,-1.351
Togo,1954,0.075,-1.351
Togo,1955,0.075,-1.351
Togo,1956,0.124,-0.636
Togo,1957,0.173,0.769
Togo,1958,0.203,0.383
Togo,1959,0.222,0.383
Togo,1960,0.248,0.383
Togo,1961,0.266,1.112
Togo,1962,0.263,1.112
Togo,1963,0.214,0.651
Togo,1964,0.229,0.651
Togo,1965,0.229,0.651
Togo,1966,0.229,0.651
Togo,1967,0.099,0.651
Togo,1968,0.087,0.332
Togo,1969,0.08,0.332
Togo,1970,0.079,0.332
Togo,1971,0.079,0.332
Togo,1972,0.079,0.332
Togo,1973,0.079,0.332
Togo,1974,0.079,0.332
Togo,1975,0.079,0.332
Togo,1976,0.079,0.332
Togo,1977,0.081,0.332
Togo,1978,0.081,0.332
Togo,1979,0.081,0.332
Togo,1980,0.14,-0.539
Togo,1981,0.15,-0.539
Togo,1982,0.15,-0.539
Togo,1983,0.15,-0.539
Togo,1984,0.15,-0.539
Togo,1985,0.151,-0.539
Togo,1986,0.151,-0.539
Togo,1987,0.15,-0.539
Togo,1988,0.15,-0.539
Togo,1989,0.15,-0.539
Togo,1990,0.155,1.536
Togo,1991,0.229,1.536
Togo,1992,0.274,2.427
Togo,1993,0.289,2.427
Togo,1994,0.317,2.427
Togo,1995,0.322,2.427
Togo,1996,0.328,2.427
Togo,1997,0.328,2.427
Togo,1998,0.31,2.427
Togo,1999,0.297,2.427
Togo,2000,0.301,2.427
Togo,2001,0.301,2.427
Togo,2002,0.302,2.427
Togo,2003,0.304,2.427
Togo,2004,0.303,2.427
Togo,2005,0.325,1.983
Togo,2006,0.338,1.234
Togo,2007,0.355,1.234
Togo,2008,0.433,1.234
Togo,2009,0.434,1.234
Togo,2010,0.414,1.455
Togo,2011,0.416,1.282
Togo,2012,0.412,1.282
Togo,2013,0.432,1.282
Togo,2014,0.465,1.282
Togo,2015,0.471,1.282
Togo,2016,0.472,1.282
Togo,2017,0.442,1.736
Togo,2018,0.428,1.736
Togo,2019,0.395,1.736
Togo,2020,0.424,1.736
Togo,2021,0.396,1.245
Togo,2022,0.399,-0.03
Togo,2023,0.389,-0.194
Togo,2024,0.35,0.563
Togo,2025,0.351,0.528
Trinidad and Tobago,1900,0.081,-1.423
Trinidad and Tobago,1901,0.081,-1.423
Trinidad and Tobago,1902,0.081,-1.423
Trinidad and Tobago,1903,0.081,-1.423
Trinidad and Tobago,1904,0.081,-1.423
Trinidad and Tobago,1905,0.081,-1.423
Trinidad and Tobago,1906,0.081,-1.423
Trinidad and Tobago,1907,0.081,-1.423
Trinidad and Tobago,1908,0.081,-1.423
Trinidad and Tobago,1909,0.081,-1.423
Trinidad and Tobago,1910,0.081,-1.423
Trinidad and Tobago,1911,0.081,-1.423
Trinidad and Tobago,1912,0.081,-1.423
Trinidad and Tobago,1913,0.081,-1.423
Trinidad and Tobago,1914,0.081,-1.423
Trinidad and Tobago,1915,0.081,-1.423
Trinidad and Tobago,1916,0.081,-1.423
Trinidad and Tobago,1917,0.082,-1.423
Trinidad and Tobago,1918,0.083,-1.423
Trinidad and Tobago,1919,0.096,-1.423
Trinidad and Tobago,1920,0.096,-0.682
Trinidad and Tobago,1921,0.096,-0.682
Trinidad and Tobago,1922,0.096,-0.682
Trinidad and Tobago,1923,0.096,-0.682
Trinidad and Tobago,1924,0.096,-0.682
Trinidad and Tobago,1925,0.192,-0.682
Trinidad and Tobago,1926,0.202,-0.682
Trinidad and Tobago,1927,0.207,-0.682
Trinidad and Tobago,1928,0.211,-0.682
Trinidad and Tobago,1929,0.211,-0.682
Trinidad and Tobago,1930,0.211,-0.682
Trinidad and Tobago,1931,0.211,-0.682
Trinidad and Tobago,1932,0.211,-0.682
Trinidad and Tobago,1933,0.212,-0.682
Trinidad and Tobago,1934,0.212,-0.682
Trinidad and Tobago,1935,0.212,-0.682
Trinidad and Tobago,1936,0.214,-0.682
Trinidad and Tobago,1937,0.213,-0.682
Trinidad and Tobago,1938,0.218,-0.682
Trinidad and Tobago,1939,0.218,-0.682
Trinidad and Tobago,1940,0.218,-0.682
Trinidad and Tobago,1941,0.218,-0.682
Trinidad and Tobago,1942,0.22,-0.682
Trinidad and Tobago,1943,0.22,-0.682
Trinidad and Tobago,1944,0.22,-0.682
Trinidad and Tobago,1945,0.231,-0.682
Trinidad and Tobago,1946,0.3,-0.682
Trinidad and Tobago,1947,0.299,-0.682
Trinidad and Tobago,1948,0.301,-0.682
Trinidad and Tobago,1949,0.301,-0.682
Trinidad and Tobago,1950,0.302,-0.682
Trinidad and Tobago,1951,0.309,-0.682
Trinidad and Tobago,1952,0.309,-0.682
Trinidad and Tobago,1953,0.309,-0.682
Trinidad and Tobago,1954,0.309,-0.682
Trinidad and Tobago,1955,0.31,-0.682
Trinidad and Tobago,1956,0.339,-0.682
Trinidad and Tobago,1957,0.474,-0.682
Trinidad and Tobago,1958,0.474,-0.682
Trinidad and Tobago,1959,0.474,-0.682
Trinidad and Tobago,1960,0.485,-1.426
Trinidad and Tobago,1961,0.487,-1.426
Trinidad and Tobago,1962,0.536,-1.426
Trinidad and Tobago,1963,0.551,-1.426
Trinidad and Tobago,1964,0.555,-1.426
Trinidad and Tobago,1965,0.555,-1.426
Trinidad and Tobago,1966,0.56,-1.426
Trinidad and Tobago,1967,0.585,-1.426
Trinidad and Tobago,1968,0.582,-1.426
Trinidad and Tobago,1969,0.588,-1.426
Trinidad and Tobago,1970,0.593,-1.426
Trinidad and Tobago,1971,0.582,-1.426
Trinidad and Tobago,1972,0.572,-1.426
Trinidad and Tobago,1973,0.576,-1.426
Trinidad and Tobago,1974,0.576,-1.426
Trinidad and Tobago,1975,0.573,-1.426
Trinidad and Tobago,1976,0.605,-1.804
Trinidad and Tobago,1977,0.656,-1.804
Trinidad and Tobago,1978,0.668,-1.804
Trinidad and Tobago,1979,0.668,-1.804
Trinidad and Tobago,1980,0.679,-2.168
Trinidad and Tobago,1981,0.688,-2.168
Trinidad and Tobago,1982,0.693,-2.168
Trinidad and Tobago,1983,0.693,-2.168
Trinidad and Tobago,1984,0.694,-2.168
Trinidad and Tobago,1985,0.694,-2.168
Trinidad and Tobago,1986,0.707,-2.168
Trinidad and Tobago,1987,0.739,-2.168
Trinidad and Tobago,1988,0.739,-2.168
Trinidad and Tobago,1989,0.739,-2.168
Trinidad and Tobago,1990,0.744,-2.168
Trinidad and Tobago,1991,0.762,-2.168
Trinidad and Tobago,1992,0.772,-2.168
Trinidad and Tobago,1993,0.772,-2.168
Trinidad and Tobago,1994,0.775,-2.168
Trinidad and Tobago,1995,0.772,-2.168
Trinidad and Tobago,1996,0.776,-2.168
Trinidad and Tobago,1997,0.776,-2.168
Trinidad and Tobago,1998,0.776,-2.168
Trinidad and Tobago,1999,0.776,-2.168
Trinidad and Tobago,2000,0.782,-2.168
Trinidad and Tobago,2001,0.754,-2.168
Trinidad and Tobago,2002,0.766,-2.168
Trinidad and Tobago,2003,0.776,-2.168
Trinidad and Tobago,2004,0.776,-2.168
Trinidad and Tobago,2005,0.775,-2.168
Trinidad and Tobago,2006,0.779,-2.168
Trinidad and Tobago,2007,0.781,-2.168
Trinidad and Tobago,2008,0.801,-2.168
Trinidad and Tobago,2009,0.801,-2.168
Trinidad and Tobago,2010,0.802,-2.168
Trinidad and Tobago,2011,0.803,-2.168
Trinidad and Tobago,2012,0.803,-2.168
Trinidad and Tobago,2013,0.777,-2.168
Trinidad and Tobago,2014,0.777,-2.168
Trinidad and Tobago,2015,0.791,-2.168
Trinidad and Tobago,2016,0.79,-2.168
Trinidad and Tobago,2017,0.791,-2.168
Trinidad and Tobago,2018,0.784,-2.168
Trinidad and Tobago,2019,0.787,-2.168
Trinidad and Tobago,2020,0.788,-2.168
Trinidad and Tobago,2021,0.791,-2.168
Trinidad and Tobago,2022,0.778,-2.136
Trinidad and Tobago,2023,0.778,-2.136
Trinidad and Tobago,2024,0.773,-2.136
Trinidad and Tobago,2025,0.786,-1.993
Turkmenistan,1990,NA,-2.718
Turkmenistan,1991,0.174,-2.718
Turkmenistan,1992,0.161,-2.718
Turkmenistan,1993,0.15,-2.718
Turkmenistan,1994,0.149,-2.973
Turkmenistan,1995,0.147,-2.973
Turkmenistan,1996,0.147,-2.973
Turkmenistan,1997,0.143,-2.717
Turkmenistan,1998,0.143,-2.717
Turkmenistan,1999,0.143,-2.717
Turkmenistan,2000,0.07,-2.507
Turkmenistan,2001,0.07,-2.507
Turkmenistan,2002,0.07,-2.507
Turkmenistan,2003,0.069,-2.507
Turkmenistan,2004,0.07,-2.507
Turkmenistan,2005,0.079,-2.507
Turkmenistan,2006,0.078,-2.507
Turkmenistan,2007,0.133,-2.507
Turkmenistan,2008,0.141,-2.507
Turkmenistan,2009,0.143,-2.507
Turkmenistan,2010,0.144,-2.507
Turkmenistan,2011,0.144,-2.507
Turkmenistan,2012,0.145,-2.507
Turkmenistan,2013,0.144,-2.507
Turkmenistan,2014,0.143,-2.507
Turkmenistan,2015,0.143,-2.507
Turkmenistan,2016,0.143,-2.507
Turkmenistan,2017,0.147,-2.339
Turkmenistan,2018,0.149,-2.339
Turkmenistan,2019,0.149,-2.339
Turkmenistan,2020,0.15,-2.339
Turkmenistan,2021,0.15,-2.339
Turkmenistan,2022,0.148,-2.339
Turkmenistan,2023,0.148,-1.823
Turkmenistan,2024,0.149,-1.823
Turkmenistan,2025,0.148,-2.211
German Democratic Republic,1949,0.109,1.203
German Democratic Republic,1950,0.172,1.163
German Democratic Republic,1951,0.171,1.163
German Democratic Republic,1952,0.171,1.163
German Democratic Republic,1953,0.172,2.147
German Democratic Republic,1954,0.17,1.321
German Democratic Republic,1955,0.168,1.321
German Democratic Republic,1956,0.167,1.321
German Democratic Republic,1957,0.166,1.321
German Democratic Republic,1958,0.167,1.321
German Democratic Republic,1959,0.168,1.321
German Democratic Republic,1960,0.169,1.321
German Democratic Republic,1961,0.169,1.321
German Democratic Republic,1962,0.169,1.321
German Democratic Republic,1963,0.168,1.321
German Democratic Republic,1964,0.167,1.321
German Democratic Republic,1965,0.167,1.321
German Democratic Republic,1966,0.167,1.321
German Democratic Republic,1967,0.167,1.321
German Democratic Republic,1968,0.168,1.321
German Democratic Republic,1969,0.168,1.321
German Democratic Republic,1970,0.168,1.321
German Democratic Republic,1971,0.168,1.321
German Democratic Republic,1972,0.169,1.321
German Democratic Republic,1973,0.169,1.321
German Democratic Republic,1974,0.17,1.321
German Democratic Republic,1975,0.17,1.321
German Democratic Republic,1976,0.169,1.321
German Democratic Republic,1977,0.168,1.321
German Democratic Republic,1978,0.168,1.321
German Democratic Republic,1979,0.168,1.321
German Democratic Republic,1980,0.168,1.321
German Democratic Republic,1981,0.168,1.576
German Democratic Republic,1982,0.168,1.576
German Democratic Republic,1983,0.168,1.576
German Democratic Republic,1984,0.168,1.576
German Democratic Republic,1985,0.168,1.576
German Democratic Republic,1986,0.172,1.576
German Democratic Republic,1987,0.175,1.576
German Democratic Republic,1988,0.175,1.846
German Democratic Republic,1989,0.181,1.296
German Democratic Republic,1990,0.707,-0.187
Palestine/Gaza,1948,0.041,-0.812
Palestine/Gaza,1949,0.041,-0.812
Palestine/Gaza,1950,0.041,-0.812
Palestine/Gaza,1951,0.041,-0.812
Palestine/Gaza,1952,0.041,-0.812
Palestine/Gaza,1953,0.041,-0.812
Palestine/Gaza,1954,0.039,-0.812
Palestine/Gaza,1955,0.039,-0.812
Palestine/Gaza,1956,0.039,-0.812
Palestine/Gaza,1957,0.039,-0.812
Palestine/Gaza,1958,0.039,-0.812
Palestine/Gaza,1959,0.039,-0.812
Palestine/Gaza,1960,0.039,-0.443
Palestine/Gaza,1961,0.039,-0.443
Palestine/Gaza,1962,0.039,-0.443
Palestine/Gaza,1963,0.039,-0.443
Palestine/Gaza,1964,0.039,-0.443
Palestine/Gaza,1965,0.041,-0.443
Palestine/Gaza,1966,0.041,-0.443
Palestine/Gaza,2007,0.131,0.882
Palestine/Gaza,2008,0.133,0.882
Palestine/Gaza,2009,0.135,0.882
Palestine/Gaza,2010,0.141,0.882
Palestine/Gaza,2011,0.14,0.882
Palestine/Gaza,2012,0.143,0.882
Palestine/Gaza,2013,0.129,0.882
Palestine/Gaza,2014,0.13,0.854
Palestine/Gaza,2015,0.119,0.854
Palestine/Gaza,2016,0.119,0.854
Palestine/Gaza,2017,0.121,0.854
Palestine/Gaza,2018,0.118,0.854
Palestine/Gaza,2019,0.117,0.854
Palestine/Gaza,2020,0.129,0.575
Palestine/Gaza,2021,0.128,0.813
Palestine/Gaza,2022,0.124,0.813
Palestine/Gaza,2023,0.122,0.333
Palestine/Gaza,2024,0.095,0.783
Palestine/Gaza,2025,0.128,0.131
Somaliland,1900,0.035,-0.006
Somaliland,1901,0.035,-0.006
Somaliland,1902,0.035,-0.006
Somaliland,1903,0.047,-0.006
Somaliland,1904,0.047,-0.006
Somaliland,1905,0.047,-0.006
Somaliland,1906,0.047,-0.006
Somaliland,1907,0.047,-0.006
Somaliland,1908,0.047,-0.006
Somaliland,1909,0.047,-0.006
Somaliland,1910,0.047,-0.006
Somaliland,1911,0.047,-0.006
Somaliland,1912,0.047,-0.006
Somaliland,1913,0.047,-0.006
Somaliland,1914,0.047,-0.006
Somaliland,1915,0.047,-0.006
Somaliland,1916,0.047,-0.006
Somaliland,1917,0.047,-0.006
Somaliland,1918,0.047,-0.006
Somaliland,1919,0.047,-0.006
Somaliland,1920,0.047,-0.006
Somaliland,1921,0.047,-0.006
Somaliland,1922,0.047,-0.006
Somaliland,1923,0.047,-0.006
Somaliland,1924,0.047,-0.006
Somaliland,1925,0.047,-0.006
Somaliland,1926,0.047,-0.33
Somaliland,1927,0.047,-0.33
Somaliland,1928,0.047,-0.33
Somaliland,1929,0.047,-0.33
Somaliland,1930,0.047,-0.33
Somaliland,1931,0.047,-0.33
Somaliland,1932,0.047,-0.33
Somaliland,1933,0.047,-0.33
Somaliland,1934,0.047,-0.33
Somaliland,1935,0.053,-0.33
Somaliland,1936,0.053,-0.33
Somaliland,1937,0.055,-0.33
Somaliland,1938,0.055,-0.33
Somaliland,1939,0.055,-0.33
Somaliland,1940,0.055,-0.33
Somaliland,1941,0.061,-0.33
Somaliland,1942,0.061,-0.33
Somaliland,1943,0.063,-0.33
Somaliland,1944,0.063,-0.33
Somaliland,1945,0.063,-0.33
Somaliland,1946,0.063,-0.33
Somaliland,1947,0.072,-0.33
Somaliland,1948,0.072,-0.33
Somaliland,1949,0.072,-0.33
Somaliland,1950,0.072,-0.33
Somaliland,1951,0.072,-0.33
Somaliland,1952,0.072,-0.33
Somaliland,1953,0.072,-0.33
Somaliland,1954,0.082,-0.33
Somaliland,1955,0.086,-0.33
Somaliland,1956,0.093,-0.33
Somaliland,1957,0.11,-0.33
Somaliland,1958,0.11,-0.33
Somaliland,1959,0.116,-0.33
Somaliland,1991,0.142,0.993
Somaliland,1992,0.142,0.993
Somaliland,1993,0.162,0.993
Somaliland,1994,0.17,0.993
Somaliland,1995,0.17,0.993
Somaliland,1996,0.17,0.877
Somaliland,1997,0.173,0.877
Somaliland,1998,0.17,0.877
Somaliland,1999,0.17,0.877
Somaliland,2000,0.17,0.877
Somaliland,2001,0.179,0.877
Somaliland,2002,0.198,0.877
Somaliland,2003,0.356,0.877
Somaliland,2004,0.378,0.877
Somaliland,2005,0.384,0.877
Somaliland,2006,0.394,0.877
Somaliland,2007,0.393,0.877
Somaliland,2008,0.393,0.877
Somaliland,2009,0.393,0.877
Somaliland,2010,0.414,0.877
Somaliland,2011,0.436,0.877
Somaliland,2012,0.436,0.877
Somaliland,2013,0.402,0.877
Somaliland,2014,0.401,0.877
Somaliland,2015,0.401,0.877
Somaliland,2016,0.408,0.877
Somaliland,2017,0.413,0.877
Somaliland,2018,0.4,0.877
Somaliland,2019,0.395,0.877
Somaliland,2020,0.399,0.872
Somaliland,2021,0.406,0.394
Somaliland,2022,0.408,0.753
Somaliland,2023,0.402,0.753
Somaliland,2024,0.42,0.614
Somaliland,2025,0.445,NA
Uzbekistan,1789,NA,NA
Uzbekistan,1790,NA,NA
Uzbekistan,1791,NA,NA
Uzbekistan,1792,NA,NA
Uzbekistan,1793,NA,NA
Uzbekistan,1794,NA,NA
Uzbekistan,1795,NA,NA
Uzbekistan,1796,NA,NA
Uzbekistan,1797,NA,NA
Uzbekistan,1798,NA,NA
Uzbekistan,1799,NA,NA
Uzbekistan,1800,NA,NA
Uzbekistan,1801,NA,NA
Uzbekistan,1802,NA,NA
Uzbekistan,1803,NA,NA
Uzbekistan,1804,NA,NA
Uzbekistan,1805,NA,NA
Uzbekistan,1806,NA,NA
Uzbekistan,1807,NA,NA
Uzbekistan,1808,NA,NA
Uzbekistan,1809,NA,NA
Uzbekistan,1810,NA,NA
Uzbekistan,1811,NA,NA
Uzbekistan,1812,NA,NA
Uzbekistan,1813,NA,NA
Uzbekistan,1814,NA,NA
Uzbekistan,1815,NA,NA
Uzbekistan,1816,NA,NA
Uzbekistan,1817,NA,NA
Uzbekistan,1818,NA,NA
Uzbekistan,1819,NA,NA
Uzbekistan,1820,NA,NA
Uzbekistan,1821,NA,NA
Uzbekistan,1822,NA,NA
Uzbekistan,1823,NA,NA
Uzbekistan,1824,NA,NA
Uzbekistan,1825,NA,NA
Uzbekistan,1826,NA,NA
Uzbekistan,1827,NA,NA
Uzbekistan,1828,NA,NA
Uzbekistan,1829,NA,NA
Uzbekistan,1830,NA,NA
Uzbekistan,1831,NA,NA
Uzbekistan,1832,NA,NA
Uzbekistan,1833,NA,NA
Uzbekistan,1834,NA,NA
Uzbekistan,1835,NA,NA
Uzbekistan,1836,NA,NA
Uzbekistan,1837,NA,NA
Uzbekistan,1838,NA,NA
Uzbekistan,1839,NA,NA
Uzbekistan,1840,NA,NA
Uzbekistan,1841,NA,NA
Uzbekistan,1842,NA,NA
Uzbekistan,1843,NA,NA
Uzbekistan,1844,NA,NA
Uzbekistan,1845,NA,NA
Uzbekistan,1846,NA,NA
Uzbekistan,1847,NA,NA
Uzbekistan,1848,NA,NA
Uzbekistan,1849,NA,NA
Uzbekistan,1850,NA,NA
Uzbekistan,1851,NA,NA
Uzbekistan,1852,NA,NA
Uzbekistan,1853,NA,NA
Uzbekistan,1854,NA,NA
Uzbekistan,1855,NA,NA
Uzbekistan,1856,NA,NA
Uzbekistan,1857,NA,NA
Uzbekistan,1858,NA,NA
Uzbekistan,1859,NA,NA
Uzbekistan,1860,NA,NA
Uzbekistan,1861,NA,NA
Uzbekistan,1862,NA,NA
Uzbekistan,1863,NA,NA
Uzbekistan,1864,NA,NA
Uzbekistan,1865,NA,NA
Uzbekistan,1866,NA,NA
Uzbekistan,1867,NA,NA
Uzbekistan,1868,NA,NA
Uzbekistan,1869,NA,NA
Uzbekistan,1870,NA,NA
Uzbekistan,1871,NA,NA
Uzbekistan,1872,NA,NA
Uzbekistan,1873,NA,NA
Uzbekistan,1874,NA,NA
Uzbekistan,1875,NA,NA
Uzbekistan,1876,NA,NA
Uzbekistan,1877,NA,NA
Uzbekistan,1878,NA,NA
Uzbekistan,1879,NA,NA
Uzbekistan,1880,NA,NA
Uzbekistan,1881,NA,NA
Uzbekistan,1882,NA,NA
Uzbekistan,1883,NA,NA
Uzbekistan,1884,NA,NA
Uzbekistan,1885,NA,NA
Uzbekistan,1886,NA,NA
Uzbekistan,1887,NA,NA
Uzbekistan,1888,NA,NA
Uzbekistan,1889,NA,NA
Uzbekistan,1890,NA,NA
Uzbekistan,1891,NA,NA
Uzbekistan,1892,NA,NA
Uzbekistan,1893,NA,NA
Uzbekistan,1894,NA,NA
Uzbekistan,1895,NA,NA
Uzbekistan,1896,NA,NA
Uzbekistan,1897,NA,NA
Uzbekistan,1898,NA,NA
Uzbekistan,1899,NA,NA
Uzbekistan,1900,NA,NA
Uzbekistan,1901,NA,NA
Uzbekistan,1902,NA,NA
Uzbekistan,1903,NA,NA
Uzbekistan,1904,NA,NA
Uzbekistan,1905,NA,NA
Uzbekistan,1906,NA,NA
Uzbekistan,1907,NA,NA
Uzbekistan,1908,NA,NA
Uzbekistan,1909,NA,NA
Uzbekistan,1910,NA,NA
Uzbekistan,1911,NA,NA
Uzbekistan,1912,0.024,NA
Uzbekistan,1913,0.024,NA
Uzbekistan,1914,0.024,NA
Uzbekistan,1915,0.024,NA
Uzbekistan,1916,0.024,NA
Uzbekistan,1917,0.024,NA
Uzbekistan,1918,0.024,NA
Uzbekistan,1919,0.024,NA
Uzbekistan,1920,0.024,NA
Uzbekistan,1990,0.203,-0.185
Uzbekistan,1991,0.226,-0.262
Uzbekistan,1992,0.203,-0.629
Uzbekistan,1993,0.199,-1.56
Uzbekistan,1994,0.187,-1.663
Uzbekistan,1995,0.165,-1.753
Uzbekistan,1996,0.163,-2.087
Uzbekistan,1997,0.163,-2.087
Uzbekistan,1998,0.163,-2.087
Uzbekistan,1999,0.158,-2.087
Uzbekistan,2000,0.157,-2.529
Uzbekistan,2001,0.156,-2.529
Uzbekistan,2002,0.157,-2.529
Uzbekistan,2003,0.157,-2.529
Uzbekistan,2004,0.157,-2.529
Uzbekistan,2005,0.16,-2.181
Uzbekistan,2006,0.16,-1.99
Uzbekistan,2007,0.16,-2.084
Uzbekistan,2008,0.163,-2.157
Uzbekistan,2009,0.162,-2.157
Uzbekistan,2010,0.161,-2.157
Uzbekistan,2011,0.163,-2.157
Uzbekistan,2012,0.162,-2.157
Uzbekistan,2013,0.166,-2.157
Uzbekistan,2014,0.167,-2.157
Uzbekistan,2015,0.166,-2.157
Uzbekistan,2016,0.169,-1.937
Uzbekistan,2017,0.191,-1.585
Uzbekistan,2018,0.189,-1.585
Uzbekistan,2019,0.203,-1.483
Uzbekistan,2020,0.206,-1.483
Uzbekistan,2021,0.204,-1.483
Uzbekistan,2022,0.213,-1.41
Uzbekistan,2023,0.215,-1.182
Uzbekistan,2024,0.214,-1.182
Uzbekistan,2025,0.218,-1.425
Austria,1789,0.042,NA
Austria,1790,0.042,NA
Austria,1791,0.042,NA
Austria,1792,0.042,NA
Austria,1793,0.041,NA
Austria,1794,0.037,NA
Austria,1795,0.037,NA
Austria,1796,0.037,NA
Austria,1797,0.037,NA
Austria,1798,0.037,NA
Austria,1799,0.037,NA
Austria,1800,0.037,NA
Austria,1801,0.037,NA
Austria,1802,0.037,NA
Austria,1803,0.037,NA
Austria,1804,0.037,NA
Austria,1805,0.037,NA
Austria,1806,0.037,NA
Austria,1807,0.037,NA
Austria,1808,0.037,NA
Austria,1809,0.037,NA
Austria,1810,0.037,NA
Austria,1811,0.037,NA
Austria,1812,0.037,NA
Austria,1813,0.031,NA
Austria,1814,0.031,NA
Austria,1815,0.028,NA
Austria,1816,0.028,NA
Austria,1817,0.028,NA
Austria,1818,0.028,NA
Austria,1819,0.028,NA
Austria,1820,0.028,NA
Austria,1821,0.028,NA
Austria,1822,0.028,NA
Austria,1823,0.028,NA
Austria,1824,0.028,NA
Austria,1825,0.028,NA
Austria,1826,0.028,NA
Austria,1827,0.028,NA
Austria,1828,0.028,NA
Austria,1829,0.028,NA
Austria,1830,0.028,NA
Austria,1831,0.028,NA
Austria,1832,0.028,NA
Austria,1833,0.028,NA
Austria,1834,0.028,NA
Austria,1835,0.028,NA
Austria,1836,0.028,NA
Austria,1837,0.028,NA
Austria,1838,0.028,NA
Austria,1839,0.028,NA
Austria,1840,0.028,NA
Austria,1841,0.028,NA
Austria,1842,0.028,NA
Austria,1843,0.028,NA
Austria,1844,0.028,NA
Austria,1845,0.028,NA
Austria,1846,0.028,NA
Austria,1847,0.028,NA
Austria,1848,0.13,NA
Austria,1849,0.188,NA
Austria,1850,0.142,NA
Austria,1851,0.035,NA
Austria,1852,0.035,NA
Austria,1853,0.035,NA
Austria,1854,0.035,NA
Austria,1855,0.035,NA
Austria,1856,0.035,NA
Austria,1857,0.035,NA
Austria,1858,0.035,NA
Austria,1859,0.035,NA
Austria,1860,0.039,NA
Austria,1861,0.049,NA
Austria,1862,0.049,NA
Austria,1863,0.049,NA
Austria,1864,0.049,NA
Austria,1865,0.049,NA
Austria,1866,0.049,NA
Austria,1867,0.189,NA
Austria,1868,0.19,NA
Austria,1869,0.19,NA
Austria,1870,0.204,NA
Austria,1871,0.201,NA
Austria,1872,0.201,NA
Austria,1873,0.214,NA
Austria,1874,0.214,NA
Austria,1875,0.21,NA
Austria,1876,0.21,NA
Austria,1877,0.21,NA
Austria,1878,0.21,NA
Austria,1879,0.209,NA
Austria,1880,0.209,NA
Austria,1881,0.209,NA
Austria,1882,0.209,NA
Austria,1883,0.209,NA
Austria,1884,0.209,NA
Austria,1885,0.2,NA
Austria,1886,0.2,NA
Austria,1887,0.2,NA
Austria,1888,0.212,NA
Austria,1889,0.248,NA
Austria,1890,0.254,NA
Austria,1891,0.244,NA
Austria,1892,0.244,NA
Austria,1893,0.244,NA
Austria,1894,0.244,NA
Austria,1895,0.244,NA
Austria,1896,0.244,NA
Austria,1897,0.258,NA
Austria,1898,0.258,NA
Austria,1899,0.258,NA
Austria,1900,0.252,NA
Austria,1901,0.252,NA
Austria,1902,0.252,NA
Austria,1903,0.252,NA
Austria,1904,0.252,NA
Austria,1905,0.252,NA
Austria,1906,0.252,NA
Austria,1907,0.268,NA
Austria,1908,0.265,NA
Austria,1909,0.265,NA
Austria,1910,0.265,NA
Austria,1911,0.266,NA
Austria,1912,0.267,NA
Austria,1913,0.267,NA
Austria,1914,0.248,NA
Austria,1915,0.248,NA
Austria,1916,0.248,NA
Austria,1917,0.248,NA
Austria,1918,0.304,2.315
Austria,1919,0.301,2.315
Austria,1920,0.353,1.707
Austria,1921,0.695,1.707
Austria,1922,0.695,1.707
Austria,1923,0.693,1.707
Austria,1924,0.684,1.707
Austria,1925,0.687,1.707
Austria,1926,0.687,1.707
Austria,1927,0.696,2.029
Austria,1928,0.699,2.029
Austria,1929,0.699,2.029
Austria,1930,0.686,2.379
Austria,1931,0.655,2.379
Austria,1932,0.655,2.379
Austria,1933,0.197,2.379
Austria,1934,0.098,3.458
Austria,1935,0.095,3.458
Austria,1936,0.095,3.458
Austria,1937,0.095,3.458
Austria,1938,0.093,NA
Austria,1945,0.716,0.183
Austria,1946,0.76,0.183
Austria,1947,0.762,0.183
Austria,1948,0.762,0.183
Austria,1949,0.766,0.183
Austria,1950,0.768,-0.252
Austria,1951,0.769,-0.252
Austria,1952,0.77,-0.252
Austria,1953,0.771,-0.252
Austria,1954,0.771,-0.252
Austria,1955,0.771,-0.252
Austria,1956,0.827,-0.252
Austria,1957,0.822,-0.252
Austria,1958,0.822,-0.252
Austria,1959,0.82,-0.252
Austria,1960,0.827,-0.252
Austria,1961,0.827,-0.252
Austria,1962,0.827,-0.252
Austria,1963,0.826,-0.252
Austria,1964,0.826,-0.252
Austria,1965,0.828,-0.252
Austria,1966,0.829,-0.168
Austria,1967,0.836,-0.168
Austria,1968,0.836,-0.168
Austria,1969,0.836,-0.168
Austria,1970,0.833,-0.876
Austria,1971,0.832,-0.876
Austria,1972,0.839,-0.876
Austria,1973,0.844,-0.876
Austria,1974,0.853,-0.876
Austria,1975,0.852,-0.876
Austria,1976,0.854,-0.876
Austria,1977,0.854,-1.037
Austria,1978,0.854,-1.037
Austria,1979,0.851,-1.037
Austria,1980,0.853,-1.037
Austria,1981,0.856,-1.037
Austria,1982,0.856,-1.037
Austria,1983,0.854,-1.037
Austria,1984,0.853,-1.037
Austria,1985,0.853,-1.037
Austria,1986,0.854,-1.037
Austria,1987,0.854,-1.037
Austria,1988,0.853,-1.037
Austria,1989,0.855,-1.037
Austria,1990,0.857,-0.891
Austria,1991,0.856,-0.891
Austria,1992,0.858,-0.891
Austria,1993,0.859,-0.891
Austria,1994,0.858,-0.891
Austria,1995,0.857,-0.891
Austria,1996,0.856,-0.891
Austria,1997,0.856,-0.891
Austria,1998,0.856,-0.891
Austria,1999,0.857,-0.891
Austria,2000,0.858,-0.515
Austria,2001,0.858,-0.515
Austria,2002,0.858,-0.515
Austria,2003,0.858,-0.515
Austria,2004,0.858,-0.515
Austria,2005,0.858,-0.515
Austria,2006,0.861,-0.515
Austria,2007,0.872,-0.515
Austria,2008,0.872,-0.515
Austria,2009,0.874,-0.515
Austria,2010,0.872,-0.515
Austria,2011,0.871,-0.515
Austria,2012,0.872,-0.515
Austria,2013,0.875,-0.515
Austria,2014,0.873,-0.515
Austria,2015,0.873,-0.364
Austria,2016,0.848,-0.403
Austria,2017,0.851,-0.403
Austria,2018,0.851,-0.403
Austria,2019,0.862,-0.403
Austria,2020,0.858,-0.543
Austria,2021,0.854,-0.361
Austria,2022,0.841,-0.361
Austria,2023,0.848,-0.237
Austria,2024,0.84,-0.226
Austria,2025,0.839,-0.088
Bahrain,1900,0.012,0.676
Bahrain,1901,0.012,0.676
Bahrain,1902,0.012,0.676
Bahrain,1903,0.012,0.676
Bahrain,1904,0.012,0.676
Bahrain,1905,0.012,0.676
Bahrain,1906,0.012,0.676
Bahrain,1907,0.012,0.676
Bahrain,1908,0.012,0.676
Bahrain,1909,0.012,0.676
Bahrain,1910,0.012,0.676
Bahrain,1911,0.012,0.676
Bahrain,1912,0.012,0.676
Bahrain,1913,0.013,0.676
Bahrain,1914,0.013,0.676
Bahrain,1915,0.013,0.676
Bahrain,1916,0.013,0.676
Bahrain,1917,0.013,0.676
Bahrain,1918,0.013,0.676
Bahrain,1919,0.013,0.676
Bahrain,1920,0.014,0.676
Bahrain,1921,0.014,0.676
Bahrain,1922,0.014,0.676
Bahrain,1923,0.014,0.676
Bahrain,1924,0.017,0.676
Bahrain,1925,0.017,0.676
Bahrain,1926,0.017,0.676
Bahrain,1927,0.017,0.676
Bahrain,1928,0.017,0.676
Bahrain,1929,0.017,0.676
Bahrain,1930,0.021,0.676
Bahrain,1931,0.021,0.676
Bahrain,1932,0.021,0.676
Bahrain,1933,0.021,0.676
Bahrain,1934,0.021,0.676
Bahrain,1935,0.021,0.676
Bahrain,1936,0.021,0.676
Bahrain,1937,0.021,0.676
Bahrain,1938,0.021,0.676
Bahrain,1939,0.021,0.676
Bahrain,1940,0.022,0.676
Bahrain,1941,0.022,0.676
Bahrain,1942,0.022,0.676
Bahrain,1943,0.022,0.676
Bahrain,1944,0.022,0.676
Bahrain,1945,0.022,0.676
Bahrain,1946,0.022,0.676
Bahrain,1947,0.022,0.676
Bahrain,1948,0.022,0.676
Bahrain,1949,0.022,0.676
Bahrain,1950,0.021,0.676
Bahrain,1951,0.024,0.676
Bahrain,1952,0.024,0.676
Bahrain,1953,0.026,0.676
Bahrain,1954,0.026,0.008
Bahrain,1955,0.026,0.008
Bahrain,1956,0.026,0.008
Bahrain,1957,0.026,0.008
Bahrain,1958,0.025,0.008
Bahrain,1959,0.026,0.008
Bahrain,1960,0.024,0.008
Bahrain,1961,0.024,0.008
Bahrain,1962,0.024,0.008
Bahrain,1963,0.024,0.008
Bahrain,1964,0.024,0.008
Bahrain,1965,0.024,0.008
Bahrain,1966,0.024,0.008
Bahrain,1967,0.024,0.008
Bahrain,1968,0.024,0.008
Bahrain,1969,0.024,0.008
Bahrain,1970,0.024,0.008
Bahrain,1971,0.029,-0.113
Bahrain,1972,0.076,-0.113
Bahrain,1973,0.152,-0.149
Bahrain,1974,0.128,-0.149
Bahrain,1975,0.107,-0.149
Bahrain,1976,0.051,-0.028
Bahrain,1977,0.051,-0.028
Bahrain,1978,0.051,-0.028
Bahrain,1979,0.051,0.601
Bahrain,1980,0.049,0.806
Bahrain,1981,0.049,0.95
Bahrain,1982,0.049,0.95
Bahrain,1983,0.049,0.95
Bahrain,1984,0.05,0.95
Bahrain,1985,0.05,0.95
Bahrain,1986,0.05,0.95
Bahrain,1987,0.05,0.95
Bahrain,1988,0.05,0.95
Bahrain,1989,0.05,0.95
Bahrain,1990,0.049,1.127
Bahrain,1991,0.049,1.127
Bahrain,1992,0.049,1.127
Bahrain,1993,0.049,1.127
Bahrain,1994,0.049,1.127
Bahrain,1995,0.049,1.127
Bahrain,1996,0.049,1.127
Bahrain,1997,0.049,1.127
Bahrain,1998,0.049,1.127
Bahrain,1999,0.049,1.127
Bahrain,2000,0.065,1.127
Bahrain,2001,0.111,0.505
Bahrain,2002,0.164,0.505
Bahrain,2003,0.211,0.505
Bahrain,2004,0.211,0.505
Bahrain,2005,0.219,0.505
Bahrain,2006,0.221,0.505
Bahrain,2007,0.22,0.505
Bahrain,2008,0.22,0.505
Bahrain,2009,0.22,0.689
Bahrain,2010,0.216,1.164
Bahrain,2011,0.171,2.269
Bahrain,2012,0.162,2.269
Bahrain,2013,0.162,2.269
Bahrain,2014,0.16,2.269
Bahrain,2015,0.144,2.207
Bahrain,2016,0.139,2.207
Bahrain,2017,0.133,2.002
Bahrain,2018,0.13,1.682
Bahrain,2019,0.132,1.682
Bahrain,2020,0.132,1.363
Bahrain,2021,0.134,1.363
Bahrain,2022,0.135,1.363
Bahrain,2023,0.138,1.363
Bahrain,2024,0.138,1.363
Bahrain,2025,0.139,1.363
Barbados,1900,0.114,-1.114
Barbados,1901,0.114,-1.114
Barbados,1902,0.114,-1.114
Barbados,1903,0.114,-1.114
Barbados,1904,0.114,-1.114
Barbados,1905,0.114,-1.114
Barbados,1906,0.114,-1.114
Barbados,1907,0.114,-1.114
Barbados,1908,0.114,-1.114
Barbados,1909,0.114,-1.114
Barbados,1910,0.114,-1.114
Barbados,1911,0.114,-1.114
Barbados,1912,0.114,-1.114
Barbados,1913,0.114,-1.114
Barbados,1914,0.114,-1.114
Barbados,1915,0.114,-1.114
Barbados,1916,0.114,-1.114
Barbados,1917,0.114,-1.114
Barbados,1918,0.114,-1.114
Barbados,1919,0.114,-1.114
Barbados,1920,0.114,-1.114
Barbados,1921,0.114,-1.114
Barbados,1922,0.114,-1.114
Barbados,1923,0.114,-1.114
Barbados,1924,0.114,-1.114
Barbados,1925,0.114,-1.114
Barbados,1926,0.114,-1.114
Barbados,1927,0.114,-1.114
Barbados,1928,0.114,-1.114
Barbados,1929,0.114,-1.114
Barbados,1930,0.114,-1.114
Barbados,1931,0.114,-1.114
Barbados,1932,0.114,-1.114
Barbados,1933,0.114,-1.114
Barbados,1934,0.114,-1.114
Barbados,1935,0.114,-1.114
Barbados,1936,0.114,-1.114
Barbados,1937,0.114,-0.854
Barbados,1938,0.122,-1.11
Barbados,1939,0.122,-1.361
Barbados,1940,0.122,-1.361
Barbados,1941,0.122,-1.361
Barbados,1942,0.122,-1.361
Barbados,1943,0.122,-1.361
Barbados,1944,0.134,-1.361
Barbados,1945,0.145,-1.361
Barbados,1946,0.164,-1.361
Barbados,1947,0.164,-1.361
Barbados,1948,0.164,-1.361
Barbados,1949,0.166,-1.361
Barbados,1950,0.165,-1.361
Barbados,1951,0.207,-1.361
Barbados,1952,0.332,-1.361
Barbados,1953,0.332,-1.361
Barbados,1954,0.332,-2.004
Barbados,1955,0.454,-2.004
Barbados,1956,0.467,-2.004
Barbados,1957,0.466,-2.004
Barbados,1958,0.466,-2.004
Barbados,1959,0.466,-2.004
Barbados,1960,0.594,-2.004
Barbados,1961,0.596,-2.004
Barbados,1962,0.613,-2.004
Barbados,1963,0.613,-2.004
Barbados,1964,0.613,-2.004
Barbados,1965,0.613,-2.004
Barbados,1966,0.71,-3.149
Barbados,1967,0.719,-3.149
Barbados,1968,0.719,-3.149
Barbados,1969,0.733,-3.149
Barbados,1970,0.733,-3.149
Barbados,1971,0.733,-3.149
Barbados,1972,0.731,-3.149
Barbados,1973,0.737,-3.149
Barbados,1974,0.737,-3.149
Barbados,1975,0.737,-3.149
Barbados,1976,0.737,-3.149
Barbados,1977,0.738,-3.149
Barbados,1978,0.738,-3.149
Barbados,1979,0.738,-3.149
Barbados,1980,0.742,-3.149
Barbados,1981,0.744,-3.149
Barbados,1982,0.745,-3.149
Barbados,1983,0.745,-3.149
Barbados,1984,0.745,-3.67
Barbados,1985,0.745,-3.67
Barbados,1986,0.744,-3.67
Barbados,1987,0.743,-3.67
Barbados,1988,0.743,-3.67
Barbados,1989,0.743,-3.67
Barbados,1990,0.748,-2.781
Barbados,1991,0.762,-2.781
Barbados,1992,0.762,-2.781
Barbados,1993,0.762,-3.543
Barbados,1994,0.762,-3.543
Barbados,1995,0.762,-3.543
Barbados,1996,0.762,-3.543
Barbados,1997,0.762,-3.543
Barbados,1998,0.762,-3.543
Barbados,1999,0.77,-3.543
Barbados,2000,0.769,-3.543
Barbados,2001,0.769,-3.543
Barbados,2002,0.769,-3.543
Barbados,2003,0.767,-3.543
Barbados,2004,0.766,-3.543
Barbados,2005,0.766,-3.543
Barbados,2006,0.766,-3.543
Barbados,2007,0.766,-3.543
Barbados,2008,0.783,-3.543
Barbados,2009,0.784,-3.543
Barbados,2010,0.784,-3.543
Barbados,2011,0.784,-3.064
Barbados,2012,0.784,-3.546
Barbados,2013,0.781,-3.546
Barbados,2014,0.78,-3.546
Barbados,2015,0.776,-3.546
Barbados,2016,0.776,-3.546
Barbados,2017,0.773,-3.546
Barbados,2018,0.776,-2.737
Barbados,2019,0.792,-3.091
Barbados,2020,0.811,-2.49
Barbados,2021,0.807,-2.49
Barbados,2022,0.802,-1.777
Barbados,2023,0.802,-1.777
Barbados,2024,0.802,-1.777
Barbados,2025,0.797,NA
Belgium,1789,0.047,NA
Belgium,1790,0.047,NA
Belgium,1791,0.047,NA
Belgium,1792,0.047,NA
Belgium,1793,0.047,NA
Belgium,1794,0.035,NA
Belgium,1795,0.037,NA
Belgium,1830,0.188,NA
Belgium,1831,0.224,NA
Belgium,1832,0.272,NA
Belgium,1833,0.272,NA
Belgium,1834,0.272,NA
Belgium,1835,0.272,NA
Belgium,1836,0.272,NA
Belgium,1837,0.272,NA
Belgium,1838,0.272,NA
Belgium,1839,0.272,NA
Belgium,1840,0.314,NA
Belgium,1841,0.321,NA
Belgium,1842,0.321,NA
Belgium,1843,0.323,NA
Belgium,1844,0.323,NA
Belgium,1845,0.323,NA
Belgium,1846,0.323,NA
Belgium,1847,0.335,NA
Belgium,1848,0.337,NA
Belgium,1849,0.337,NA
Belgium,1850,0.338,NA
Belgium,1851,0.339,NA
Belgium,1852,0.338,NA
Belgium,1853,0.338,NA
Belgium,1854,0.338,NA
Belgium,1855,0.337,NA
Belgium,1856,0.338,NA
Belgium,1857,0.339,NA
Belgium,1858,0.338,NA
Belgium,1859,0.338,NA
Belgium,1860,0.338,NA
Belgium,1861,0.338,NA
Belgium,1862,0.338,NA
Belgium,1863,0.338,NA
Belgium,1864,0.339,NA
Belgium,1865,0.339,NA
Belgium,1866,0.338,NA
Belgium,1867,0.338,NA
Belgium,1868,0.341,NA
Belgium,1869,0.344,NA
Belgium,1870,0.346,NA
Belgium,1871,0.347,NA
Belgium,1872,0.345,NA
Belgium,1873,0.344,NA
Belgium,1874,0.345,NA
Belgium,1875,0.345,NA
Belgium,1876,0.345,NA
Belgium,1877,0.345,NA
Belgium,1878,0.356,NA
Belgium,1879,0.365,NA
Belgium,1880,0.366,NA
Belgium,1881,0.366,NA
Belgium,1882,0.365,NA
Belgium,1883,0.364,NA
Belgium,1884,0.365,NA
Belgium,1885,0.365,NA
Belgium,1886,0.355,NA
Belgium,1887,0.353,NA
Belgium,1888,0.352,NA
Belgium,1889,0.352,NA
Belgium,1890,0.351,NA
Belgium,1891,0.351,NA
Belgium,1892,0.353,NA
Belgium,1893,0.36,NA
Belgium,1894,0.498,NA
Belgium,1895,0.498,NA
Belgium,1896,0.497,NA
Belgium,1897,0.497,NA
Belgium,1898,0.495,NA
Belgium,1899,0.494,NA
Belgium,1900,0.505,-0.908
Belgium,1901,0.508,-0.908
Belgium,1902,0.509,-0.908
Belgium,1903,0.509,-0.908
Belgium,1904,0.507,-0.908
Belgium,1905,0.505,-0.908
Belgium,1906,0.508,-0.908
Belgium,1907,0.51,-0.908
Belgium,1908,0.509,-0.908
Belgium,1909,0.509,-0.908
Belgium,1910,0.509,-0.908
Belgium,1911,0.51,-0.908
Belgium,1912,0.511,-0.908
Belgium,1913,0.507,-0.908
Belgium,1914,0.303,0.735
Belgium,1915,0.156,0.735
Belgium,1916,0.156,0.735
Belgium,1917,0.156,0.735
Belgium,1918,0.181,0.735
Belgium,1919,0.246,-0.942
Belgium,1920,0.364,-0.992
Belgium,1921,0.504,-0.992
Belgium,1922,0.51,-0.992
Belgium,1923,0.51,-0.992
Belgium,1924,0.51,-0.992
Belgium,1925,0.508,-0.992
Belgium,1926,0.507,-0.992
Belgium,1927,0.507,-0.992
Belgium,1928,0.507,-0.992
Belgium,1929,0.506,-0.992
Belgium,1930,0.504,-0.992
Belgium,1931,0.504,-0.992
Belgium,1932,0.504,-0.992
Belgium,1933,0.502,-0.992
Belgium,1934,0.502,-0.704
Belgium,1935,0.502,-0.704
Belgium,1936,0.502,-0.704
Belgium,1937,0.507,-0.704
Belgium,1938,0.507,-0.704
Belgium,1939,0.506,-0.704
Belgium,1940,0.234,1.022
Belgium,1941,0.125,1.022
Belgium,1942,0.122,1.022
Belgium,1943,0.122,1.022
Belgium,1944,0.139,1.022
Belgium,1945,0.239,1.022
Belgium,1946,0.504,-0.896
Belgium,1947,0.535,-0.896
Belgium,1948,0.535,-0.896
Belgium,1949,0.7,-1.205
Belgium,1950,0.72,-1.138
Belgium,1951,0.725,-1.216
Belgium,1952,0.725,-1.216
Belgium,1953,0.725,-1.216
Belgium,1954,0.731,-1.216
Belgium,1955,0.733,-1.216
Belgium,1956,0.733,-1.216
Belgium,1957,0.733,-1.216
Belgium,1958,0.731,-1.216
Belgium,1959,0.73,-1.216
Belgium,1960,0.836,-1.216
Belgium,1961,0.836,-1.216
Belgium,1962,0.842,-1.657
Belgium,1963,0.842,-1.657
Belgium,1964,0.842,-1.657
Belgium,1965,0.845,-1.657
Belgium,1966,0.846,-1.657
Belgium,1967,0.846,-1.213
Belgium,1968,0.844,-1.213
Belgium,1969,0.843,-1.213
Belgium,1970,0.846,-1.726
Belgium,1971,0.848,-1.726
Belgium,1972,0.854,-1.726
Belgium,1973,0.854,-1.726
Belgium,1974,0.85,-1.726
Belgium,1975,0.849,-1.726
Belgium,1976,0.85,-1.726
Belgium,1977,0.853,-1.507
Belgium,1978,0.854,-1.507
Belgium,1979,0.853,-1.507
Belgium,1980,0.866,-1.73
Belgium,1981,0.859,-1.73
Belgium,1982,0.86,-1.73
Belgium,1983,0.86,-1.73
Belgium,1984,0.86,-1.73
Belgium,1985,0.86,-1.73
Belgium,1986,0.859,-1.73
Belgium,1987,0.859,-1.73
Belgium,1988,0.854,-1.73
Belgium,1989,0.858,-1.73
Belgium,1990,0.869,-1.975
Belgium,1991,0.87,-1.975
Belgium,1992,0.879,-1.975
Belgium,1993,0.879,-1.975
Belgium,1994,0.879,-1.839
Belgium,1995,0.882,-1.839
Belgium,1996,0.882,-1.839
Belgium,1997,0.882,-1.839
Belgium,1998,0.882,-1.839
Belgium,1999,0.883,-1.839
Belgium,2000,0.885,-1.839
Belgium,2001,0.885,-1.839
Belgium,2002,0.885,-1.839
Belgium,2003,0.886,-1.839
Belgium,2004,0.864,-1.839
Belgium,2005,0.884,-1.839
Belgium,2006,0.885,-1.782
Belgium,2007,0.891,-1.782
Belgium,2008,0.899,-1.782
Belgium,2009,0.899,-1.782
Belgium,2010,0.9,-1.596
Belgium,2011,0.9,-1.596
Belgium,2012,0.9,-1.596
Belgium,2013,0.902,-1.596
Belgium,2014,0.902,-1.596
Belgium,2015,0.901,-1.596
Belgium,2016,0.901,-1.596
Belgium,2017,0.9,-1.596
Belgium,2018,0.9,-1.596
Belgium,2019,0.901,-1.596
Belgium,2020,0.897,-1.639
Belgium,2021,0.897,-0.747
Belgium,2022,0.895,-0.747
Belgium,2023,0.895,-0.747
Belgium,2024,0.891,-0.666
Belgium,2025,0.889,-0.98
Bosnia and Herzegovina,1992,0.249,3.17
Bosnia and Herzegovina,1993,0.249,3.17
Bosnia and Herzegovina,1994,0.187,3.17
Bosnia and Herzegovina,1995,0.187,2.534
Bosnia and Herzegovina,1996,0.268,2.386
Bosnia and Herzegovina,1997,0.584,2.386
Bosnia and Herzegovina,1998,0.6,2.386
Bosnia and Herzegovina,1999,0.621,2.386
Bosnia and Herzegovina,2000,0.635,1.287
Bosnia and Herzegovina,2001,0.654,1.287
Bosnia and Herzegovina,2002,0.654,1.287
Bosnia and Herzegovina,2003,0.661,1.287
Bosnia and Herzegovina,2004,0.647,1.287
Bosnia and Herzegovina,2005,0.647,1.287
Bosnia and Herzegovina,2006,0.626,1.287
Bosnia and Herzegovina,2007,0.566,1.347
Bosnia and Herzegovina,2008,0.562,1.347
Bosnia and Herzegovina,2009,0.56,1.264
Bosnia and Herzegovina,2010,0.566,1.183
Bosnia and Herzegovina,2011,0.564,1.24
Bosnia and Herzegovina,2012,0.566,1.24
Bosnia and Herzegovina,2013,0.56,1.24
Bosnia and Herzegovina,2014,0.557,1.24
Bosnia and Herzegovina,2015,0.547,1.24
Bosnia and Herzegovina,2016,0.547,1.24
Bosnia and Herzegovina,2017,0.541,1.24
Bosnia and Herzegovina,2018,0.513,1.24
Bosnia and Herzegovina,2019,0.515,1.24
Bosnia and Herzegovina,2020,0.517,1.161
Bosnia and Herzegovina,2021,0.508,1.21
Bosnia and Herzegovina,2022,0.521,1.169
Bosnia and Herzegovina,2023,0.502,1.231
Bosnia and Herzegovina,2024,0.507,1.209
Bosnia and Herzegovina,2025,0.498,1.209
Bulgaria,1878,0.105,NA
Bulgaria,1879,0.235,NA
Bulgaria,1880,0.258,NA
Bulgaria,1881,0.154,NA
Bulgaria,1882,0.101,NA
Bulgaria,1883,0.111,NA
Bulgaria,1884,0.187,NA
Bulgaria,1885,0.196,NA
Bulgaria,1886,0.204,NA
Bulgaria,1887,0.185,NA
Bulgaria,1888,0.133,NA
Bulgaria,1889,0.133,NA
Bulgaria,1890,0.132,NA
Bulgaria,1891,0.13,NA
Bulgaria,1892,0.13,NA
Bulgaria,1893,0.132,NA
Bulgaria,1894,0.137,NA
Bulgaria,1895,0.217,NA
Bulgaria,1896,0.218,NA
Bulgaria,1897,0.219,NA
Bulgaria,1898,0.219,NA
Bulgaria,1899,0.209,NA
Bulgaria,1900,0.204,-0.696
Bulgaria,1901,0.218,-0.696
Bulgaria,1902,0.219,-0.757
Bulgaria,1903,0.218,-0.854
Bulgaria,1904,0.211,-1.025
Bulgaria,1905,0.211,-1.025
Bulgaria,1906,0.212,-1.025
Bulgaria,1907,0.212,-1.11
Bulgaria,1908,0.22,-1.269
Bulgaria,1909,0.227,-1.269
Bulgaria,1910,0.227,-1.131
Bulgaria,1911,0.227,-1.131
Bulgaria,1912,0.221,-0.832
Bulgaria,1913,0.214,-0.595
Bulgaria,1914,0.203,-0.785
Bulgaria,1915,0.202,-0.355
Bulgaria,1916,0.2,0.169
Bulgaria,1917,0.2,0.231
Bulgaria,1918,0.202,0.289
Bulgaria,1919,0.207,0.338
Bulgaria,1920,0.212,0.481
Bulgaria,1921,0.21,0.37
Bulgaria,1922,0.21,0.37
Bulgaria,1923,0.168,1.661
Bulgaria,1924,0.172,1.25
Bulgaria,1925,0.17,1.25
Bulgaria,1926,0.174,0.1
Bulgaria,1927,0.177,-0.1
Bulgaria,1928,0.179,-0.1
Bulgaria,1929,0.179,-0.1
Bulgaria,1930,0.181,-0.301
Bulgaria,1931,0.191,-0.301
Bulgaria,1932,0.193,-0.163
Bulgaria,1933,0.193,0.035
Bulgaria,1934,0.127,0.497
Bulgaria,1935,0.093,-0.18
Bulgaria,1936,0.093,-0.18
Bulgaria,1937,0.093,-0.18
Bulgaria,1938,0.118,-0.1
Bulgaria,1939,0.111,-0.012
Bulgaria,1940,0.125,0.525
Bulgaria,1941,0.12,0.757
Bulgaria,1942,0.12,0.757
Bulgaria,1943,0.138,0.757
Bulgaria,1944,0.15,1.586
Bulgaria,1945,0.074,1.646
Bulgaria,1946,0.133,1.646
Bulgaria,1947,0.126,2.102
Bulgaria,1948,0.162,2.102
Bulgaria,1949,0.168,1.76
Bulgaria,1950,0.165,1.938
Bulgaria,1951,0.163,1.938
Bulgaria,1952,0.163,2.025
Bulgaria,1953,0.166,2.025
Bulgaria,1954,0.172,2.025
Bulgaria,1955,0.172,2.025
Bulgaria,1956,0.173,2.025
Bulgaria,1957,0.176,1.983
Bulgaria,1958,0.17,1.983
Bulgaria,1959,0.17,1.983
Bulgaria,1960,0.171,1.983
Bulgaria,1961,0.171,1.983
Bulgaria,1962,0.175,1.983
Bulgaria,1963,0.175,1.983
Bulgaria,1964,0.175,1.776
Bulgaria,1965,0.175,1.776
Bulgaria,1966,0.176,1.776
Bulgaria,1967,0.176,1.776
Bulgaria,1968,0.176,1.776
Bulgaria,1969,0.176,1.776
Bulgaria,1970,0.176,1.674
Bulgaria,1971,0.176,1.674
Bulgaria,1972,0.176,1.674
Bulgaria,1973,0.176,1.674
Bulgaria,1974,0.176,1.674
Bulgaria,1975,0.177,1.674
Bulgaria,1976,0.176,1.674
Bulgaria,1977,0.176,1.674
Bulgaria,1978,0.176,1.674
Bulgaria,1979,0.176,1.674
Bulgaria,1980,0.176,1.297
Bulgaria,1981,0.177,1.297
Bulgaria,1982,0.178,1.297
Bulgaria,1983,0.178,1.297
Bulgaria,1984,0.18,1.297
Bulgaria,1985,0.18,1.404
Bulgaria,1986,0.181,1.404
Bulgaria,1987,0.181,1.404
Bulgaria,1988,0.181,1.708
Bulgaria,1989,0.182,1.876
Bulgaria,1990,0.572,0.111
Bulgaria,1991,0.622,0.111
Bulgaria,1992,0.698,0.111
Bulgaria,1993,0.693,0.189
Bulgaria,1994,0.692,0.27
Bulgaria,1995,0.691,0.512
Bulgaria,1996,0.698,0.512
Bulgaria,1997,0.712,0.615
Bulgaria,1998,0.707,0.495
Bulgaria,1999,0.716,0.106
Bulgaria,2000,0.717,-1.241
Bulgaria,2001,0.692,-1.392
Bulgaria,2002,0.721,-1.731
Bulgaria,2003,0.721,-1.731
Bulgaria,2004,0.721,-1.731
Bulgaria,2005,0.701,-1.731
Bulgaria,2006,0.706,-1.557
Bulgaria,2007,0.705,-1.557
Bulgaria,2008,0.711,-1.968
Bulgaria,2009,0.691,-1.621
Bulgaria,2010,0.674,-1.409
Bulgaria,2011,0.672,-1.409
Bulgaria,2012,0.664,-1.337
Bulgaria,2013,0.657,-0.78
Bulgaria,2014,0.673,-0.789
Bulgaria,2015,0.671,-0.989
Bulgaria,2016,0.667,-0.919
Bulgaria,2017,0.624,-0.769
Bulgaria,2018,0.612,-0.69
Bulgaria,2019,0.609,-0.562
Bulgaria,2020,0.607,0.487
Bulgaria,2021,0.665,0.628
Bulgaria,2022,0.679,0.886
Bulgaria,2023,0.659,0.538
Bulgaria,2024,0.645,0.492
Bulgaria,2025,0.599,1.288
Comoros,1900,0.027,-0.877
Comoros,1901,0.029,-0.877
Comoros,1902,0.029,-0.877
Comoros,1903,0.029,-0.877
Comoros,1904,0.029,-0.877
Comoros,1905,0.029,-0.877
Comoros,1906,0.029,-0.877
Comoros,1907,0.029,-0.877
Comoros,1908,0.029,-0.877
Comoros,1909,0.029,-0.877
Comoros,1910,0.029,-0.877
Comoros,1911,0.029,-0.877
Comoros,1912,0.029,-0.877
Comoros,1913,0.032,-0.877
Comoros,1946,0.047,-0.299
Comoros,1947,0.051,-0.299
Comoros,1948,0.056,-0.299
Comoros,1949,0.059,-0.299
Comoros,1950,0.059,-0.299
Comoros,1951,0.065,-0.299
Comoros,1952,0.065,-0.299
Comoros,1953,0.065,-0.299
Comoros,1954,0.065,-0.299
Comoros,1955,0.065,-0.299
Comoros,1956,0.065,-0.299
Comoros,1957,0.115,-0.299
Comoros,1958,0.116,-0.299
Comoros,1959,0.116,-0.299
Comoros,1960,0.116,0.111
Comoros,1961,0.116,0.111
Comoros,1962,0.116,0.111
Comoros,1963,0.116,0.111
Comoros,1964,0.116,0.111
Comoros,1965,0.117,0.111
Comoros,1966,0.117,0.111
Comoros,1967,0.117,0.111
Comoros,1968,0.117,0.111
Comoros,1969,0.117,0.111
Comoros,1970,0.119,0.111
Comoros,1971,0.121,0.111
Comoros,1972,0.123,0.111
Comoros,1973,0.145,0.111
Comoros,1974,0.145,0.111
Comoros,1975,0.131,0.477
Comoros,1976,0.169,0.477
Comoros,1977,0.169,0.477
Comoros,1978,0.15,0.477
Comoros,1979,0.219,0.477
Comoros,1980,0.226,0.477
Comoros,1981,0.226,0.477
Comoros,1982,0.209,0.477
Comoros,1983,0.206,0.477
Comoros,1984,0.204,0.477
Comoros,1985,0.203,0.477
Comoros,1986,0.203,0.477
Comoros,1987,0.204,0.477
Comoros,1988,0.206,0.477
Comoros,1989,0.206,0.477
Comoros,1990,0.381,-0.788
Comoros,1991,0.418,-0.788
Comoros,1992,0.414,-0.788
Comoros,1993,0.339,-0.788
Comoros,1994,0.399,0.369
Comoros,1995,0.4,0.369
Comoros,1996,0.317,0.369
Comoros,1997,0.429,0.369
Comoros,1998,0.43,0.369
Comoros,1999,0.296,0.369
Comoros,2000,0.218,0.369
Comoros,2001,0.221,0.369
Comoros,2002,0.315,0.369
Comoros,2003,0.369,0.369
Comoros,2004,0.408,0.369
Comoros,2005,0.427,0.369
Comoros,2006,0.419,0.068
Comoros,2007,0.414,0.068
Comoros,2008,0.414,0.068
Comoros,2009,0.418,0.068
Comoros,2010,0.416,0.792
Comoros,2011,0.446,0.792
Comoros,2012,0.446,0.792
Comoros,2013,0.467,0.792
Comoros,2014,0.467,0.792
Comoros,2015,0.395,0.792
Comoros,2016,0.385,1.109
Comoros,2017,0.38,1.109
Comoros,2018,0.367,1.257
Comoros,2019,0.305,1.257
Comoros,2020,0.28,1.475
Comoros,2021,0.28,1.475
Comoros,2022,0.272,1.198
Comoros,2023,0.264,1.198
Comoros,2024,0.276,1.551
Comoros,2025,0.293,1.223
Croatia,1941,0.009,3.551
Croatia,1942,0.009,3.551
Croatia,1943,0.009,3.551
Croatia,1944,0.009,3.551
Croatia,1991,0.242,0.938
Croatia,1992,0.299,0.952
Croatia,1993,0.377,0.952
Croatia,1994,0.384,0.952
Croatia,1995,0.386,0.952
Croatia,1996,0.406,0.512
Croatia,1997,0.422,0.512
Croatia,1998,0.428,0.512
Croatia,1999,0.431,0.512
Croatia,2000,0.76,0.624
Croatia,2001,0.767,0.753
Croatia,2002,0.766,0.618
Croatia,2003,0.769,0.618
Croatia,2004,0.757,0.618
Croatia,2005,0.775,0.24
Croatia,2006,0.772,0.24
Croatia,2007,0.784,0.24
Croatia,2008,0.779,0.24
Croatia,2009,0.784,0.24
Croatia,2010,0.844,0.24
Croatia,2011,0.853,0.24
Croatia,2012,0.851,0.24
Croatia,2013,0.828,0.24
Croatia,2014,0.823,0.401
Croatia,2015,0.816,0.663
Croatia,2016,0.765,0.663
Croatia,2017,0.739,0.521
Croatia,2018,0.729,0.403
Croatia,2019,0.734,0.403
Croatia,2020,0.756,0.374
Croatia,2021,0.747,0.753
Croatia,2022,0.724,0.753
Croatia,2023,0.725,0.753
Croatia,2024,0.71,0.753
Croatia,2025,0.686,1.195
Cuba,1789,0.048,NA
Cuba,1790,0.048,NA
Cuba,1791,0.048,NA
Cuba,1792,0.048,NA
Cuba,1793,0.048,NA
Cuba,1794,0.048,NA
Cuba,1795,0.048,NA
Cuba,1796,0.048,NA
Cuba,1797,0.048,NA
Cuba,1798,0.048,NA
Cuba,1799,0.048,NA
Cuba,1800,0.048,NA
Cuba,1801,0.048,NA
Cuba,1802,0.048,NA
Cuba,1803,0.048,NA
Cuba,1804,0.048,NA
Cuba,1805,0.048,NA
Cuba,1806,0.048,NA
Cuba,1807,0.048,NA
Cuba,1808,0.048,NA
Cuba,1809,0.048,NA
Cuba,1810,0.048,NA
Cuba,1811,0.048,NA
Cuba,1812,0.045,NA
Cuba,1813,0.048,NA
Cuba,1814,0.048,NA
Cuba,1815,0.048,NA
Cuba,1816,0.048,NA
Cuba,1817,0.048,NA
Cuba,1818,0.048,NA
Cuba,1819,0.048,NA
Cuba,1820,0.048,NA
Cuba,1821,0.048,NA
Cuba,1822,0.048,NA
Cuba,1823,0.048,NA
Cuba,1824,0.048,NA
Cuba,1825,0.048,NA
Cuba,1826,0.048,NA
Cuba,1827,0.048,NA
Cuba,1828,0.048,NA
Cuba,1829,0.048,NA
Cuba,1830,0.048,NA
Cuba,1831,0.048,NA
Cuba,1832,0.048,NA
Cuba,1833,0.048,NA
Cuba,1834,0.048,NA
Cuba,1835,0.048,NA
Cuba,1836,0.048,NA
Cuba,1837,0.048,NA
Cuba,1838,0.048,NA
Cuba,1839,0.048,NA
Cuba,1840,0.048,NA
Cuba,1841,0.048,NA
Cuba,1842,0.048,NA
Cuba,1843,0.048,NA
Cuba,1844,0.041,NA
Cuba,1845,0.049,NA
Cuba,1846,0.049,NA
Cuba,1847,0.049,NA
Cuba,1848,0.049,NA
Cuba,1849,0.049,NA
Cuba,1850,0.049,NA
Cuba,1851,0.049,NA
Cuba,1852,0.049,NA
Cuba,1853,0.049,NA
Cuba,1854,0.049,NA
Cuba,1855,0.049,NA
Cuba,1856,0.049,NA
Cuba,1857,0.049,NA
Cuba,1858,0.049,NA
Cuba,1859,0.049,NA
Cuba,1860,0.049,NA
Cuba,1861,0.049,NA
Cuba,1862,0.049,NA
Cuba,1863,0.049,NA
Cuba,1864,0.049,NA
Cuba,1865,0.049,NA
Cuba,1866,0.064,NA
Cuba,1867,0.05,NA
Cuba,1868,0.049,NA
Cuba,1869,0.049,NA
Cuba,1870,0.049,NA
Cuba,1871,0.049,NA
Cuba,1872,0.049,NA
Cuba,1873,0.049,NA
Cuba,1874,0.049,NA
Cuba,1875,0.049,NA
Cuba,1876,0.049,NA
Cuba,1877,0.049,NA
Cuba,1878,0.048,NA
Cuba,1879,0.05,NA
Cuba,1880,0.05,NA
Cuba,1881,0.05,NA
Cuba,1882,0.05,NA
Cuba,1883,0.05,NA
Cuba,1884,0.05,NA
Cuba,1885,0.05,NA
Cuba,1886,0.05,NA
Cuba,1887,0.05,NA
Cuba,1888,0.05,NA
Cuba,1889,0.059,NA
Cuba,1890,0.082,NA
Cuba,1891,0.082,NA
Cuba,1892,0.082,NA
Cuba,1893,0.082,NA
Cuba,1894,0.082,NA
Cuba,1895,0.079,NA
Cuba,1896,0.079,NA
Cuba,1897,0.079,NA
Cuba,1898,0.112,NA
Cuba,1899,0.155,NA
Cuba,1900,0.182,NA
Cuba,1901,0.221,NA
Cuba,1902,0.307,0.94
Cuba,1903,0.343,0.94
Cuba,1904,0.325,0.94
Cuba,1905,0.321,0.94
Cuba,1906,0.282,0.94
Cuba,1907,0.193,0.94
Cuba,1908,0.198,0.94
Cuba,1909,0.307,0.94
Cuba,1910,0.311,0.94
Cuba,1911,0.317,0.94
Cuba,1912,0.315,0.94
Cuba,1913,0.314,0.94
Cuba,1914,0.315,0.94
Cuba,1915,0.321,0.94
Cuba,1916,0.319,0.94
Cuba,1917,0.309,0.94
Cuba,1918,0.311,0.94
Cuba,1919,0.319,0.94
Cuba,1920,0.319,0.94
Cuba,1921,0.319,0.94
Cuba,1922,0.317,0.94
Cuba,1923,0.311,0.94
Cuba,1924,0.311,0.94
Cuba,1925,0.31,1.22
Cuba,1926,0.301,1.22
Cuba,1927,0.299,1.22
Cuba,1928,0.293,1.22
Cuba,1929,0.279,1.22
Cuba,1930,0.278,1.067
Cuba,1931,0.273,1.067
Cuba,1932,0.273,1.067
Cuba,1933,0.252,1.067
Cuba,1934,0.186,0.795
Cuba,1935,0.186,0.795
Cuba,1936,0.309,0.795
Cuba,1937,0.347,0.795
Cuba,1938,0.347,0.795
Cuba,1939,0.353,0.795
Cuba,1940,0.388,0.795
Cuba,1941,0.426,0.795
Cuba,1942,0.419,0.795
Cuba,1943,0.418,0.795
Cuba,1944,0.427,0.795
Cuba,1945,0.426,0.795
Cuba,1946,0.428,0.795
Cuba,1947,0.43,0.795
Cuba,1948,0.427,0.795
Cuba,1949,0.424,0.795
Cuba,1950,0.418,1.226
Cuba,1951,0.408,1.226
Cuba,1952,0.254,1.438
Cuba,1953,0.191,1.622
Cuba,1954,0.194,1.622
Cuba,1955,0.271,1.622
Cuba,1956,0.281,1.622
Cuba,1957,0.277,2.009
Cuba,1958,0.277,2.009
Cuba,1959,0.15,2.009
Cuba,1960,0.088,-0.075
Cuba,1961,0.07,-0.075
Cuba,1962,0.069,-0.075
Cuba,1963,0.069,-0.075
Cuba,1964,0.069,-0.075
Cuba,1965,0.069,-0.075
Cuba,1966,0.069,-0.075
Cuba,1967,0.069,-0.075
Cuba,1968,0.069,-0.075
Cuba,1969,0.069,-0.075
Cuba,1970,0.069,-0.075
Cuba,1971,0.069,-0.075
Cuba,1972,0.069,-0.075
Cuba,1973,0.069,-0.075
Cuba,1974,0.069,-0.075
Cuba,1975,0.069,-0.075
Cuba,1976,0.069,-0.075
Cuba,1977,0.069,-0.075
Cuba,1978,0.069,-0.075
Cuba,1979,0.069,-0.075
Cuba,1980,0.071,-0.075
Cuba,1981,0.071,-0.075
Cuba,1982,0.071,-0.075
Cuba,1983,0.071,-0.461
Cuba,1984,0.071,-0.461
Cuba,1985,0.071,-0.461
Cuba,1986,0.071,-0.461
Cuba,1987,0.071,-0.461
Cuba,1988,0.071,-0.461
Cuba,1989,0.071,-0.461
Cuba,1990,0.071,-0.461
Cuba,1991,0.071,-0.461
Cuba,1992,0.071,-0.461
Cuba,1993,0.103,-0.461
Cuba,1994,0.108,-0.461
Cuba,1995,0.108,-0.461
Cuba,1996,0.108,-0.461
Cuba,1997,0.108,-0.461
Cuba,1998,0.113,-0.461
Cuba,1999,0.113,-0.461
Cuba,2000,0.113,-0.461
Cuba,2001,0.113,-0.461
Cuba,2002,0.113,-0.461
Cuba,2003,0.114,-0.461
Cuba,2004,0.114,-0.461
Cuba,2005,0.113,-0.461
Cuba,2006,0.113,-0.461
Cuba,2007,0.113,-0.461
Cuba,2008,0.105,-0.461
Cuba,2009,0.167,-0.461
Cuba,2010,0.167,-0.461
Cuba,2011,0.167,-0.461
Cuba,2012,0.167,-0.461
Cuba,2013,0.168,-0.461
Cuba,2014,0.168,-0.461
Cuba,2015,0.168,-0.461
Cuba,2016,0.169,-0.461
Cuba,2017,0.168,-0.461
Cuba,2018,0.177,-0.461
Cuba,2019,0.181,-0.461
Cuba,2020,0.178,-0.422
Cuba,2021,0.178,-0.357
Cuba,2022,0.178,-0.626
Cuba,2023,0.175,-0.626
Cuba,2024,0.178,-0.626
Cuba,2025,0.176,-0.626
Cyprus,1900,0.087,-1.311
Cyprus,1901,0.087,-1.311
Cyprus,1902,0.087,-1.311
Cyprus,1903,0.087,-1.311
Cyprus,1904,0.087,-1.311
Cyprus,1905,0.09,-1.311
Cyprus,1906,0.09,-1.311
Cyprus,1907,0.088,-1.311
Cyprus,1908,0.088,-1.311
Cyprus,1909,0.088,-1.311
Cyprus,1910,0.088,-1.311
Cyprus,1911,0.088,-1.311
Cyprus,1912,0.088,-1.311
Cyprus,1913,0.088,-1.311
Cyprus,1914,0.088,-1.311
Cyprus,1915,0.088,-1.311
Cyprus,1916,0.088,-1.311
Cyprus,1917,0.088,-1.311
Cyprus,1918,0.088,-1.311
Cyprus,1919,0.088,-1.311
Cyprus,1920,0.088,-1.311
Cyprus,1921,0.088,-1.311
Cyprus,1922,0.088,-1.311
Cyprus,1923,0.088,-1.311
Cyprus,1924,0.088,-1.311
Cyprus,1925,0.088,-1.311
Cyprus,1926,0.088,-1.311
Cyprus,1927,0.088,-1.311
Cyprus,1928,0.088,-1.311
Cyprus,1929,0.088,-1.311
Cyprus,1930,0.088,-0.977
Cyprus,1931,0.081,-0.648
Cyprus,1932,0.081,-0.648
Cyprus,1933,0.081,-0.648
Cyprus,1934,0.081,-0.648
Cyprus,1935,0.081,-0.648
Cyprus,1936,0.081,0.289
Cyprus,1937,0.081,0.289
Cyprus,1938,0.081,0.289
Cyprus,1939,0.081,0.289
Cyprus,1940,0.08,0.289
Cyprus,1941,0.085,0.289
Cyprus,1942,0.088,0.289
Cyprus,1943,0.088,0.289
Cyprus,1944,0.088,0.289
Cyprus,1945,0.088,0.289
Cyprus,1946,0.089,0.289
Cyprus,1947,0.089,0.289
Cyprus,1948,0.089,0.289
Cyprus,1949,0.089,0.289
Cyprus,1950,0.087,0.289
Cyprus,1951,0.088,0.289
Cyprus,1952,0.088,0.289
Cyprus,1953,0.088,0.289
Cyprus,1954,0.088,0.289
Cyprus,1955,0.083,1.034
Cyprus,1956,0.08,0.809
Cyprus,1957,0.08,0.809
Cyprus,1958,0.08,0.809
Cyprus,1959,0.086,0.809
Cyprus,1960,0.339,1.87
Cyprus,1961,0.458,1.87
Cyprus,1962,0.463,1.87
Cyprus,1963,0.463,2.509
Cyprus,1964,0.46,2.078
Cyprus,1965,0.46,2.078
Cyprus,1966,0.46,2.078
Cyprus,1967,0.46,2.078
Cyprus,1968,0.46,2.078
Cyprus,1969,0.46,2.078
Cyprus,1970,0.472,2.078
Cyprus,1971,0.482,2.078
Cyprus,1972,0.482,2.078
Cyprus,1973,0.482,2.078
Cyprus,1974,0.493,3.216
Cyprus,1975,0.522,1.819
Cyprus,1976,0.559,0.917
Cyprus,1977,0.58,0.917
Cyprus,1978,0.58,0.917
Cyprus,1979,0.58,0.917
Cyprus,1980,0.597,0.917
Cyprus,1981,0.634,0.917
Cyprus,1982,0.661,0.917
Cyprus,1983,0.691,0.917
Cyprus,1984,0.695,0.917
Cyprus,1985,0.695,0.917
Cyprus,1986,0.697,0.917
Cyprus,1987,0.697,0.917
Cyprus,1988,0.707,0.917
Cyprus,1989,0.721,0.917
Cyprus,1990,0.752,0.484
Cyprus,1991,0.764,0.484
Cyprus,1992,0.773,0.484
Cyprus,1993,0.774,0.484
Cyprus,1994,0.774,0.484
Cyprus,1995,0.774,0.484
Cyprus,1996,0.776,0.484
Cyprus,1997,0.778,0.484
Cyprus,1998,0.765,0.484
Cyprus,1999,0.765,0.484
Cyprus,2000,0.795,0.484
Cyprus,2001,0.805,0.484
Cyprus,2002,0.81,0.484
Cyprus,2003,0.805,0.484
Cyprus,2004,0.826,0.378
Cyprus,2005,0.825,0.378
Cyprus,2006,0.834,0.378
Cyprus,2007,0.837,0.378
Cyprus,2008,0.836,0.224
Cyprus,2009,0.836,0.224
Cyprus,2010,0.845,0.224
Cyprus,2011,0.845,0.224
Cyprus,2012,0.845,0.224
Cyprus,2013,0.847,0.224
Cyprus,2014,0.846,0.224
Cyprus,2015,0.851,0.224
Cyprus,2016,0.851,0.224
Cyprus,2017,0.84,0.224
Cyprus,2018,0.836,-0.017
Cyprus,2019,0.84,-0.017
Cyprus,2020,0.807,0.102
Cyprus,2021,0.795,0.7
Cyprus,2022,0.779,0.52
Cyprus,2023,0.777,0.397
Cyprus,2024,0.777,0.512
Cyprus,2025,0.773,0.512
Czechia,1918,0.302,-0.511
Czechia,1919,0.302,-0.511
Czechia,1920,0.638,-0.883
Czechia,1921,0.784,-0.883
Czechia,1922,0.786,-0.883
Czechia,1923,0.786,-0.883
Czechia,1924,0.786,-0.883
Czechia,1925,0.787,-0.883
Czechia,1926,0.795,-0.98
Czechia,1927,0.795,-0.98
Czechia,1928,0.795,-0.871
Czechia,1929,0.795,-0.871
Czechia,1930,0.782,-0.871
Czechia,1931,0.764,-0.871
Czechia,1932,0.764,-0.871
Czechia,1933,0.753,-0.282
Czechia,1934,0.754,-0.067
Czechia,1935,0.753,-0.067
Czechia,1936,0.76,-0.067
Czechia,1937,0.76,0.058
Czechia,1938,0.661,0.617
Czechia,1939,0.127,2.466
Czechia,1940,0.068,1.845
Czechia,1941,0.068,1.845
Czechia,1942,0.068,1.845
Czechia,1943,0.068,1.845
Czechia,1944,0.068,1.845
Czechia,1945,0.114,0.894
Czechia,1946,0.199,0.112
Czechia,1947,0.234,0.112
Czechia,1948,0.185,2.065
Czechia,1949,0.186,2.445
Czechia,1950,0.186,2.445
Czechia,1951,0.186,2.445
Czechia,1952,0.186,2.092
Czechia,1953,0.137,2.092
Czechia,1954,0.127,2.092
Czechia,1955,0.132,1.815
Czechia,1956,0.132,1.815
Czechia,1957,0.14,1.554
Czechia,1958,0.196,1.554
Czechia,1959,0.196,1.554
Czechia,1960,0.195,1.554
Czechia,1961,0.195,1.554
Czechia,1962,0.196,1.554
Czechia,1963,0.196,1.372
Czechia,1964,0.198,1.372
Czechia,1965,0.198,1.372
Czechia,1966,0.198,1.372
Czechia,1967,0.204,1.372
Czechia,1968,0.158,1.573
Czechia,1969,0.14,2.094
Czechia,1970,0.132,1.48
Czechia,1971,0.131,1.48
Czechia,1972,0.132,1.48
Czechia,1973,0.133,1.48
Czechia,1974,0.133,1.48
Czechia,1975,0.171,1.48
Czechia,1976,0.196,1.48
Czechia,1977,0.195,1.48
Czechia,1978,0.195,1.48
Czechia,1979,0.195,1.48
Czechia,1980,0.195,1.48
Czechia,1981,0.195,1.48
Czechia,1982,0.195,1.48
Czechia,1983,0.195,1.48
Czechia,1984,0.195,1.48
Czechia,1985,0.195,1.48
Czechia,1986,0.197,1.48
Czechia,1987,0.197,1.48
Czechia,1988,0.136,1.48
Czechia,1989,0.146,1.48
Czechia,1990,0.794,-2.03
Czechia,1991,0.883,-2.03
Czechia,1992,0.884,-2.03
Czechia,1993,0.895,-3.01
Czechia,1994,0.895,-3.01
Czechia,1995,0.895,-3.01
Czechia,1996,0.892,-3.01
Czechia,1997,0.891,-2.484
Czechia,1998,0.884,-2.125
Czechia,1999,0.878,-2.125
Czechia,2000,0.878,-2.125
Czechia,2001,0.878,-2.125
Czechia,2002,0.884,-2.125
Czechia,2003,0.891,-2.24
Czechia,2004,0.892,-2.24
Czechia,2005,0.892,-2.24
Czechia,2006,0.896,-1.76
Czechia,2007,0.897,-2.011
Czechia,2008,0.897,-2.011
Czechia,2009,0.888,-2.011
Czechia,2010,0.883,-1.736
Czechia,2011,0.891,-1.736
Czechia,2012,0.891,-1.736
Czechia,2013,0.863,-1.369
Czechia,2014,0.852,-1.369
Czechia,2015,0.852,-1.531
Czechia,2016,0.852,-1.531
Czechia,2017,0.833,-1.531
Czechia,2018,0.81,-1.358
Czechia,2019,0.8,-1.358
Czechia,2020,0.806,-0.677
Czechia,2021,0.789,-0.275
Czechia,2022,0.854,-0.591
Czechia,2023,0.863,-0.351
Czechia,2024,0.865,-0.431
Czechia,2025,0.849,-0.131
Denmark,1789,0.108,NA
Denmark,1790,0.108,NA
Denmark,1791,0.108,NA
Denmark,1792,0.108,NA
Denmark,1793,0.108,NA
Denmark,1794,0.108,NA
Denmark,1795,0.108,NA
Denmark,1796,0.108,NA
Denmark,1797,0.108,NA
Denmark,1798,0.108,NA
Denmark,1799,0.106,NA
Denmark,1800,0.106,NA
Denmark,1801,0.106,NA
Denmark,1802,0.106,NA
Denmark,1803,0.106,NA
Denmark,1804,0.106,NA
Denmark,1805,0.106,NA
Denmark,1806,0.106,NA
Denmark,1807,0.106,NA
Denmark,1808,0.106,NA
Denmark,1809,0.106,NA
Denmark,1810,0.106,NA
Denmark,1811,0.106,NA
Denmark,1812,0.106,NA
Denmark,1813,0.106,NA
Denmark,1814,0.106,NA
Denmark,1815,0.106,NA
Denmark,1816,0.106,NA
Denmark,1817,0.106,NA
Denmark,1818,0.106,NA
Denmark,1819,0.106,NA
Denmark,1820,0.106,NA
Denmark,1821,0.106,NA
Denmark,1822,0.106,NA
Denmark,1823,0.106,NA
Denmark,1824,0.106,NA
Denmark,1825,0.106,NA
Denmark,1826,0.106,NA
Denmark,1827,0.106,NA
Denmark,1828,0.106,NA
Denmark,1829,0.106,NA
Denmark,1830,0.106,NA
Denmark,1831,0.106,NA
Denmark,1832,0.106,NA
Denmark,1833,0.106,NA
Denmark,1834,0.147,NA
Denmark,1835,0.15,NA
Denmark,1836,0.15,NA
Denmark,1837,0.15,NA
Denmark,1838,0.15,NA
Denmark,1839,0.15,NA
Denmark,1840,0.15,NA
Denmark,1841,0.15,NA
Denmark,1842,0.15,NA
Denmark,1843,0.15,NA
Denmark,1844,0.15,NA
Denmark,1845,0.15,NA
Denmark,1846,0.15,NA
Denmark,1847,0.15,NA
Denmark,1848,0.21,NA
Denmark,1849,0.362,NA
Denmark,1850,0.362,NA
Denmark,1851,0.362,NA
Denmark,1852,0.361,NA
Denmark,1853,0.354,NA
Denmark,1854,0.353,NA
Denmark,1855,0.363,NA
Denmark,1856,0.363,NA
Denmark,1857,0.363,NA
Denmark,1858,0.363,NA
Denmark,1859,0.362,NA
Denmark,1860,0.362,NA
Denmark,1861,0.363,NA
Denmark,1862,0.363,NA
Denmark,1863,0.363,NA
Denmark,1864,0.363,NA
Denmark,1865,0.363,NA
Denmark,1866,0.363,NA
Denmark,1867,0.363,NA
Denmark,1868,0.363,NA
Denmark,1869,0.363,NA
Denmark,1870,0.363,NA
Denmark,1871,0.347,NA
Denmark,1872,0.347,NA
Denmark,1873,0.365,NA
Denmark,1874,0.367,NA
Denmark,1875,0.367,NA
Denmark,1876,0.362,NA
Denmark,1877,0.359,NA
Denmark,1878,0.359,NA
Denmark,1879,0.36,NA
Denmark,1880,0.361,NA
Denmark,1881,0.361,NA
Denmark,1882,0.361,NA
Denmark,1883,0.361,NA
Denmark,1884,0.36,NA
Denmark,1885,0.34,NA
Denmark,1886,0.331,NA
Denmark,1887,0.333,NA
Denmark,1888,0.333,NA
Denmark,1889,0.333,NA
Denmark,1890,0.332,NA
Denmark,1891,0.332,NA
Denmark,1892,0.333,NA
Denmark,1893,0.333,NA
Denmark,1894,0.363,NA
Denmark,1895,0.369,NA
Denmark,1896,0.37,NA
Denmark,1897,0.37,NA
Denmark,1898,0.369,NA
Denmark,1899,0.369,NA
Denmark,1900,0.37,-0.758
Denmark,1901,0.479,-1.382
Denmark,1902,0.614,-1.382
Denmark,1903,0.614,-1.382
Denmark,1904,0.615,-1.382
Denmark,1905,0.615,-1.382
Denmark,1906,0.614,-1.382
Denmark,1907,0.613,-1.382
Denmark,1908,0.613,-1.382
Denmark,1909,0.614,-1.382
Denmark,1910,0.614,-1.382
Denmark,1911,0.614,-1.382
Denmark,1912,0.614,-1.382
Denmark,1913,0.614,-1.382
Denmark,1914,0.612,-1.382
Denmark,1915,0.612,-1.382
Denmark,1916,0.862,-1.382
Denmark,1917,0.862,-1.382
Denmark,1918,0.863,-1.382
Denmark,1919,0.868,-1.382
Denmark,1920,0.872,-0.895
Denmark,1921,0.872,-1.381
Denmark,1922,0.872,-1.381
Denmark,1923,0.872,-1.381
Denmark,1924,0.868,-1.381
Denmark,1925,0.867,-1.381
Denmark,1926,0.867,-1.381
Denmark,1927,0.871,-1.381
Denmark,1928,0.871,-1.381
Denmark,1929,0.87,-1.381
Denmark,1930,0.867,-0.894
Denmark,1931,0.867,-0.894
Denmark,1932,0.867,-0.894
Denmark,1933,0.854,-1.236
Denmark,1934,0.853,-1.051
Denmark,1935,0.853,-1.051
Denmark,1936,0.852,-1.051
Denmark,1937,0.852,-1.051
Denmark,1938,0.852,-1.051
Denmark,1939,0.851,-1.051
Denmark,1940,0.68,0.437
Denmark,1941,0.633,0.332
Denmark,1942,0.628,0.332
Denmark,1943,0.467,0.687
Denmark,1944,0.204,0.777
Denmark,1945,0.322,-0.421
Denmark,1946,0.899,-2.037
Denmark,1947,0.901,-2.037
Denmark,1948,0.903,-2.037
Denmark,1949,0.903,-2.284
Denmark,1950,0.904,-3.002
Denmark,1951,0.901,-3.002
Denmark,1952,0.901,-3.002
Denmark,1953,0.902,-2.9
Denmark,1954,0.899,-2.64
Denmark,1955,0.901,-2.64
Denmark,1956,0.901,-2.64
Denmark,1957,0.902,-2.64
Denmark,1958,0.902,-2.64
Denmark,1959,0.902,-2.64
Denmark,1960,0.903,-2.64
Denmark,1961,0.905,-2.64
Denmark,1962,0.905,-2.64
Denmark,1963,0.905,-2.64
Denmark,1964,0.904,-2.64
Denmark,1965,0.9,-2.64
Denmark,1966,0.9,-2.64
Denmark,1967,0.902,-2.64
Denmark,1968,0.904,-2.64
Denmark,1969,0.904,-2.64
Denmark,1970,0.904,-2.64
Denmark,1971,0.905,-2.64
Denmark,1972,0.908,-2.64
Denmark,1973,0.908,-2.64
Denmark,1974,0.908,-2.64
Denmark,1975,0.907,-2.64
Denmark,1976,0.907,-2.64
Denmark,1977,0.908,-2.64
Denmark,1978,0.908,-2.64
Denmark,1979,0.908,-2.64
Denmark,1980,0.907,-2.64
Denmark,1981,0.907,-2.64
Denmark,1982,0.909,-2.64
Denmark,1983,0.909,-2.64
Denmark,1984,0.906,-2.64
Denmark,1985,0.906,-2.64
Denmark,1986,0.906,-2.64
Denmark,1987,0.907,-2.64
Denmark,1988,0.908,-2.64
Denmark,1989,0.908,-2.64
Denmark,1990,0.908,-2.64
Denmark,1991,0.909,-2.64
Denmark,1992,0.909,-2.64
Denmark,1993,0.909,-2.64
Denmark,1994,0.909,-2.64
Denmark,1995,0.908,-2.64
Denmark,1996,0.908,-2.64
Denmark,1997,0.908,-2.64
Denmark,1998,0.906,-2.64
Denmark,1999,0.906,-2.64
Denmark,2000,0.906,-2.64
Denmark,2001,0.906,-2.64
Denmark,2002,0.908,-2.64
Denmark,2003,0.908,-2.64
Denmark,2004,0.908,-2.64
Denmark,2005,0.92,-2.64
Denmark,2006,0.922,-2.64
Denmark,2007,0.922,-2.64
Denmark,2008,0.921,-2.64
Denmark,2009,0.921,-3.236
Denmark,2010,0.921,-3.236
Denmark,2011,0.921,-3.236
Denmark,2012,0.921,-3.236
Denmark,2013,0.921,-3.236
Denmark,2014,0.921,-3.236
Denmark,2015,0.921,-3.236
Denmark,2016,0.918,-3.236
Denmark,2017,0.918,-3.236
Denmark,2018,0.918,-3.236
Denmark,2019,0.916,-3.236
Denmark,2020,0.915,-3.236
Denmark,2021,0.915,-2.157
Denmark,2022,0.915,-1.645
Denmark,2023,0.917,-1.645
Denmark,2024,0.917,-1.645
Denmark,2025,0.913,-1.645
Equatorial Guinea,1900,0.012,0.41
Equatorial Guinea,1901,0.012,0.41
Equatorial Guinea,1902,0.012,0.41
Equatorial Guinea,1903,0.012,0.41
Equatorial Guinea,1904,0.013,0.41
Equatorial Guinea,1905,0.013,0.41
Equatorial Guinea,1906,0.013,0.174
Equatorial Guinea,1907,0.013,0.174
Equatorial Guinea,1908,0.013,0.174
Equatorial Guinea,1909,0.013,0.174
Equatorial Guinea,1910,0.013,0.174
Equatorial Guinea,1911,0.013,0.174
Equatorial Guinea,1912,0.013,0.174
Equatorial Guinea,1913,0.013,0.174
Equatorial Guinea,1914,0.013,0.174
Equatorial Guinea,1915,0.013,0.174
Equatorial Guinea,1916,0.013,0.174
Equatorial Guinea,1917,0.013,0.174
Equatorial Guinea,1918,0.013,0.174
Equatorial Guinea,1919,0.013,0.174
Equatorial Guinea,1920,0.013,0.174
Equatorial Guinea,1921,0.013,0.174
Equatorial Guinea,1922,0.013,0.174
Equatorial Guinea,1923,0.013,0.174
Equatorial Guinea,1924,0.013,0.174
Equatorial Guinea,1925,0.013,0.174
Equatorial Guinea,1926,0.013,0.174
Equatorial Guinea,1927,0.013,0.174
Equatorial Guinea,1928,0.013,0.174
Equatorial Guinea,1929,0.013,0.174
Equatorial Guinea,1930,0.013,0.174
Equatorial Guinea,1931,0.013,0.174
Equatorial Guinea,1932,0.013,0.174
Equatorial Guinea,1933,0.013,0.174
Equatorial Guinea,1934,0.013,0.174
Equatorial Guinea,1935,0.013,0.174
Equatorial Guinea,1936,0.013,0.174
Equatorial Guinea,1937,0.013,0.174
Equatorial Guinea,1938,0.013,0.174
Equatorial Guinea,1939,0.013,0.174
Equatorial Guinea,1940,0.013,0.174
Equatorial Guinea,1941,0.013,0.174
Equatorial Guinea,1942,0.013,0.174
Equatorial Guinea,1943,0.013,0.042
Equatorial Guinea,1944,0.013,0.042
Equatorial Guinea,1945,0.014,0.042
Equatorial Guinea,1946,0.014,0.042
Equatorial Guinea,1947,0.014,0.042
Equatorial Guinea,1948,0.014,0.042
Equatorial Guinea,1949,0.014,0.042
Equatorial Guinea,1950,0.019,0.087
Equatorial Guinea,1951,0.019,0.087
Equatorial Guinea,1952,0.019,0.087
Equatorial Guinea,1953,0.019,0.087
Equatorial Guinea,1954,0.019,0.216
Equatorial Guinea,1955,0.02,0.216
Equatorial Guinea,1956,0.02,0.216
Equatorial Guinea,1957,0.02,0.371
Equatorial Guinea,1958,0.02,0.371
Equatorial Guinea,1959,0.032,0.279
Equatorial Guinea,1960,0.035,0.279
Equatorial Guinea,1961,0.036,0.279
Equatorial Guinea,1962,0.036,0.143
Equatorial Guinea,1963,0.036,0.143
Equatorial Guinea,1964,0.043,-0.51
Equatorial Guinea,1965,0.045,-0.51
Equatorial Guinea,1966,0.045,-0.671
Equatorial Guinea,1967,0.045,-0.671
Equatorial Guinea,1968,0.167,-0.037
Equatorial Guinea,1969,0.177,1.358
Equatorial Guinea,1970,0.169,2.164
Equatorial Guinea,1971,0.111,2.164
Equatorial Guinea,1972,0.1,2.164
Equatorial Guinea,1973,0.068,2.164
Equatorial Guinea,1974,0.068,2.164
Equatorial Guinea,1975,0.068,2.164
Equatorial Guinea,1976,0.068,2.164
Equatorial Guinea,1977,0.068,2.427
Equatorial Guinea,1978,0.068,2.711
Equatorial Guinea,1979,0.043,2.339
Equatorial Guinea,1980,0.031,1.445
Equatorial Guinea,1981,0.031,1.211
Equatorial Guinea,1982,0.102,0.998
Equatorial Guinea,1983,0.135,0.998
Equatorial Guinea,1984,0.146,0.998
Equatorial Guinea,1985,0.146,0.998
Equatorial Guinea,1986,0.146,0.998
Equatorial Guinea,1987,0.146,0.998
Equatorial Guinea,1988,0.162,0.998
Equatorial Guinea,1989,0.163,0.998
Equatorial Guinea,1990,0.162,0.431
Equatorial Guinea,1991,0.162,0.333
Equatorial Guinea,1992,0.162,0.333
Equatorial Guinea,1993,0.171,0.333
Equatorial Guinea,1994,0.176,0.472
Equatorial Guinea,1995,0.181,0.472
Equatorial Guinea,1996,0.182,0.472
Equatorial Guinea,1997,0.18,0.472
Equatorial Guinea,1998,0.18,0.472
Equatorial Guinea,1999,0.182,0.472
Equatorial Guinea,2000,0.186,0.472
Equatorial Guinea,2001,0.186,0.634
Equatorial Guinea,2002,0.186,0.634
Equatorial Guinea,2003,0.185,0.808
Equatorial Guinea,2004,0.184,0.638
Equatorial Guinea,2005,0.18,0.792
Equatorial Guinea,2006,0.182,0.632
Equatorial Guinea,2007,0.182,0.632
Equatorial Guinea,2008,0.179,0.496
Equatorial Guinea,2009,0.18,0.496
Equatorial Guinea,2010,0.177,0.972
Equatorial Guinea,2011,0.176,0.972
Equatorial Guinea,2012,0.176,0.972
Equatorial Guinea,2013,0.177,0.972
Equatorial Guinea,2014,0.179,0.972
Equatorial Guinea,2015,0.178,1.212
Equatorial Guinea,2016,0.18,1.37
Equatorial Guinea,2017,0.174,1.155
Equatorial Guinea,2018,0.177,1.155
Equatorial Guinea,2019,0.178,0.988
Equatorial Guinea,2020,0.175,0.439
Equatorial Guinea,2021,0.172,0.64
Equatorial Guinea,2022,0.173,0.64
Equatorial Guinea,2023,0.183,0.64
Equatorial Guinea,2024,0.176,0.64
Equatorial Guinea,2025,0.172,0.359
Estonia,1918,0.239,0.773
Estonia,1919,0.491,0.773
Estonia,1920,0.617,0.181
Estonia,1921,0.69,0.181
Estonia,1922,0.677,0.181
Estonia,1923,0.679,0.181
Estonia,1924,0.665,0.181
Estonia,1925,0.662,-0.219
Estonia,1926,0.697,-0.219
Estonia,1927,0.707,-0.219
Estonia,1928,0.707,-0.219
Estonia,1929,0.704,-0.219
Estonia,1930,0.699,0.379
Estonia,1931,0.703,0.379
Estonia,1932,0.675,0.379
Estonia,1933,0.61,0.379
Estonia,1934,0.351,-0.104
Estonia,1935,0.126,-0.463
Estonia,1936,0.129,-0.463
Estonia,1937,0.127,-0.436
Estonia,1938,0.241,-0.436
Estonia,1939,0.278,-0.436
Estonia,1990,0.797,-0.665
Estonia,1991,0.608,-0.604
Estonia,1992,0.45,-1.002
Estonia,1993,0.881,-1.483
Estonia,1994,0.869,-1.714
Estonia,1995,0.869,-1.714
Estonia,1996,0.869,-1.714
Estonia,1997,0.869,-1.714
Estonia,1998,0.869,-1.714
Estonia,1999,0.869,-1.714
Estonia,2000,0.869,-1.359
Estonia,2001,0.869,-1.359
Estonia,2002,0.871,-1.468
Estonia,2003,0.868,-1.468
Estonia,2004,0.871,-1.468
Estonia,2005,0.871,-1.468
Estonia,2006,0.871,-1.4
Estonia,2007,0.871,-0.466
Estonia,2008,0.871,-1.091
Estonia,2009,0.874,-1.239
Estonia,2010,0.88,-1.5
Estonia,2011,0.883,-1.887
Estonia,2012,0.883,-1.961
Estonia,2013,0.883,-1.961
Estonia,2014,0.888,-1.961
Estonia,2015,0.894,-1.625
Estonia,2016,0.907,-1.625
Estonia,2017,0.907,-1.024
Estonia,2018,0.906,-1.024
Estonia,2019,0.898,-0.567
Estonia,2020,0.897,-0.454
Estonia,2021,0.9,0.085
Estonia,2022,0.896,-0.223
Estonia,2023,0.893,-1.164
Estonia,2024,0.893,-1.255
Estonia,2025,0.887,-1.743
Fiji,1900,0.144,-1.346
Fiji,1901,0.144,-1.346
Fiji,1902,0.144,-1.346
Fiji,1903,0.144,-1.346
Fiji,1904,0.144,-0.966
Fiji,1905,0.192,-0.966
Fiji,1906,0.192,-0.966
Fiji,1907,0.192,-1.152
Fiji,1908,0.205,-1.152
Fiji,1909,0.205,-1.152
Fiji,1910,0.205,-1.377
Fiji,1911,0.205,-1.377
Fiji,1912,0.205,-1.377
Fiji,1913,0.205,-1.377
Fiji,1914,0.202,-1.377
Fiji,1915,0.202,-1.377
Fiji,1916,0.202,-1.377
Fiji,1917,0.202,-1.377
Fiji,1918,0.202,-1.377
Fiji,1919,0.202,-1.377
Fiji,1920,0.2,-1.377
Fiji,1921,0.2,-1.377
Fiji,1922,0.2,-1.377
Fiji,1923,0.201,-1.377
Fiji,1924,0.201,-1.377
Fiji,1925,0.201,-1.377
Fiji,1926,0.201,-1.377
Fiji,1927,0.201,-1.377
Fiji,1928,0.201,-1.377
Fiji,1929,0.201,-1.377
Fiji,1930,0.21,-1.377
Fiji,1931,0.21,-1.377
Fiji,1932,0.21,-1.377
Fiji,1933,0.21,-1.377
Fiji,1934,0.21,-1.377
Fiji,1935,0.21,-1.377
Fiji,1936,0.211,-1.377
Fiji,1937,0.211,-1.377
Fiji,1938,0.211,-1.377
Fiji,1939,0.211,-1.377
Fiji,1940,0.211,-1.377
Fiji,1941,0.211,-1.377
Fiji,1942,0.211,-1.377
Fiji,1943,0.211,-1.377
Fiji,1944,0.213,-1.377
Fiji,1945,0.213,-1.377
Fiji,1946,0.213,-1.377
Fiji,1947,0.21,-1.377
Fiji,1948,0.21,-1.377
Fiji,1949,0.21,-1.377
Fiji,1950,0.212,-1.377
Fiji,1951,0.212,-1.377
Fiji,1952,0.212,-1.377
Fiji,1953,0.213,-1.377
Fiji,1954,0.213,-1.377
Fiji,1955,0.213,-1.377
Fiji,1956,0.21,-1.377
Fiji,1957,0.212,-1.377
Fiji,1958,0.212,-1.377
Fiji,1959,0.212,-1.377
Fiji,1960,0.215,-1.377
Fiji,1961,0.218,-1.377
Fiji,1962,0.218,-1.377
Fiji,1963,0.279,-0.949
Fiji,1964,0.288,-0.949
Fiji,1965,0.288,-0.949
Fiji,1966,0.298,-0.949
Fiji,1967,0.312,-1.137
Fiji,1968,0.481,-1.137
Fiji,1969,0.481,-1.137
Fiji,1970,0.506,-0.961
Fiji,1971,0.516,-0.726
Fiji,1972,0.537,-0.726
Fiji,1973,0.569,-0.726
Fiji,1974,0.569,-0.726
Fiji,1975,0.569,-0.726
Fiji,1976,0.569,-0.621
Fiji,1977,0.572,-0.621
Fiji,1978,0.572,-0.621
Fiji,1979,0.572,-0.721
Fiji,1980,0.572,-0.721
Fiji,1981,0.572,-0.721
Fiji,1982,0.571,-0.721
Fiji,1983,0.569,-0.721
Fiji,1984,0.569,-0.721
Fiji,1985,0.569,-0.721
Fiji,1986,0.569,-0.642
Fiji,1987,0.327,-0.383
Fiji,1988,0.219,-0.564
Fiji,1989,0.219,-0.564
Fiji,1990,0.223,-0.564
Fiji,1991,0.224,-0.564
Fiji,1992,0.403,-0.59
Fiji,1993,0.54,-0.608
Fiji,1994,0.525,-0.608
Fiji,1995,0.522,-0.485
Fiji,1996,0.522,-0.485
Fiji,1997,0.543,-0.525
Fiji,1998,0.543,-0.63
Fiji,1999,0.542,-0.538
Fiji,2000,0.344,-0.374
Fiji,2001,0.256,-0.361
Fiji,2002,0.317,-0.361
Fiji,2003,0.53,-0.559
Fiji,2004,0.53,-0.559
Fiji,2005,0.53,-0.559
Fiji,2006,0.395,-0.459
Fiji,2007,0.134,-0.551
Fiji,2008,0.131,-0.604
Fiji,2009,0.129,-0.534
Fiji,2010,0.131,-0.651
Fiji,2011,0.131,-0.651
Fiji,2012,0.135,-0.651
Fiji,2013,0.14,-0.977
Fiji,2014,0.196,-0.984
Fiji,2015,0.385,-1.124
Fiji,2016,0.397,-1.124
Fiji,2017,0.4,-1.141
Fiji,2018,0.403,-1.027
Fiji,2019,0.391,-1.08
Fiji,2020,0.411,-1.183
Fiji,2021,0.4,-0.437
Fiji,2022,0.398,-1.081
Fiji,2023,0.509,-1.609
Fiji,2024,0.514,-1.609
Fiji,2025,0.507,-1.695
Finland,1809,NA,NA
Finland,1810,NA,NA
Finland,1811,NA,NA
Finland,1812,NA,NA
Finland,1813,NA,NA
Finland,1814,NA,NA
Finland,1815,NA,NA
Finland,1816,NA,NA
Finland,1817,NA,NA
Finland,1818,NA,NA
Finland,1819,NA,NA
Finland,1820,NA,NA
Finland,1821,NA,NA
Finland,1822,NA,NA
Finland,1823,NA,NA
Finland,1824,NA,NA
Finland,1825,NA,NA
Finland,1826,NA,NA
Finland,1827,NA,NA
Finland,1828,NA,NA
Finland,1829,NA,NA
Finland,1830,NA,NA
Finland,1831,NA,NA
Finland,1832,NA,NA
Finland,1833,NA,NA
Finland,1834,NA,NA
Finland,1835,NA,NA
Finland,1836,NA,NA
Finland,1837,NA,NA
Finland,1838,NA,NA
Finland,1839,NA,NA
Finland,1840,NA,NA
Finland,1841,NA,NA
Finland,1842,NA,NA
Finland,1843,NA,NA
Finland,1844,NA,NA
Finland,1845,NA,NA
Finland,1846,NA,NA
Finland,1847,NA,NA
Finland,1848,NA,NA
Finland,1849,NA,NA
Finland,1850,NA,NA
Finland,1851,NA,NA
Finland,1852,NA,NA
Finland,1853,NA,NA
Finland,1854,NA,NA
Finland,1855,NA,NA
Finland,1856,NA,NA
Finland,1857,NA,NA
Finland,1858,NA,NA
Finland,1859,NA,NA
Finland,1860,NA,NA
Finland,1861,NA,NA
Finland,1862,NA,NA
Finland,1863,0.151,NA
Finland,1864,0.237,NA
Finland,1865,0.237,NA
Finland,1866,0.237,NA
Finland,1867,0.237,NA
Finland,1868,0.237,NA
Finland,1869,0.237,NA
Finland,1870,0.237,NA
Finland,1871,0.237,NA
Finland,1872,0.237,NA
Finland,1873,0.237,NA
Finland,1874,0.237,NA
Finland,1875,0.237,NA
Finland,1876,0.237,NA
Finland,1877,0.237,NA
Finland,1878,0.237,NA
Finland,1879,0.237,NA
Finland,1880,0.237,NA
Finland,1881,0.237,NA
Finland,1882,0.236,NA
Finland,1883,0.236,NA
Finland,1884,0.236,NA
Finland,1885,0.237,NA
Finland,1886,0.237,NA
Finland,1887,0.237,NA
Finland,1888,0.236,NA
Finland,1889,0.236,NA
Finland,1890,0.236,NA
Finland,1891,0.237,NA
Finland,1892,0.237,NA
Finland,1893,0.237,NA
Finland,1894,0.263,NA
Finland,1895,0.263,NA
Finland,1896,0.263,NA
Finland,1897,0.263,NA
Finland,1898,0.263,NA
Finland,1899,0.264,NA
Finland,1900,0.259,0.581
Finland,1901,0.259,0.581
Finland,1902,0.26,0.581
Finland,1903,0.26,0.581
Finland,1904,0.26,0.581
Finland,1905,0.263,0.581
Finland,1906,0.274,0.581
Finland,1907,0.342,0.581
Finland,1908,0.339,0.581
Finland,1909,0.336,0.581
Finland,1910,0.336,0.581
Finland,1911,0.336,0.581
Finland,1912,0.336,0.581
Finland,1913,0.336,0.581
Finland,1914,0.326,0.581
Finland,1915,0.326,0.581
Finland,1916,0.326,0.581
Finland,1917,0.357,0.83
Finland,1918,0.538,1.906
Finland,1919,0.634,0.071
Finland,1920,0.656,0.071
Finland,1921,0.661,0.071
Finland,1922,0.657,0.071
Finland,1923,0.645,0.071
Finland,1924,0.642,0.071
Finland,1925,0.642,0.071
Finland,1926,0.642,0.071
Finland,1927,0.642,0.071
Finland,1928,0.642,0.071
Finland,1929,0.638,0.071
Finland,1930,0.577,0.071
Finland,1931,0.577,0.071
Finland,1932,0.578,0.071
Finland,1933,0.588,0.071
Finland,1934,0.588,0.071
Finland,1935,0.588,0.071
Finland,1936,0.595,0.071
Finland,1937,0.602,0.071
Finland,1938,0.602,0.071
Finland,1939,0.527,0.071
Finland,1940,0.502,0.071
Finland,1941,0.502,0.071
Finland,1942,0.497,0.071
Finland,1943,0.497,0.071
Finland,1944,0.497,0.071
Finland,1945,0.675,-0.186
Finland,1946,0.726,-0.186
Finland,1947,0.713,-0.186
Finland,1948,0.738,-0.186
Finland,1949,0.803,-0.186
Finland,1950,0.812,-1.617
Finland,1951,0.812,-1.617
Finland,1952,0.813,-1.617
Finland,1953,0.816,-1.617
Finland,1954,0.817,-1.617
Finland,1955,0.817,-1.617
Finland,1956,0.806,-1.617
Finland,1957,0.806,-1.617
Finland,1958,0.81,-1.617
Finland,1959,0.814,-1.617
Finland,1960,0.814,-1.617
Finland,1961,0.814,-1.617
Finland,1962,0.805,-1.617
Finland,1963,0.806,-1.617
Finland,1964,0.806,-1.617
Finland,1965,0.811,-1.617
Finland,1966,0.807,-2.094
Finland,1967,0.815,-2.094
Finland,1968,0.817,-2.094
Finland,1969,0.812,-2.094
Finland,1970,0.811,-2.094
Finland,1971,0.811,-2.094
Finland,1972,0.809,-2.094
Finland,1973,0.809,-2.094
Finland,1974,0.809,-2.094
Finland,1975,0.811,-2.094
Finland,1976,0.818,-2.094
Finland,1977,0.818,-2.094
Finland,1978,0.816,-2.094
Finland,1979,0.816,-2.094
Finland,1980,0.818,-1.662
Finland,1981,0.822,-1.662
Finland,1982,0.837,-1.662
Finland,1983,0.842,-1.662
Finland,1984,0.843,-1.662
Finland,1985,0.843,-1.662
Finland,1986,0.843,-1.662
Finland,1987,0.847,-1.662
Finland,1988,0.847,-1.662
Finland,1989,0.847,-1.662
Finland,1990,0.859,-1.662
Finland,1991,0.864,-1.662
Finland,1992,0.864,-1.662
Finland,1993,0.871,-1.662
Finland,1994,0.871,-1.662
Finland,1995,0.872,-1.662
Finland,1996,0.873,-1.662
Finland,1997,0.873,-1.662
Finland,1998,0.873,-1.662
Finland,1999,0.873,-1.662
Finland,2000,0.873,-1.662
Finland,2001,0.873,-1.662
Finland,2002,0.873,-1.662
Finland,2003,0.871,-1.662
Finland,2004,0.871,-1.662
Finland,2005,0.871,-1.662
Finland,2006,0.88,-1.662
Finland,2007,0.881,-1.662
Finland,2008,0.881,-1.662
Finland,2009,0.881,-1.662
Finland,2010,0.881,-1.662
Finland,2011,0.884,-1.376
Finland,2012,0.885,-1.376
Finland,2013,0.891,-1.376
Finland,2014,0.891,-1.376
Finland,2015,0.869,-1.376
Finland,2016,0.869,-1.376
Finland,2017,0.873,-1.376
Finland,2018,0.884,-1.376
Finland,2019,0.881,-1.376
Finland,2020,0.88,-1.376
Finland,2021,0.871,-1.518
Finland,2022,0.869,-1.05
Finland,2023,0.853,-1.204
Finland,2024,0.827,-1.204
Finland,2025,0.852,-1.204
Greece,1822,0.156,NA
Greece,1823,0.156,NA
Greece,1824,0.156,NA
Greece,1825,0.156,NA
Greece,1826,0.156,NA
Greece,1827,0.156,NA
Greece,1828,0.156,NA
Greece,1829,0.156,NA
Greece,1830,0.156,NA
Greece,1831,0.162,NA
Greece,1832,0.162,NA
Greece,1833,0.13,NA
Greece,1834,0.13,NA
Greece,1835,0.13,NA
Greece,1836,0.13,NA
Greece,1837,0.13,NA
Greece,1838,0.13,NA
Greece,1839,0.13,NA
Greece,1840,0.13,NA
Greece,1841,0.13,NA
Greece,1842,0.13,NA
Greece,1843,0.175,NA
Greece,1844,0.226,NA
Greece,1845,0.207,NA
Greece,1846,0.207,NA
Greece,1847,0.206,NA
Greece,1848,0.206,NA
Greece,1849,0.206,NA
Greece,1850,0.215,NA
Greece,1851,0.252,NA
Greece,1852,0.252,NA
Greece,1853,0.252,NA
Greece,1854,0.251,NA
Greece,1855,0.251,NA
Greece,1856,0.243,NA
Greece,1857,0.217,NA
Greece,1858,0.217,NA
Greece,1859,0.232,NA
Greece,1860,0.253,NA
Greece,1861,0.252,NA
Greece,1862,0.246,NA
Greece,1863,0.243,NA
Greece,1864,0.219,NA
Greece,1865,0.251,NA
Greece,1866,0.269,NA
Greece,1867,0.269,NA
Greece,1868,0.232,NA
Greece,1869,0.251,NA
Greece,1870,0.268,NA
Greece,1871,0.268,NA
Greece,1872,0.268,NA
Greece,1873,0.267,NA
Greece,1874,0.243,NA
Greece,1875,0.265,NA
Greece,1876,0.392,NA
Greece,1877,0.392,NA
Greece,1878,0.392,NA
Greece,1879,0.392,NA
Greece,1880,0.394,NA
Greece,1881,0.394,NA
Greece,1882,0.392,NA
Greece,1883,0.392,NA
Greece,1884,0.392,NA
Greece,1885,0.351,NA
Greece,1886,0.336,NA
Greece,1887,0.388,NA
Greece,1888,0.389,NA
Greece,1889,0.389,NA
Greece,1890,0.389,NA
Greece,1891,0.388,NA
Greece,1892,0.389,NA
Greece,1893,0.39,NA
Greece,1894,0.39,NA
Greece,1895,0.391,NA
Greece,1896,0.392,NA
Greece,1897,0.392,NA
Greece,1898,0.392,NA
Greece,1899,0.393,NA
Greece,1900,0.387,0.321
Greece,1901,0.387,0.321
Greece,1902,0.384,0.321
Greece,1903,0.363,0.321
Greece,1904,0.363,0.321
Greece,1905,0.36,1.103
Greece,1906,0.365,1.103
Greece,1907,0.366,0.738
Greece,1908,0.366,0.738
Greece,1909,0.365,1.651
Greece,1910,0.361,1.651
Greece,1911,0.354,1.076
Greece,1912,0.37,1.076
Greece,1913,0.374,1.076
Greece,1914,0.374,1.076
Greece,1915,0.358,2.186
Greece,1916,0.25,2.186
Greece,1917,0.22,2.186
Greece,1918,NA,1.416
Greece,1919,NA,2.064
Greece,1920,0.367,1.431
Greece,1921,0.367,1.063
Greece,1922,0.336,2.275
Greece,1923,0.258,2.275
Greece,1924,0.369,1.932
Greece,1925,0.252,1.932
Greece,1926,0.176,1.932
Greece,1927,0.357,0.956
Greece,1928,0.357,0.956
Greece,1929,0.359,0.956
Greece,1930,0.358,0.956
Greece,1931,0.358,0.956
Greece,1932,0.359,0.956
Greece,1933,0.354,1.316
Greece,1934,0.354,1.316
Greece,1935,0.301,1.651
Greece,1936,0.061,1.785
Greece,1937,0.045,1.785
Greece,1938,0.045,1.785
Greece,1939,0.045,1.785
Greece,1940,0.042,2.479
Greece,1941,0.041,2.479
Greece,1942,0.046,2.479
Greece,1943,0.046,2.479
Greece,1944,0.047,2.479
Greece,1945,0.119,3.191
Greece,1946,0.181,3.191
Greece,1947,0.27,3.191
Greece,1948,0.272,3.191
Greece,1949,0.272,3.191
Greece,1950,0.306,1.033
Greece,1951,0.31,0.674
Greece,1952,0.315,0.479
Greece,1953,0.385,0.479
Greece,1954,0.387,0.479
Greece,1955,0.389,0.479
Greece,1956,0.389,0.479
Greece,1957,0.388,0.479
Greece,1958,0.389,0.479
Greece,1959,0.389,0.479
Greece,1960,0.389,0.701
Greece,1961,0.387,0.701
Greece,1962,0.376,0.701
Greece,1963,0.379,0.701
Greece,1964,0.395,0.701
Greece,1965,0.395,0.701
Greece,1966,0.342,0.701
Greece,1967,0.115,3.205
Greece,1968,0.074,3.205
Greece,1969,0.074,3.205
Greece,1970,0.074,1.815
Greece,1971,0.074,1.815
Greece,1972,0.074,1.815
Greece,1973,0.074,1.815
Greece,1974,0.136,1.352
Greece,1975,0.744,-0.185
Greece,1976,0.812,-0.185
Greece,1977,0.827,-0.185
Greece,1978,0.826,-0.185
Greece,1979,0.826,-0.185
Greece,1980,0.826,0.167
Greece,1981,0.834,-0.2
Greece,1982,0.848,-0.2
Greece,1983,0.848,-0.2
Greece,1984,0.857,-0.2
Greece,1985,0.858,-0.2
Greece,1986,0.858,-0.2
Greece,1987,0.861,-0.2
Greece,1988,0.861,-0.2
Greece,1989,0.867,0.083
Greece,1990,0.882,-0.64
Greece,1991,0.882,-0.64
Greece,1992,0.882,-0.64
Greece,1993,0.882,-0.64
Greece,1994,0.884,-0.64
Greece,1995,0.884,-0.64
Greece,1996,0.884,-0.838
Greece,1997,0.883,-0.838
Greece,1998,0.883,-0.838
Greece,1999,0.883,-0.838
Greece,2000,0.882,-1.432
Greece,2001,0.887,-1.432
Greece,2002,0.887,-1.432
Greece,2003,0.887,-1.432
Greece,2004,0.889,-1.432
Greece,2005,0.89,-1.432
Greece,2006,0.89,-1.432
Greece,2007,0.895,-1.367
Greece,2008,0.9,-1.367
Greece,2009,0.901,-1.032
Greece,2010,0.901,-0.916
Greece,2011,0.901,-0.916
Greece,2012,0.897,-0.916
Greece,2013,0.889,-0.916
Greece,2014,0.889,-0.708
Greece,2015,0.88,-0.474
Greece,2016,0.872,-0.474
Greece,2017,0.868,-0.607
Greece,2018,0.859,-0.673
Greece,2019,0.864,-1.342
Greece,2020,0.788,-1.371
Greece,2021,0.76,-1.371
Greece,2022,0.762,-1.371
Greece,2023,0.735,-1.371
Greece,2024,0.744,-1.371
Greece,2025,0.741,-1.056
Guyana,1900,0.121,-0.006
Guyana,1901,0.219,-0.006
Guyana,1902,0.219,-0.006
Guyana,1903,0.219,-0.006
Guyana,1904,0.219,-0.006
Guyana,1905,0.219,-0.006
Guyana,1906,0.218,-0.006
Guyana,1907,0.218,-0.006
Guyana,1908,0.218,-0.006
Guyana,1909,0.218,-0.006
Guyana,1910,0.221,-0.006
Guyana,1911,0.22,-0.006
Guyana,1912,0.22,-0.006
Guyana,1913,0.22,-0.006
Guyana,1914,0.22,-0.006
Guyana,1915,0.22,-0.006
Guyana,1916,0.222,-0.006
Guyana,1917,0.222,-0.006
Guyana,1918,0.222,-0.006
Guyana,1919,0.222,-0.006
Guyana,1920,0.222,-0.006
Guyana,1921,0.221,-0.006
Guyana,1922,0.22,-0.006
Guyana,1923,0.22,-0.006
Guyana,1924,0.22,-0.006
Guyana,1925,0.22,-0.006
Guyana,1926,0.219,-0.006
Guyana,1927,0.216,-0.006
Guyana,1928,0.215,-0.006
Guyana,1929,0.221,-0.006
Guyana,1930,0.222,-0.006
Guyana,1931,0.222,-0.006
Guyana,1932,0.222,-0.006
Guyana,1933,0.222,-0.006
Guyana,1934,0.222,-0.006
Guyana,1935,0.222,-0.006
Guyana,1936,0.224,-0.006
Guyana,1937,0.224,-0.006
Guyana,1938,0.225,-0.006
Guyana,1939,0.225,-0.006
Guyana,1940,0.225,-0.006
Guyana,1941,0.225,-0.006
Guyana,1942,0.225,-0.006
Guyana,1943,0.225,-0.006
Guyana,1944,0.225,-0.006
Guyana,1945,0.237,-0.006
Guyana,1946,0.237,-0.006
Guyana,1947,0.239,-0.006
Guyana,1948,0.238,-0.006
Guyana,1949,0.238,-0.006
Guyana,1950,0.239,-0.006
Guyana,1951,0.239,-0.006
Guyana,1952,0.276,0.14
Guyana,1953,0.266,0.14
Guyana,1954,0.2,0.192
Guyana,1955,0.2,0.192
Guyana,1956,0.2,0.192
Guyana,1957,0.233,0.192
Guyana,1958,0.301,0.192
Guyana,1959,0.301,0.192
Guyana,1960,0.299,0.329
Guyana,1961,0.296,0.329
Guyana,1962,0.289,0.329
Guyana,1963,0.289,0.329
Guyana,1964,0.288,0.589
Guyana,1965,0.274,0.718
Guyana,1966,0.286,0.718
Guyana,1967,0.421,0.718
Guyana,1968,0.407,0.718
Guyana,1969,0.338,0.718
Guyana,1970,0.321,0.718
Guyana,1971,0.321,0.718
Guyana,1972,0.315,0.718
Guyana,1973,0.305,0.718
Guyana,1974,0.294,0.718
Guyana,1975,0.294,0.718
Guyana,1976,0.292,0.718
Guyana,1977,0.286,0.718
Guyana,1978,0.282,0.718
Guyana,1979,0.282,0.718
Guyana,1980,0.269,0.718
Guyana,1981,0.248,0.718
Guyana,1982,0.248,0.718
Guyana,1983,0.248,0.718
Guyana,1984,0.249,0.718
Guyana,1985,0.245,0.718
Guyana,1986,0.284,0.718
Guyana,1987,0.292,0.718
Guyana,1988,0.297,0.718
Guyana,1989,0.3,0.718
Guyana,1990,0.314,1.155
Guyana,1991,0.309,1.435
Guyana,1992,0.358,1.435
Guyana,1993,0.444,1.067
Guyana,1994,0.444,1.067
Guyana,1995,0.444,1.067
Guyana,1996,0.444,1.067
Guyana,1997,0.452,1.438
Guyana,1998,0.523,1.048
Guyana,1999,0.522,1.048
Guyana,2000,0.519,1.048
Guyana,2001,0.553,1.278
Guyana,2002,0.572,1.278
Guyana,2003,0.588,1.153
Guyana,2004,0.588,1.153
Guyana,2005,0.588,1.153
Guyana,2006,0.583,1.343
Guyana,2007,0.579,1.155
Guyana,2008,0.576,1.155
Guyana,2009,0.583,1.155
Guyana,2010,0.583,1.155
Guyana,2011,0.582,1.326
Guyana,2012,0.579,1.156
Guyana,2013,0.608,1.156
Guyana,2014,0.607,1.156
Guyana,2015,0.65,1.156
Guyana,2016,0.657,1.336
Guyana,2017,0.66,1.065
Guyana,2018,0.664,1.065
Guyana,2019,0.64,1.065
Guyana,2020,0.555,1.057
Guyana,2021,0.498,0.988
Guyana,2022,0.491,0.69
Guyana,2023,0.484,0.69
Guyana,2024,0.491,0.69
Guyana,2025,0.515,0.387
Hong Kong,1900,0.135,-1.459
Hong Kong,1901,0.135,-1.459
Hong Kong,1902,0.135,-1.459
Hong Kong,1903,0.135,-1.459
Hong Kong,1904,0.135,-1.459
Hong Kong,1905,0.135,-1.459
Hong Kong,1906,0.135,-1.459
Hong Kong,1907,0.135,-1.459
Hong Kong,1908,0.135,-1.459
Hong Kong,1909,0.135,-1.459
Hong Kong,1910,0.135,-1.459
Hong Kong,1911,0.135,-1.459
Hong Kong,1912,0.135,-1.459
Hong Kong,1913,0.135,-1.459
Hong Kong,1914,0.135,-1.459
Hong Kong,1915,0.135,-1.298
Hong Kong,1916,0.135,-1.298
Hong Kong,1917,0.135,-1.298
Hong Kong,1918,0.135,-1.298
Hong Kong,1919,0.135,-1.298
Hong Kong,1920,0.135,-1.298
Hong Kong,1921,0.135,-1.298
Hong Kong,1922,0.135,-1.1
Hong Kong,1923,0.135,-1.31
Hong Kong,1924,0.135,-1.31
Hong Kong,1925,0.135,-1.148
Hong Kong,1926,0.135,-1.148
Hong Kong,1927,0.135,-1.148
Hong Kong,1928,0.135,-1.148
Hong Kong,1929,0.135,-1.148
Hong Kong,1930,0.135,-1.324
Hong Kong,1931,0.135,-1.324
Hong Kong,1932,0.141,-1.324
Hong Kong,1933,0.141,-1.324
Hong Kong,1934,0.141,-1.324
Hong Kong,1935,0.141,-1.324
Hong Kong,1936,0.141,-1.324
Hong Kong,1937,0.141,-1.324
Hong Kong,1938,0.141,-1.324
Hong Kong,1939,0.141,-1.324
Hong Kong,1940,0.141,-1.938
Hong Kong,1941,0.118,-1.938
Hong Kong,1942,0.105,-1.575
Hong Kong,1943,0.105,-1.575
Hong Kong,1944,0.105,-0.961
Hong Kong,1945,0.105,-0.961
Hong Kong,1946,0.149,-1.473
Hong Kong,1947,0.149,-1.473
Hong Kong,1948,0.149,-1.473
Hong Kong,1949,0.149,-1.312
Hong Kong,1950,0.148,-0.921
Hong Kong,1951,0.148,-0.921
Hong Kong,1952,0.148,-0.921
Hong Kong,1953,0.148,-0.921
Hong Kong,1954,0.148,-0.921
Hong Kong,1955,0.148,-0.921
Hong Kong,1956,0.147,-0.921
Hong Kong,1957,0.148,-0.921
Hong Kong,1958,0.148,-0.921
Hong Kong,1959,0.148,-0.921
Hong Kong,1960,0.16,-0.454
Hong Kong,1961,0.16,-0.454
Hong Kong,1962,0.16,-0.454
Hong Kong,1963,0.16,-0.454
Hong Kong,1964,0.159,-0.454
Hong Kong,1965,0.159,-0.454
Hong Kong,1966,0.159,-0.198
Hong Kong,1967,0.159,0.208
Hong Kong,1968,0.159,-0.332
Hong Kong,1969,0.16,-0.332
Hong Kong,1970,0.164,-0.941
Hong Kong,1971,0.164,-0.941
Hong Kong,1972,0.164,-0.941
Hong Kong,1973,0.164,-1.092
Hong Kong,1974,0.164,-1.092
Hong Kong,1975,0.164,-1.092
Hong Kong,1976,0.164,-1.092
Hong Kong,1977,0.167,-1.092
Hong Kong,1978,0.167,-1.092
Hong Kong,1979,0.167,-1.092
Hong Kong,1980,0.185,-1.521
Hong Kong,1981,0.185,-1.521
Hong Kong,1982,0.185,-1.521
Hong Kong,1983,0.184,-1.373
Hong Kong,1984,0.184,-1.373
Hong Kong,1985,0.189,-1.373
Hong Kong,1986,0.197,-1.373
Hong Kong,1987,0.197,-1.373
Hong Kong,1988,0.198,-1.373
Hong Kong,1989,0.2,-1.518
Hong Kong,1990,0.263,-1.6
Hong Kong,1991,0.299,-1.66
Hong Kong,1992,0.373,-1.66
Hong Kong,1993,0.373,-1.66
Hong Kong,1994,0.373,-1.66
Hong Kong,1995,0.377,-1.66
Hong Kong,1996,0.377,-1.66
Hong Kong,1997,0.368,-1.364
Hong Kong,1998,0.372,-1.143
Hong Kong,1999,0.371,-1.143
Hong Kong,2000,0.371,-1.228
Hong Kong,2001,0.372,-1.29
Hong Kong,2002,0.372,-1.29
Hong Kong,2003,0.372,-0.892
Hong Kong,2004,0.371,-0.542
Hong Kong,2005,0.369,-0.669
Hong Kong,2006,0.369,-0.669
Hong Kong,2007,0.369,-0.669
Hong Kong,2008,0.369,-0.669
Hong Kong,2009,0.371,-0.669
Hong Kong,2010,0.369,-0.251
Hong Kong,2011,0.367,-0.251
Hong Kong,2012,0.362,-0.081
Hong Kong,2013,0.358,0.013
Hong Kong,2014,0.354,1.023
Hong Kong,2015,0.345,1.147
Hong Kong,2016,0.333,1.084
Hong Kong,2017,0.325,1.084
Hong Kong,2018,0.318,1.084
Hong Kong,2019,0.3,2.503
Hong Kong,2020,0.255,3.404
Hong Kong,2021,0.205,3.404
Hong Kong,2022,0.16,2.522
Hong Kong,2023,0.149,1.713
Hong Kong,2024,0.158,1.483
Hong Kong,2025,0.151,1
Iceland,1900,0.346,NA
Iceland,1901,0.346,NA
Iceland,1902,0.346,NA
Iceland,1903,0.346,NA
Iceland,1904,0.51,NA
Iceland,1905,0.554,NA
Iceland,1906,0.554,NA
Iceland,1907,0.554,NA
Iceland,1908,0.554,NA
Iceland,1909,0.553,NA
Iceland,1910,0.553,NA
Iceland,1911,0.553,NA
Iceland,1912,0.551,NA
Iceland,1913,0.551,NA
Iceland,1914,0.553,NA
Iceland,1915,0.553,NA
Iceland,1916,0.774,NA
Iceland,1917,0.775,NA
Iceland,1918,0.775,NA
Iceland,1919,0.774,NA
Iceland,1920,0.77,NA
Iceland,1921,0.77,NA
Iceland,1922,0.77,NA
Iceland,1923,0.77,NA
Iceland,1924,0.771,NA
Iceland,1925,0.771,NA
Iceland,1926,0.771,NA
Iceland,1927,0.774,NA
Iceland,1928,0.776,NA
Iceland,1929,0.776,NA
Iceland,1930,0.772,NA
Iceland,1931,0.771,NA
Iceland,1932,0.77,NA
Iceland,1933,0.769,NA
Iceland,1934,0.768,NA
Iceland,1935,0.788,NA
Iceland,1936,0.788,NA
Iceland,1937,0.789,NA
Iceland,1938,0.789,NA
Iceland,1939,0.789,NA
Iceland,1940,0.771,NA
Iceland,1941,0.771,NA
Iceland,1942,0.774,NA
Iceland,1943,0.776,NA
Iceland,1944,0.784,NA
Iceland,1945,0.789,NA
Iceland,1946,0.797,NA
Iceland,1947,0.795,NA
Iceland,1948,0.795,NA
Iceland,1949,0.795,NA
Iceland,1950,0.798,NA
Iceland,1951,0.798,NA
Iceland,1952,0.802,NA
Iceland,1953,0.806,NA
Iceland,1954,0.807,NA
Iceland,1955,0.807,NA
Iceland,1956,0.807,NA
Iceland,1957,0.808,NA
Iceland,1958,0.808,NA
Iceland,1959,0.808,NA
Iceland,1960,0.809,NA
Iceland,1961,0.809,NA
Iceland,1962,0.809,NA
Iceland,1963,0.808,NA
Iceland,1964,0.807,NA
Iceland,1965,0.807,NA
Iceland,1966,0.818,NA
Iceland,1967,0.824,NA
Iceland,1968,0.824,NA
Iceland,1969,0.823,NA
Iceland,1970,0.823,NA
Iceland,1971,0.825,NA
Iceland,1972,0.826,NA
Iceland,1973,0.826,NA
Iceland,1974,0.826,NA
Iceland,1975,0.825,NA
Iceland,1976,0.825,NA
Iceland,1977,0.825,NA
Iceland,1978,0.826,NA
Iceland,1979,0.827,NA
Iceland,1980,0.849,NA
Iceland,1981,0.849,NA
Iceland,1982,0.849,NA
Iceland,1983,0.845,NA
Iceland,1984,0.843,NA
Iceland,1985,0.843,NA
Iceland,1986,0.852,NA
Iceland,1987,0.859,NA
Iceland,1988,0.859,NA
Iceland,1989,0.859,NA
Iceland,1990,0.862,NA
Iceland,1991,0.862,NA
Iceland,1992,0.862,NA
Iceland,1993,0.862,NA
Iceland,1994,0.862,NA
Iceland,1995,0.862,NA
Iceland,1996,0.869,NA
Iceland,1997,0.868,NA
Iceland,1998,0.868,NA
Iceland,1999,0.868,NA
Iceland,2000,0.868,-1.061
Iceland,2001,0.868,-1.061
Iceland,2002,0.868,-1.061
Iceland,2003,0.867,-1.061
Iceland,2004,0.867,-1.836
Iceland,2005,0.865,-1.836
Iceland,2006,0.865,-1.836
Iceland,2007,0.873,-1.324
Iceland,2008,0.88,-0.852
Iceland,2009,0.882,0.037
Iceland,2010,0.881,0.037
Iceland,2011,0.881,-0.418
Iceland,2012,0.875,-0.418
Iceland,2013,0.858,-0.851
Iceland,2014,0.856,-0.851
Iceland,2015,0.861,-0.851
Iceland,2016,0.86,-0.851
Iceland,2017,0.861,-1.716
Iceland,2018,0.875,-1.716
Iceland,2019,0.859,-1.716
Iceland,2020,0.859,-1.3
Iceland,2021,0.836,-1.3
Iceland,2022,0.832,-1.3
Iceland,2023,0.841,-1.3
Iceland,2024,0.842,-0.975
Iceland,2025,0.807,-1.473
Israel,1948,0.287,-0.127
Israel,1949,0.573,-0.127
Israel,1950,0.593,-0.127
Israel,1951,0.595,-0.127
Israel,1952,0.599,-0.127
Israel,1953,0.588,-0.127
Israel,1954,0.6,-0.127
Israel,1955,0.605,-0.127
Israel,1956,0.605,-0.127
Israel,1957,0.614,-0.127
Israel,1958,0.614,-0.127
Israel,1959,0.604,-0.127
Israel,1960,0.635,-0.127
Israel,1961,0.643,-0.127
Israel,1962,0.647,-0.127
Israel,1963,0.647,-0.127
Israel,1964,0.647,-0.127
Israel,1965,0.631,-0.127
Israel,1966,0.644,-0.127
Israel,1967,0.651,-0.127
Israel,1968,0.661,-0.127
Israel,1969,0.665,-0.127
Israel,1970,0.678,0.077
Israel,1971,0.678,0.077
Israel,1972,0.693,0.077
Israel,1973,0.693,0.077
Israel,1974,0.744,0.077
Israel,1975,0.744,0.077
Israel,1976,0.744,0.077
Israel,1977,0.749,0.077
Israel,1978,0.754,0.265
Israel,1979,0.754,0.265
Israel,1980,0.754,0.359
Israel,1981,0.756,0.359
Israel,1982,0.758,0.359
Israel,1983,0.758,0.359
Israel,1984,0.753,0.359
Israel,1985,0.749,0.359
Israel,1986,0.757,0.359
Israel,1987,0.765,0.359
Israel,1988,0.753,0.359
Israel,1989,0.767,0.359
Israel,1990,0.767,0.359
Israel,1991,0.768,0.359
Israel,1992,0.762,0.359
Israel,1993,0.762,0.359
Israel,1994,0.772,0.359
Israel,1995,0.772,0.359
Israel,1996,0.773,0.359
Israel,1997,0.774,0.359
Israel,1998,0.774,0.359
Israel,1999,0.773,0.359
Israel,2000,0.768,0.359
Israel,2001,0.764,0.823
Israel,2002,0.764,0.823
Israel,2003,0.76,0.823
Israel,2004,0.759,0.823
Israel,2005,0.759,0.823
Israel,2006,0.764,0.358
Israel,2007,0.758,0.358
Israel,2008,0.758,0.358
Israel,2009,0.756,0.358
Israel,2010,0.752,0.358
Israel,2011,0.752,0.358
Israel,2012,0.751,0.358
Israel,2013,0.734,0.358
Israel,2014,0.733,0.358
Israel,2015,0.733,0.358
Israel,2016,0.729,0.358
Israel,2017,0.714,0.358
Israel,2018,0.705,1.016
Israel,2019,0.708,1.016
Israel,2020,0.723,1.016
Israel,2021,0.722,1.016
Israel,2022,0.714,1.016
Israel,2023,0.704,1.016
Israel,2024,0.702,0.021
Israel,2025,0.694,0.021
Kuwait,1789,0.077,NA
Kuwait,1790,0.072,NA
Kuwait,1791,0.072,NA
Kuwait,1792,0.072,NA
Kuwait,1793,0.072,NA
Kuwait,1794,0.072,NA
Kuwait,1795,0.072,NA
Kuwait,1796,0.072,NA
Kuwait,1797,0.072,NA
Kuwait,1798,0.072,NA
Kuwait,1799,0.072,NA
Kuwait,1800,0.072,NA
Kuwait,1801,0.072,NA
Kuwait,1802,0.072,NA
Kuwait,1803,0.072,NA
Kuwait,1804,0.072,NA
Kuwait,1805,0.072,NA
Kuwait,1806,0.072,NA
Kuwait,1807,0.072,NA
Kuwait,1808,0.072,NA
Kuwait,1809,0.072,NA
Kuwait,1810,0.072,NA
Kuwait,1811,0.072,NA
Kuwait,1812,0.072,NA
Kuwait,1813,0.072,NA
Kuwait,1814,0.072,NA
Kuwait,1815,0.072,NA
Kuwait,1816,0.072,NA
Kuwait,1817,0.072,NA
Kuwait,1818,0.072,NA
Kuwait,1819,0.072,NA
Kuwait,1820,0.072,NA
Kuwait,1821,0.072,NA
Kuwait,1822,0.072,NA
Kuwait,1823,0.072,NA
Kuwait,1824,0.072,NA
Kuwait,1825,0.072,NA
Kuwait,1826,0.072,NA
Kuwait,1827,0.072,NA
Kuwait,1828,0.072,NA
Kuwait,1829,0.072,NA
Kuwait,1830,0.072,NA
Kuwait,1831,0.072,NA
Kuwait,1832,0.072,NA
Kuwait,1833,0.072,NA
Kuwait,1834,0.072,NA
Kuwait,1835,0.072,NA
Kuwait,1836,0.072,NA
Kuwait,1837,0.072,NA
Kuwait,1838,0.072,NA
Kuwait,1839,0.072,NA
Kuwait,1840,0.072,NA
Kuwait,1841,0.072,NA
Kuwait,1842,0.072,NA
Kuwait,1843,0.072,NA
Kuwait,1844,0.072,NA
Kuwait,1845,0.072,NA
Kuwait,1846,0.072,NA
Kuwait,1847,0.072,NA
Kuwait,1848,0.072,NA
Kuwait,1849,0.072,NA
Kuwait,1850,0.072,NA
Kuwait,1851,0.072,NA
Kuwait,1852,0.072,NA
Kuwait,1853,0.072,NA
Kuwait,1854,0.072,NA
Kuwait,1855,0.072,NA
Kuwait,1856,0.072,NA
Kuwait,1857,0.072,NA
Kuwait,1858,0.072,NA
Kuwait,1859,0.072,NA
Kuwait,1860,0.072,NA
Kuwait,1861,0.072,NA
Kuwait,1862,0.072,NA
Kuwait,1863,0.072,NA
Kuwait,1864,0.072,NA
Kuwait,1865,0.072,NA
Kuwait,1866,0.072,NA
Kuwait,1867,0.072,NA
Kuwait,1868,0.072,NA
Kuwait,1869,0.072,NA
Kuwait,1870,0.072,NA
Kuwait,1871,0.072,NA
Kuwait,1872,0.072,NA
Kuwait,1873,0.072,NA
Kuwait,1874,0.072,NA
Kuwait,1875,0.072,NA
Kuwait,1876,0.072,NA
Kuwait,1877,0.072,NA
Kuwait,1878,0.072,NA
Kuwait,1879,0.072,NA
Kuwait,1880,0.072,NA
Kuwait,1881,0.072,NA
Kuwait,1882,0.072,NA
Kuwait,1883,0.072,NA
Kuwait,1884,0.072,NA
Kuwait,1885,0.072,NA
Kuwait,1886,0.072,NA
Kuwait,1887,0.072,NA
Kuwait,1888,0.072,NA
Kuwait,1889,0.072,NA
Kuwait,1890,0.072,NA
Kuwait,1891,0.072,NA
Kuwait,1892,0.072,NA
Kuwait,1893,0.072,NA
Kuwait,1894,0.072,NA
Kuwait,1895,0.072,NA
Kuwait,1896,0.072,NA
Kuwait,1897,0.072,NA
Kuwait,1898,0.072,NA
Kuwait,1899,0.072,NA
Kuwait,1900,0.078,-2.288
Kuwait,1901,0.078,-2.288
Kuwait,1902,0.078,-2.288
Kuwait,1903,0.078,-2.288
Kuwait,1904,0.078,-2.288
Kuwait,1905,0.078,-2.288
Kuwait,1906,0.078,-2.288
Kuwait,1907,0.078,-2.288
Kuwait,1908,0.078,-2.288
Kuwait,1909,0.078,-2.288
Kuwait,1910,0.078,-2.067
Kuwait,1911,0.078,-2.415
Kuwait,1912,0.078,-2.415
Kuwait,1913,0.078,-2.415
Kuwait,1914,0.078,-2.415
Kuwait,1915,0.078,-2.415
Kuwait,1916,0.078,-2.608
Kuwait,1917,0.078,-2.608
Kuwait,1918,0.078,-2.608
Kuwait,1919,0.078,-2.608
Kuwait,1920,0.08,-2.608
Kuwait,1921,0.078,-2.608
Kuwait,1922,0.078,-2.608
Kuwait,1923,0.078,-2.608
Kuwait,1924,0.078,-2.608
Kuwait,1925,0.078,-2.608
Kuwait,1926,0.078,-2.608
Kuwait,1927,0.078,-2.608
Kuwait,1928,0.078,-2.608
Kuwait,1929,0.078,-2.608
Kuwait,1930,0.078,-2.608
Kuwait,1931,0.078,-2.608
Kuwait,1932,0.078,-2.608
Kuwait,1933,0.078,-2.608
Kuwait,1934,0.078,-2.608
Kuwait,1935,0.078,-2.608
Kuwait,1936,0.078,-2.409
Kuwait,1937,0.08,-2.263
Kuwait,1938,0.08,-1.748
Kuwait,1939,0.08,-1.913
Kuwait,1940,0.08,-2.127
Kuwait,1941,0.08,-2.127
Kuwait,1942,0.08,-2.127
Kuwait,1943,0.08,-2.127
Kuwait,1944,0.08,-2.597
Kuwait,1945,0.08,-2.806
Kuwait,1946,0.081,-2.806
Kuwait,1947,0.081,-2.806
Kuwait,1948,0.081,-2.806
Kuwait,1949,0.081,-2.806
Kuwait,1950,0.088,-2.806
Kuwait,1951,0.088,-2.935
Kuwait,1952,0.088,-2.935
Kuwait,1953,0.088,-2.935
Kuwait,1954,0.088,-2.935
Kuwait,1955,0.088,-2.567
Kuwait,1956,0.089,-2.567
Kuwait,1957,0.089,-2.567
Kuwait,1958,0.089,-2.567
Kuwait,1959,0.088,-2.567
Kuwait,1960,0.093,-2.254
Kuwait,1961,0.182,-3.172
Kuwait,1962,0.195,-3.172
Kuwait,1963,0.226,-3.172
Kuwait,1964,0.226,-3.172
Kuwait,1965,0.232,-3.172
Kuwait,1966,0.289,-2.739
Kuwait,1967,0.259,-2.739
Kuwait,1968,0.256,-2.739
Kuwait,1969,0.256,-2.739
Kuwait,1970,0.259,-2.958
Kuwait,1971,0.282,-2.958
Kuwait,1972,0.284,-2.958
Kuwait,1973,0.284,-2.958
Kuwait,1974,0.284,-2.958
Kuwait,1975,0.286,-2.754
Kuwait,1976,0.096,-0.954
Kuwait,1977,0.095,-0.626
Kuwait,1978,0.095,-0.626
Kuwait,1979,0.095,-0.546
Kuwait,1980,0.089,-0.653
Kuwait,1981,0.257,-1.648
Kuwait,1982,0.274,-1.648
Kuwait,1983,0.274,-1.648
Kuwait,1984,0.274,-1.648
Kuwait,1985,0.272,-1.519
Kuwait,1986,0.088,-1.519
Kuwait,1987,0.088,-1.302
Kuwait,1988,0.088,-1.302
Kuwait,1989,0.087,-1.302
Kuwait,1990,0.086,-1.068
Kuwait,1991,0.108,-1.257
Kuwait,1992,0.201,-1.662
Kuwait,1993,0.282,-1.662
Kuwait,1994,0.282,-1.662
Kuwait,1995,0.282,-1.662
Kuwait,1996,0.283,-1.662
Kuwait,1997,0.286,-1.662
Kuwait,1998,0.286,-1.662
Kuwait,1999,0.284,-1.662
Kuwait,2000,0.282,-1.662
Kuwait,2001,0.266,-1.662
Kuwait,2002,0.278,-1.662
Kuwait,2003,0.282,-1.662
Kuwait,2004,0.282,-1.662
Kuwait,2005,0.326,-1.662
Kuwait,2006,0.326,-1.534
Kuwait,2007,0.323,-1.431
Kuwait,2008,0.324,-1.431
Kuwait,2009,0.324,-1.301
Kuwait,2010,0.32,-1.301
Kuwait,2011,0.319,-1.301
Kuwait,2012,0.31,-1.301
Kuwait,2013,0.311,-1.193
Kuwait,2014,0.315,-1.315
Kuwait,2015,0.311,-1.315
Kuwait,2016,0.311,-1.315
Kuwait,2017,0.326,-1.461
Kuwait,2018,0.32,-1.461
Kuwait,2019,0.323,-0.923
Kuwait,2020,0.317,-1.529
Kuwait,2021,0.301,-1.1
Kuwait,2022,0.298,-1.291
Kuwait,2023,0.314,-1.181
Kuwait,2024,0.198,-1.181
Kuwait,2025,0.138,-1.181
Lithuania,1918,0.155,-0.952
Lithuania,1919,0.163,-0.952
Lithuania,1920,0.473,-0.923
Lithuania,1921,0.575,-1.146
Lithuania,1922,0.582,-1.146
Lithuania,1923,0.583,-1.146
Lithuania,1924,0.574,-1.146
Lithuania,1925,0.574,-1.146
Lithuania,1926,0.527,-0.916
Lithuania,1927,0.143,-0.323
Lithuania,1928,0.141,-0.323
Lithuania,1929,0.141,-0.483
Lithuania,1930,0.141,-0.483
Lithuania,1931,0.141,-0.483
Lithuania,1932,0.141,-0.483
Lithuania,1933,0.141,-0.483
Lithuania,1934,0.141,-0.483
Lithuania,1935,0.14,-0.483
Lithuania,1936,0.141,-0.483
Lithuania,1937,0.116,-0.483
Lithuania,1938,0.116,-0.301
Lithuania,1939,0.12,-0.301
Lithuania,1990,0.797,-1.095
Lithuania,1991,0.791,-1.095
Lithuania,1992,0.799,-1.088
Lithuania,1993,0.811,-1.139
Lithuania,1994,0.828,-1.267
Lithuania,1995,0.828,-1.267
Lithuania,1996,0.824,-1.267
Lithuania,1997,0.827,-1.558
Lithuania,1998,0.824,-1.558
Lithuania,1999,0.827,-2.231
Lithuania,2000,0.822,-2.666
Lithuania,2001,0.816,-2.666
Lithuania,2002,0.816,-2.666
Lithuania,2003,0.814,-2.666
Lithuania,2004,0.819,-3.052
Lithuania,2005,0.822,-3.052
Lithuania,2006,0.822,-3.052
Lithuania,2007,0.822,-3.052
Lithuania,2008,0.824,-3.052
Lithuania,2009,0.846,-3.052
Lithuania,2010,0.85,-3.052
Lithuania,2011,0.847,-3.052
Lithuania,2012,0.839,-3.052
Lithuania,2013,0.826,-3.052
Lithuania,2014,0.829,-3.052
Lithuania,2015,0.836,-3.052
Lithuania,2016,0.825,-2.509
Lithuania,2017,0.808,-2.509
Lithuania,2018,0.818,-2.509
Lithuania,2019,0.817,-2.509
Lithuania,2020,0.802,-2.509
Lithuania,2021,0.793,-1.088
Lithuania,2022,0.793,-0.846
Lithuania,2023,0.785,-0.931
Lithuania,2024,0.798,-1.21
Lithuania,2025,0.786,-0.869
Luxembourg,1815,NA,NA
Luxembourg,1816,NA,NA
Luxembourg,1817,NA,NA
Luxembourg,1818,NA,NA
Luxembourg,1819,NA,NA
Luxembourg,1820,NA,NA
Luxembourg,1821,NA,NA
Luxembourg,1822,NA,NA
Luxembourg,1823,NA,NA
Luxembourg,1824,NA,NA
Luxembourg,1825,NA,NA
Luxembourg,1826,NA,NA
Luxembourg,1827,NA,NA
Luxembourg,1828,NA,NA
Luxembourg,1829,NA,NA
Luxembourg,1830,NA,NA
Luxembourg,1831,NA,NA
Luxembourg,1832,NA,NA
Luxembourg,1833,NA,NA
Luxembourg,1834,NA,NA
Luxembourg,1835,NA,NA
Luxembourg,1836,NA,NA
Luxembourg,1837,NA,NA
Luxembourg,1838,NA,NA
Luxembourg,1839,NA,NA
Luxembourg,1840,NA,NA
Luxembourg,1841,NA,NA
Luxembourg,1842,NA,NA
Luxembourg,1843,NA,NA
Luxembourg,1844,NA,NA
Luxembourg,1845,NA,NA
Luxembourg,1846,NA,NA
Luxembourg,1847,NA,NA
Luxembourg,1848,NA,NA
Luxembourg,1849,NA,NA
Luxembourg,1850,NA,NA
Luxembourg,1851,NA,NA
Luxembourg,1852,NA,NA
Luxembourg,1853,NA,NA
Luxembourg,1854,NA,NA
Luxembourg,1855,NA,NA
Luxembourg,1856,NA,NA
Luxembourg,1857,NA,NA
Luxembourg,1858,NA,NA
Luxembourg,1859,NA,NA
Luxembourg,1860,NA,NA
Luxembourg,1861,NA,NA
Luxembourg,1862,NA,NA
Luxembourg,1863,NA,NA
Luxembourg,1864,NA,NA
Luxembourg,1865,NA,NA
Luxembourg,1866,NA,NA
Luxembourg,1867,NA,NA
Luxembourg,1868,NA,NA
Luxembourg,1869,NA,NA
Luxembourg,1870,NA,NA
Luxembourg,1871,NA,NA
Luxembourg,1872,NA,NA
Luxembourg,1873,NA,NA
Luxembourg,1874,NA,NA
Luxembourg,1875,NA,NA
Luxembourg,1876,NA,NA
Luxembourg,1877,NA,NA
Luxembourg,1878,NA,NA
Luxembourg,1879,NA,NA
Luxembourg,1880,NA,NA
Luxembourg,1881,NA,NA
Luxembourg,1882,NA,NA
Luxembourg,1883,NA,NA
Luxembourg,1884,NA,NA
Luxembourg,1885,NA,NA
Luxembourg,1886,NA,NA
Luxembourg,1887,NA,NA
Luxembourg,1888,NA,NA
Luxembourg,1889,NA,NA
Luxembourg,1890,NA,NA
Luxembourg,1891,NA,NA
Luxembourg,1892,NA,NA
Luxembourg,1893,NA,NA
Luxembourg,1894,NA,NA
Luxembourg,1895,NA,NA
Luxembourg,1896,NA,NA
Luxembourg,1897,NA,NA
Luxembourg,1898,NA,NA
Luxembourg,1899,NA,NA
Luxembourg,1900,NA,-0.571
Luxembourg,1901,NA,-0.571
Luxembourg,1902,NA,-0.571
Luxembourg,1903,NA,-0.571
Luxembourg,1904,NA,-0.571
Luxembourg,1905,NA,-0.571
Luxembourg,1906,NA,-0.571
Luxembourg,1907,NA,-0.571
Luxembourg,1908,NA,-0.571
Luxembourg,1909,NA,-0.571
Luxembourg,1910,NA,-0.571
Luxembourg,1911,NA,-0.571
Luxembourg,1912,NA,-0.571
Luxembourg,1913,NA,-0.571
Luxembourg,1914,NA,-0.571
Luxembourg,1915,0.294,-0.571
Luxembourg,1916,0.296,-0.571
Luxembourg,1917,0.298,-0.571
Luxembourg,1918,0.313,-0.571
Luxembourg,1919,0.519,-0.808
Luxembourg,1920,0.645,-0.808
Luxembourg,1921,0.645,-0.808
Luxembourg,1922,0.648,-0.808
Luxembourg,1923,0.651,-0.808
Luxembourg,1924,0.658,-0.808
Luxembourg,1925,0.661,-0.808
Luxembourg,1926,0.661,-0.808
Luxembourg,1927,0.661,-0.808
Luxembourg,1928,0.651,-0.808
Luxembourg,1929,0.649,-0.808
Luxembourg,1930,0.649,-0.808
Luxembourg,1931,0.649,-0.808
Luxembourg,1932,0.649,-0.808
Luxembourg,1933,0.649,-0.546
Luxembourg,1934,0.649,-0.546
Luxembourg,1935,0.649,-0.546
Luxembourg,1936,0.649,-0.546
Luxembourg,1937,0.65,-0.546
Luxembourg,1938,0.651,-0.546
Luxembourg,1939,0.651,-0.794
Luxembourg,1940,0.216,0.005
Luxembourg,1941,0.143,1.336
Luxembourg,1942,0.143,1.336
Luxembourg,1943,0.143,1.336
Luxembourg,1944,0.143,1.332
Luxembourg,1945,0.31,-0.005
Luxembourg,1946,0.779,-1.34
Luxembourg,1947,0.814,-1.864
Luxembourg,1948,0.817,-1.864
Luxembourg,1949,0.819,-1.864
Luxembourg,1950,0.826,-1.864
Luxembourg,1951,0.83,-2.3
Luxembourg,1952,0.832,-2.3
Luxembourg,1953,0.832,-2.3
Luxembourg,1954,0.836,-2.3
Luxembourg,1955,0.833,-2.3
Luxembourg,1956,0.833,-2.3
Luxembourg,1957,0.833,-2.3
Luxembourg,1958,0.833,-2.3
Luxembourg,1959,0.84,-2.3
Luxembourg,1960,0.86,-2.3
Luxembourg,1961,0.86,-2.3
Luxembourg,1962,0.86,-2.3
Luxembourg,1963,0.863,-2.3
Luxembourg,1964,0.864,-2.3
Luxembourg,1965,0.864,-2.3
Luxembourg,1966,0.864,-2.3
Luxembourg,1967,0.864,-2.3
Luxembourg,1968,0.864,-2.3
Luxembourg,1969,0.865,-2.3
Luxembourg,1970,0.865,-2.3
Luxembourg,1971,0.865,-2.3
Luxembourg,1972,0.865,-2.3
Luxembourg,1973,0.865,-2.3
Luxembourg,1974,0.869,-2.3
Luxembourg,1975,0.869,-2.3
Luxembourg,1976,0.869,-2.3
Luxembourg,1977,0.869,-2.3
Luxembourg,1978,0.869,-2.3
Luxembourg,1979,0.869,-2.3
Luxembourg,1980,0.869,-2.3
Luxembourg,1981,0.869,-2.3
Luxembourg,1982,0.869,-2.3
Luxembourg,1983,0.869,-2.3
Luxembourg,1984,0.869,-2.3
Luxembourg,1985,0.87,-2.3
Luxembourg,1986,0.87,-2.3
Luxembourg,1987,0.87,-2.3
Luxembourg,1988,0.87,-2.3
Luxembourg,1989,0.869,-2.3
Luxembourg,1990,0.868,-2.3
Luxembourg,1991,0.868,-2.3
Luxembourg,1992,0.868,-2.3
Luxembourg,1993,0.868,-2.3
Luxembourg,1994,0.868,-2.3
Luxembourg,1995,0.867,-2.3
Luxembourg,1996,0.867,-2.3
Luxembourg,1997,0.867,-2.3
Luxembourg,1998,0.867,-2.3
Luxembourg,1999,0.868,-2.3
Luxembourg,2000,0.869,-2.3
Luxembourg,2001,0.869,-2.3
Luxembourg,2002,0.869,-2.3
Luxembourg,2003,0.869,-2.3
Luxembourg,2004,0.869,-2.3
Luxembourg,2005,0.87,-2.3
Luxembourg,2006,0.87,-2.3
Luxembourg,2007,0.87,-2.3
Luxembourg,2008,0.87,-2.3
Luxembourg,2009,0.871,-2.3
Luxembourg,2010,0.872,-2.3
Luxembourg,2011,0.872,-2.3
Luxembourg,2012,0.872,-2.3
Luxembourg,2013,0.873,-2.3
Luxembourg,2014,0.874,-2.3
Luxembourg,2015,0.874,-2.3
Luxembourg,2016,0.874,-2.3
Luxembourg,2017,0.874,-2.3
Luxembourg,2018,0.874,-2.3
Luxembourg,2019,0.872,-2.3
Luxembourg,2020,0.872,-2.3
Luxembourg,2021,0.872,-2.035
Luxembourg,2022,0.872,-2.631
Luxembourg,2023,0.871,-1.887
Luxembourg,2024,0.869,-1.692
Luxembourg,2025,0.869,-1.849
North Macedonia,1991,0.273,0.553
North Macedonia,1992,0.274,0.553
North Macedonia,1993,0.277,0.484
North Macedonia,1994,0.315,0.643
North Macedonia,1995,0.449,0.564
North Macedonia,1996,0.463,0.517
North Macedonia,1997,0.471,0.414
North Macedonia,1998,0.503,0.414
North Macedonia,1999,0.564,0.348
North Macedonia,2000,0.459,0.867
North Macedonia,2001,0.445,0.985
North Macedonia,2002,0.525,0.723
North Macedonia,2003,0.617,0.723
North Macedonia,2004,0.618,0.687
North Macedonia,2005,0.603,0.687
North Macedonia,2006,0.597,0.687
North Macedonia,2007,0.584,0.687
North Macedonia,2008,0.553,0.687
North Macedonia,2009,0.528,0.769
North Macedonia,2010,0.526,0.818
North Macedonia,2011,0.478,1.313
North Macedonia,2012,0.45,1.313
North Macedonia,2013,0.448,1.313
North Macedonia,2014,0.447,1.422
North Macedonia,2015,0.44,1.545
North Macedonia,2016,0.449,1.924
North Macedonia,2017,0.548,1.603
North Macedonia,2018,0.575,1.472
North Macedonia,2019,0.602,1.35
North Macedonia,2020,0.598,1.155
North Macedonia,2021,0.592,1.155
North Macedonia,2022,0.56,1.084
North Macedonia,2023,0.562,0.993
North Macedonia,2024,0.557,0.827
North Macedonia,2025,0.562,0.953
Malaysia,1900,0.046,-2.091
Malaysia,1901,0.046,-2.091
Malaysia,1902,0.046,-2.091
Malaysia,1903,0.046,-2.091
Malaysia,1904,0.046,-2.091
Malaysia,1905,0.046,-2.091
Malaysia,1906,0.046,-2.091
Malaysia,1907,0.046,-2.091
Malaysia,1908,0.046,-2.091
Malaysia,1909,0.046,-2.091
Malaysia,1910,0.046,-2.091
Malaysia,1911,0.046,-2.091
Malaysia,1912,0.046,-2.091
Malaysia,1913,0.046,-2.091
Malaysia,1914,0.046,-2.091
Malaysia,1915,0.046,-2.091
Malaysia,1916,0.046,-2.091
Malaysia,1917,0.046,-2.091
Malaysia,1918,0.046,-2.091
Malaysia,1919,0.046,-2.091
Malaysia,1920,0.046,-2.091
Malaysia,1921,0.046,-2.091
Malaysia,1922,0.046,-2.091
Malaysia,1923,0.046,-2.091
Malaysia,1924,0.046,-2.091
Malaysia,1925,0.046,-2.091
Malaysia,1926,0.046,-2.091
Malaysia,1927,0.046,-2.091
Malaysia,1928,0.046,-2.091
Malaysia,1929,0.046,-2.091
Malaysia,1930,0.046,-2.091
Malaysia,1931,0.046,-2.091
Malaysia,1932,0.046,-2.091
Malaysia,1933,0.046,-2.091
Malaysia,1934,0.046,-2.091
Malaysia,1935,0.046,-2.091
Malaysia,1936,0.046,-2.091
Malaysia,1937,0.046,-2.091
Malaysia,1938,0.046,-2.091
Malaysia,1939,0.046,-2.091
Malaysia,1940,0.044,-2.091
Malaysia,1941,0.044,-1.163
Malaysia,1942,0.035,-1.163
Malaysia,1943,0.035,-1.163
Malaysia,1944,0.035,-1.163
Malaysia,1945,0.035,-1.163
Malaysia,1946,0.067,-0.061
Malaysia,1947,0.067,-0.061
Malaysia,1948,0.069,-0.061
Malaysia,1949,0.069,-0.061
Malaysia,1950,0.069,-0.061
Malaysia,1951,0.069,-0.061
Malaysia,1952,0.069,-0.061
Malaysia,1953,0.069,-0.061
Malaysia,1954,0.069,-0.061
Malaysia,1955,0.21,-0.061
Malaysia,1956,0.303,-0.061
Malaysia,1957,0.308,-0.061
Malaysia,1958,0.315,0.593
Malaysia,1959,0.313,0.593
Malaysia,1960,0.311,0.593
Malaysia,1961,0.311,0.593
Malaysia,1962,0.309,0.593
Malaysia,1963,0.309,0.593
Malaysia,1964,0.303,0.94
Malaysia,1965,0.3,0.94
Malaysia,1966,0.298,0.94
Malaysia,1967,0.3,0.94
Malaysia,1968,0.295,0.94
Malaysia,1969,0.209,1.369
Malaysia,1970,0.146,1.303
Malaysia,1971,0.146,1.303
Malaysia,1972,0.208,1.303
Malaysia,1973,0.208,1.303
Malaysia,1974,0.233,1.303
Malaysia,1975,0.275,1.303
Malaysia,1976,0.275,1.303
Malaysia,1977,0.275,1.303
Malaysia,1978,0.276,1.303
Malaysia,1979,0.276,1.303
Malaysia,1980,0.278,1.303
Malaysia,1981,0.274,1.303
Malaysia,1982,0.273,1.303
Malaysia,1983,0.272,1.303
Malaysia,1984,0.272,1.303
Malaysia,1985,0.272,1.303
Malaysia,1986,0.27,1.303
Malaysia,1987,0.26,1.303
Malaysia,1988,0.257,1.303
Malaysia,1989,0.257,1.303
Malaysia,1990,0.26,1.303
Malaysia,1991,0.259,1.303
Malaysia,1992,0.259,1.303
Malaysia,1993,0.259,1.303
Malaysia,1994,0.259,1.303
Malaysia,1995,0.258,1.303
Malaysia,1996,0.257,1.303
Malaysia,1997,0.257,1.303
Malaysia,1998,0.257,1.303
Malaysia,1999,0.266,1.303
Malaysia,2000,0.277,0.944
Malaysia,2001,0.281,0.944
Malaysia,2002,0.281,0.944
Malaysia,2003,0.286,0.944
Malaysia,2004,0.309,0.944
Malaysia,2005,0.311,0.944
Malaysia,2006,0.312,0.944
Malaysia,2007,0.314,1.205
Malaysia,2008,0.328,1.205
Malaysia,2009,0.331,1.205
Malaysia,2010,0.329,1.318
Malaysia,2011,0.327,1.318
Malaysia,2012,0.327,1.318
Malaysia,2013,0.321,1.318
Malaysia,2014,0.323,1.508
Malaysia,2015,0.325,1.508
Malaysia,2016,0.328,1.508
Malaysia,2017,0.333,1.508
Malaysia,2018,0.444,1.508
Malaysia,2019,0.47,1.508
Malaysia,2020,0.425,1.987
Malaysia,2021,0.432,1.987
Malaysia,2022,0.459,1.987
Malaysia,2023,0.508,2.454
Malaysia,2024,0.513,2.454
Malaysia,2025,0.504,2.454
Malta,1900,0.191,0.539
Malta,1901,0.191,0.539
Malta,1902,0.191,0.539
Malta,1903,0.191,0.539
Malta,1904,0.192,0.539
Malta,1905,0.192,0.539
Malta,1906,0.192,0.539
Malta,1907,0.192,0.539
Malta,1908,0.192,0.539
Malta,1909,0.192,0.539
Malta,1910,0.192,0.539
Malta,1911,0.192,0.539
Malta,1912,0.192,0.539
Malta,1913,0.192,0.539
Malta,1914,0.192,0.539
Malta,1915,0.192,0.539
Malta,1916,0.192,0.539
Malta,1917,0.192,0.539
Malta,1918,0.192,0.539
Malta,1919,0.192,0.539
Malta,1920,0.192,0.539
Malta,1921,0.237,1.661
Malta,1922,0.391,1.661
Malta,1923,0.391,1.661
Malta,1924,0.39,1.661
Malta,1925,0.388,1.661
Malta,1926,0.388,1.661
Malta,1927,0.39,1.661
Malta,1928,0.393,1.661
Malta,1929,0.393,1.661
Malta,1930,0.245,1.661
Malta,1931,0.217,1.661
Malta,1932,0.266,1.661
Malta,1933,0.306,1.661
Malta,1934,0.217,1.661
Malta,1935,0.202,1.661
Malta,1936,0.202,1.661
Malta,1937,0.202,1.661
Malta,1938,0.202,1.661
Malta,1939,0.24,1.661
Malta,1940,0.207,0.883
Malta,1941,0.207,0.883
Malta,1942,0.207,0.883
Malta,1943,0.207,0.883
Malta,1944,0.207,0.883
Malta,1945,0.234,0.883
Malta,1946,0.203,0.883
Malta,1947,0.324,1.675
Malta,1948,0.671,1.675
Malta,1949,0.671,1.675
Malta,1950,0.671,1.675
Malta,1951,0.672,1.675
Malta,1952,0.672,1.675
Malta,1953,0.672,1.675
Malta,1954,0.666,1.675
Malta,1955,0.668,1.675
Malta,1956,0.668,1.675
Malta,1957,0.668,1.675
Malta,1958,0.36,1.675
Malta,1959,0.257,1.675
Malta,1960,0.257,1.675
Malta,1961,0.257,1.675
Malta,1962,0.347,1.675
Malta,1963,0.663,1.675
Malta,1964,0.714,1.675
Malta,1965,0.699,1.84
Malta,1966,0.7,1.84
Malta,1967,0.701,1.84
Malta,1968,0.701,1.84
Malta,1969,0.701,1.84
Malta,1970,0.701,1.84
Malta,1971,0.693,1.84
Malta,1972,0.693,1.84
Malta,1973,0.693,1.84
Malta,1974,0.693,1.84
Malta,1975,0.693,1.84
Malta,1976,0.685,1.84
Malta,1977,0.667,1.84
Malta,1978,0.667,1.84
Malta,1979,0.667,1.84
Malta,1980,0.667,1.84
Malta,1981,0.666,1.84
Malta,1982,0.65,1.84
Malta,1983,0.65,1.84
Malta,1984,0.65,1.84
Malta,1985,0.65,1.84
Malta,1986,0.65,1.84
Malta,1987,0.713,1.64
Malta,1988,0.723,1.64
Malta,1989,0.723,1.64
Malta,1990,0.723,0.985
Malta,1991,0.738,0.985
Malta,1992,0.771,0.985
Malta,1993,0.776,0.985
Malta,1994,0.776,0.985
Malta,1995,0.776,0.985
Malta,1996,0.786,0.985
Malta,1997,0.788,0.985
Malta,1998,0.787,0.985
Malta,1999,0.786,0.985
Malta,2000,0.786,0.985
Malta,2001,0.786,0.985
Malta,2002,0.786,0.985
Malta,2003,0.788,0.985
Malta,2004,0.789,0.985
Malta,2005,0.789,0.985
Malta,2006,0.789,0.985
Malta,2007,0.784,0.985
Malta,2008,0.803,0.985
Malta,2009,0.815,0.985
Malta,2010,0.815,0.985
Malta,2011,0.815,0.985
Malta,2012,0.817,0.985
Malta,2013,0.793,0.985
Malta,2014,0.778,1.63
Malta,2015,0.778,1.63
Malta,2016,0.777,1.63
Malta,2017,0.761,1.63
Malta,2018,0.754,1.739
Malta,2019,0.767,1.625
Malta,2020,0.767,1.625
Malta,2021,0.77,0.897
Malta,2022,0.78,0.897
Malta,2023,0.783,0.897
Malta,2024,0.783,0.897
Malta,2025,0.783,0.897
Mauritius,1900,0.139,0.704
Mauritius,1901,0.14,0.704
Mauritius,1902,0.139,0.704
Mauritius,1903,0.139,0.704
Mauritius,1904,0.139,0.704
Mauritius,1905,0.141,0.704
Mauritius,1906,0.141,0.704
Mauritius,1907,0.141,0.704
Mauritius,1908,0.141,0.704
Mauritius,1909,0.141,0.704
Mauritius,1910,0.141,0.704
Mauritius,1911,0.141,0.704
Mauritius,1912,0.141,0.704
Mauritius,1913,0.141,0.704
Mauritius,1914,0.137,0.704
Mauritius,1915,0.137,0.704
Mauritius,1916,0.137,0.704
Mauritius,1917,0.137,0.704
Mauritius,1918,0.137,0.704
Mauritius,1919,0.141,0.704
Mauritius,1920,0.141,0.704
Mauritius,1921,0.149,0.704
Mauritius,1922,0.149,0.704
Mauritius,1923,0.149,0.704
Mauritius,1924,0.149,0.704
Mauritius,1925,0.149,0.704
Mauritius,1926,0.149,0.704
Mauritius,1927,0.149,0.704
Mauritius,1928,0.149,0.704
Mauritius,1929,0.149,0.704
Mauritius,1930,0.147,0.704
Mauritius,1931,0.147,0.704
Mauritius,1932,0.147,0.704
Mauritius,1933,0.147,0.704
Mauritius,1934,0.147,0.704
Mauritius,1935,0.147,0.704
Mauritius,1936,0.148,0.704
Mauritius,1937,0.154,0.704
Mauritius,1938,0.154,0.704
Mauritius,1939,0.151,0.704
Mauritius,1940,0.154,0.704
Mauritius,1941,0.154,0.704
Mauritius,1942,0.154,0.704
Mauritius,1943,0.157,0.704
Mauritius,1944,0.161,0.704
Mauritius,1945,0.161,0.704
Mauritius,1946,0.163,0.704
Mauritius,1947,0.163,0.704
Mauritius,1948,0.224,0.704
Mauritius,1949,0.315,0.704
Mauritius,1950,0.317,0.704
Mauritius,1951,0.317,0.704
Mauritius,1952,0.317,0.704
Mauritius,1953,0.317,0.704
Mauritius,1954,0.316,0.704
Mauritius,1955,0.316,0.704
Mauritius,1956,0.316,0.704
Mauritius,1957,0.321,0.704
Mauritius,1958,0.324,0.704
Mauritius,1959,0.356,0.704
Mauritius,1960,0.356,0.795
Mauritius,1961,0.357,0.795
Mauritius,1962,0.472,0.795
Mauritius,1963,0.472,0.795
Mauritius,1964,0.466,0.795
Mauritius,1965,0.466,0.795
Mauritius,1966,0.466,0.795
Mauritius,1967,0.476,1.32
Mauritius,1968,0.636,1.32
Mauritius,1969,0.654,1.029
Mauritius,1970,0.642,0.996
Mauritius,1971,0.638,0.996
Mauritius,1972,0.638,0.996
Mauritius,1973,0.633,0.996
Mauritius,1974,0.633,0.996
Mauritius,1975,0.633,0.996
Mauritius,1976,0.652,1.223
Mauritius,1977,0.676,0.977
Mauritius,1978,0.676,0.977
Mauritius,1979,0.68,0.977
Mauritius,1980,0.69,0.977
Mauritius,1981,0.69,0.977
Mauritius,1982,0.7,1.237
Mauritius,1983,0.7,1.237
Mauritius,1984,0.701,0.975
Mauritius,1985,0.701,0.975
Mauritius,1986,0.707,0.975
Mauritius,1987,0.708,1.242
Mauritius,1988,0.71,0.99
Mauritius,1989,0.71,0.99
Mauritius,1990,0.718,0.99
Mauritius,1991,0.72,1.227
Mauritius,1992,0.719,0.975
Mauritius,1993,0.725,0.975
Mauritius,1994,0.725,0.975
Mauritius,1995,0.725,1.203
Mauritius,1996,0.723,0.953
Mauritius,1997,0.723,0.953
Mauritius,1998,0.723,0.953
Mauritius,1999,0.723,0.953
Mauritius,2000,0.73,1.039
Mauritius,2001,0.731,0.803
Mauritius,2002,0.737,0.803
Mauritius,2003,0.737,0.803
Mauritius,2004,0.737,0.803
Mauritius,2005,0.737,0.911
Mauritius,2006,0.737,0.486
Mauritius,2007,0.737,0.486
Mauritius,2008,0.737,0.486
Mauritius,2009,0.737,0.486
Mauritius,2010,0.746,0.891
Mauritius,2011,0.746,0.774
Mauritius,2012,0.746,0.774
Mauritius,2013,0.738,0.774
Mauritius,2014,0.723,0.988
Mauritius,2015,0.737,1.353
Mauritius,2016,0.731,0.88
Mauritius,2017,0.732,0.88
Mauritius,2018,0.739,0.88
Mauritius,2019,0.694,0.398
Mauritius,2020,0.549,0.814
Mauritius,2021,0.532,0.753
Mauritius,2022,0.501,0.434
Mauritius,2023,0.47,0.171
Mauritius,2024,0.495,0.146
Mauritius,2025,0.738,0.12
Montenegro,1789,NA,NA
Montenegro,1790,NA,NA
Montenegro,1791,NA,NA
Montenegro,1792,NA,NA
Montenegro,1793,NA,NA
Montenegro,1794,NA,NA
Montenegro,1795,NA,NA
Montenegro,1796,NA,NA
Montenegro,1797,NA,NA
Montenegro,1798,NA,NA
Montenegro,1799,NA,NA
Montenegro,1800,NA,NA
Montenegro,1801,NA,NA
Montenegro,1802,NA,NA
Montenegro,1803,NA,NA
Montenegro,1804,NA,NA
Montenegro,1805,NA,NA
Montenegro,1806,NA,NA
Montenegro,1807,NA,NA
Montenegro,1808,NA,NA
Montenegro,1809,NA,NA
Montenegro,1810,NA,NA
Montenegro,1811,NA,NA
Montenegro,1812,NA,NA
Montenegro,1813,NA,NA
Montenegro,1814,NA,NA
Montenegro,1815,NA,NA
Montenegro,1816,NA,NA
Montenegro,1817,NA,NA
Montenegro,1818,NA,NA
Montenegro,1819,NA,NA
Montenegro,1820,NA,NA
Montenegro,1821,NA,NA
Montenegro,1822,NA,NA
Montenegro,1823,NA,NA
Montenegro,1824,NA,NA
Montenegro,1825,NA,NA
Montenegro,1826,NA,NA
Montenegro,1827,NA,NA
Montenegro,1828,NA,NA
Montenegro,1829,NA,NA
Montenegro,1830,NA,NA
Montenegro,1831,NA,NA
Montenegro,1832,NA,NA
Montenegro,1833,NA,NA
Montenegro,1834,NA,NA
Montenegro,1835,NA,NA
Montenegro,1836,NA,NA
Montenegro,1837,NA,NA
Montenegro,1838,NA,NA
Montenegro,1839,NA,NA
Montenegro,1840,NA,NA
Montenegro,1841,NA,NA
Montenegro,1842,NA,NA
Montenegro,1843,NA,NA
Montenegro,1844,NA,NA
Montenegro,1845,NA,NA
Montenegro,1846,NA,NA
Montenegro,1847,NA,NA
Montenegro,1848,NA,NA
Montenegro,1849,NA,NA
Montenegro,1850,NA,NA
Montenegro,1851,NA,NA
Montenegro,1852,NA,NA
Montenegro,1853,NA,NA
Montenegro,1854,NA,NA
Montenegro,1855,NA,NA
Montenegro,1856,NA,NA
Montenegro,1857,NA,NA
Montenegro,1858,NA,NA
Montenegro,1859,NA,NA
Montenegro,1860,NA,NA
Montenegro,1861,NA,NA
Montenegro,1862,NA,NA
Montenegro,1863,NA,NA
Montenegro,1864,NA,NA
Montenegro,1865,NA,NA
Montenegro,1866,NA,NA
Montenegro,1867,NA,NA
Montenegro,1868,NA,NA
Montenegro,1869,NA,NA
Montenegro,1870,NA,NA
Montenegro,1871,NA,NA
Montenegro,1872,NA,NA
Montenegro,1873,NA,NA
Montenegro,1874,NA,NA
Montenegro,1875,NA,NA
Montenegro,1876,NA,NA
Montenegro,1877,NA,NA
Montenegro,1878,NA,NA
Montenegro,1879,NA,NA
Montenegro,1880,NA,NA
Montenegro,1881,NA,NA
Montenegro,1882,NA,NA
Montenegro,1883,NA,NA
Montenegro,1884,NA,NA
Montenegro,1885,NA,NA
Montenegro,1886,NA,NA
Montenegro,1887,NA,NA
Montenegro,1888,NA,NA
Montenegro,1889,NA,NA
Montenegro,1890,NA,NA
Montenegro,1891,NA,NA
Montenegro,1892,NA,NA
Montenegro,1893,NA,NA
Montenegro,1894,NA,NA
Montenegro,1895,NA,NA
Montenegro,1896,NA,NA
Montenegro,1897,NA,NA
Montenegro,1898,NA,NA
Montenegro,1899,NA,NA
Montenegro,1900,0.069,0.937
Montenegro,1901,0.069,0.937
Montenegro,1902,0.069,0.937
Montenegro,1903,0.069,0.937
Montenegro,1904,0.069,0.937
Montenegro,1905,0.093,0.937
Montenegro,1906,0.139,1.613
Montenegro,1907,0.128,1.613
Montenegro,1908,0.107,1.613
Montenegro,1909,0.107,1.613
Montenegro,1910,0.107,1.613
Montenegro,1911,0.103,1.613
Montenegro,1912,0.099,1.613
Montenegro,1913,0.103,1.613
Montenegro,1914,0.109,1.613
Montenegro,1915,0.107,1.613
Montenegro,1916,0.079,2.233
Montenegro,1917,0.077,2.233
Montenegro,1918,NA,NA
Montenegro,1998,0.353,1.037
Montenegro,1999,0.432,1.037
Montenegro,2000,0.432,0.867
Montenegro,2001,0.457,0.867
Montenegro,2002,0.483,0.867
Montenegro,2003,0.503,0.867
Montenegro,2004,0.518,0.867
Montenegro,2005,0.522,1.041
Montenegro,2006,0.512,1.041
Montenegro,2007,0.493,0.522
Montenegro,2008,0.506,0.318
Montenegro,2009,0.511,0.318
Montenegro,2010,0.51,0.318
Montenegro,2011,0.51,0.318
Montenegro,2012,0.517,0.318
Montenegro,2013,0.494,0.318
Montenegro,2014,0.484,0.779
Montenegro,2015,0.484,0.779
Montenegro,2016,0.484,1.404
Montenegro,2017,0.474,1.08
Montenegro,2018,0.482,1.08
Montenegro,2019,0.483,1.212
Montenegro,2020,0.5,1.676
Montenegro,2021,0.534,1.567
Montenegro,2022,0.532,1.567
Montenegro,2023,0.61,1.31
Montenegro,2024,0.64,1.127
Montenegro,2025,0.636,0.816
New Zealand,1841,NA,NA
New Zealand,1842,NA,NA
New Zealand,1843,NA,NA
New Zealand,1844,NA,NA
New Zealand,1845,NA,NA
New Zealand,1846,NA,NA
New Zealand,1847,NA,NA
New Zealand,1848,NA,NA
New Zealand,1849,NA,NA
New Zealand,1850,NA,NA
New Zealand,1851,NA,NA
New Zealand,1852,NA,NA
New Zealand,1853,0.269,NA
New Zealand,1854,0.32,NA
New Zealand,1855,0.32,NA
New Zealand,1856,0.397,NA
New Zealand,1857,0.474,NA
New Zealand,1858,0.474,NA
New Zealand,1859,0.467,NA
New Zealand,1860,0.467,NA
New Zealand,1861,0.498,NA
New Zealand,1862,0.502,NA
New Zealand,1863,0.502,NA
New Zealand,1864,0.502,NA
New Zealand,1865,0.502,NA
New Zealand,1866,0.499,NA
New Zealand,1867,0.498,NA
New Zealand,1868,0.499,NA
New Zealand,1869,0.5,NA
New Zealand,1870,0.5,NA
New Zealand,1871,0.516,NA
New Zealand,1872,0.516,NA
New Zealand,1873,0.516,NA
New Zealand,1874,0.516,NA
New Zealand,1875,0.516,NA
New Zealand,1876,0.517,NA
New Zealand,1877,0.517,NA
New Zealand,1878,0.517,NA
New Zealand,1879,0.572,NA
New Zealand,1880,0.57,NA
New Zealand,1881,0.571,NA
New Zealand,1882,0.573,NA
New Zealand,1883,0.573,NA
New Zealand,1884,0.572,NA
New Zealand,1885,0.57,NA
New Zealand,1886,0.57,NA
New Zealand,1887,0.571,NA
New Zealand,1888,0.575,NA
New Zealand,1889,0.573,NA
New Zealand,1890,0.567,NA
New Zealand,1891,0.573,NA
New Zealand,1892,0.573,NA
New Zealand,1893,0.761,NA
New Zealand,1894,0.762,NA
New Zealand,1895,0.762,NA
New Zealand,1896,0.763,NA
New Zealand,1897,0.775,NA
New Zealand,1898,0.775,NA
New Zealand,1899,0.775,NA
New Zealand,1900,0.783,-2.562
New Zealand,1901,0.793,-2.562
New Zealand,1902,0.794,-2.562
New Zealand,1903,0.796,-2.562
New Zealand,1904,0.796,-2.562
New Zealand,1905,0.796,-2.562
New Zealand,1906,0.797,-2.562
New Zealand,1907,0.797,-2.562
New Zealand,1908,0.797,-2.562
New Zealand,1909,0.798,-2.562
New Zealand,1910,0.798,-2.562
New Zealand,1911,0.798,-2.562
New Zealand,1912,0.781,-2.562
New Zealand,1913,0.783,-2.562
New Zealand,1914,0.772,-2.562
New Zealand,1915,0.767,-2.562
New Zealand,1916,0.769,-2.562
New Zealand,1917,0.767,-2.562
New Zealand,1918,0.767,-2.562
New Zealand,1919,0.796,-2.562
New Zealand,1920,0.802,-2.562
New Zealand,1921,0.798,-2.562
New Zealand,1922,0.804,-2.562
New Zealand,1923,0.806,-2.562
New Zealand,1924,0.806,-2.562
New Zealand,1925,0.805,-2.562
New Zealand,1926,0.802,-2.562
New Zealand,1927,0.802,-2.562
New Zealand,1928,0.803,-2.562
New Zealand,1929,0.807,-2.562
New Zealand,1930,0.814,-2.562
New Zealand,1931,0.814,-2.562
New Zealand,1932,0.8,-2.562
New Zealand,1933,0.81,-2.562
New Zealand,1934,0.81,-2.562
New Zealand,1935,0.802,-2.562
New Zealand,1936,0.787,-2.562
New Zealand,1937,0.787,-2.562
New Zealand,1938,0.787,-2.562
New Zealand,1939,0.782,-2.562
New Zealand,1940,0.774,-2.562
New Zealand,1941,0.774,-2.562
New Zealand,1942,0.774,-2.562
New Zealand,1943,0.774,-2.562
New Zealand,1944,0.774,-2.562
New Zealand,1945,0.774,-2.562
New Zealand,1946,0.794,-2.562
New Zealand,1947,0.802,-2.562
New Zealand,1948,0.802,-2.562
New Zealand,1949,0.801,-2.562
New Zealand,1950,0.8,-2.562
New Zealand,1951,0.768,-1.575
New Zealand,1952,0.786,-2.57
New Zealand,1953,0.786,-2.57
New Zealand,1954,0.793,-2.57
New Zealand,1955,0.804,-2.57
New Zealand,1956,0.804,-2.57
New Zealand,1957,0.804,-2.57
New Zealand,1958,0.809,-2.57
New Zealand,1959,0.809,-2.57
New Zealand,1960,0.82,-2.57
New Zealand,1961,0.822,-2.57
New Zealand,1962,0.829,-2.57
New Zealand,1963,0.833,-2.57
New Zealand,1964,0.831,-2.57
New Zealand,1965,0.831,-2.57
New Zealand,1966,0.831,-2.57
New Zealand,1967,0.833,-2.57
New Zealand,1968,0.833,-2.57
New Zealand,1969,0.833,-2.57
New Zealand,1970,0.847,-2.57
New Zealand,1971,0.847,-2.57
New Zealand,1972,0.847,-2.57
New Zealand,1973,0.845,-1.861
New Zealand,1974,0.85,-1.861
New Zealand,1975,0.85,-1.861
New Zealand,1976,0.853,-1.861
New Zealand,1977,0.847,-1.861
New Zealand,1978,0.849,-1.861
New Zealand,1979,0.846,-1.861
New Zealand,1980,0.849,-1.861
New Zealand,1981,0.849,-1.176
New Zealand,1982,0.85,-1.863
New Zealand,1983,0.853,-1.863
New Zealand,1984,0.862,-2.613
New Zealand,1985,0.863,-2.613
New Zealand,1986,0.863,-2.613
New Zealand,1987,0.864,-2.613
New Zealand,1988,0.866,-2.613
New Zealand,1989,0.866,-2.613
New Zealand,1990,0.869,-2.613
New Zealand,1991,0.871,-2.613
New Zealand,1992,0.871,-2.613
New Zealand,1993,0.874,-2.613
New Zealand,1994,0.872,-2.613
New Zealand,1995,0.872,-2.613
New Zealand,1996,0.879,-2.613
New Zealand,1997,0.88,-2.613
New Zealand,1998,0.88,-2.613
New Zealand,1999,0.88,-2.613
New Zealand,2000,0.881,-2.613
New Zealand,2001,0.881,-2.613
New Zealand,2002,0.881,-2.613
New Zealand,2003,0.88,-2.613
New Zealand,2004,0.88,-2.613
New Zealand,2005,0.879,-2.613
New Zealand,2006,0.878,-2.613
New Zealand,2007,0.878,-2.613
New Zealand,2008,0.88,-2.613
New Zealand,2009,0.893,-2.613
New Zealand,2010,0.893,-2.613
New Zealand,2011,0.891,-2.613
New Zealand,2012,0.893,-2.613
New Zealand,2013,0.887,-2.613
New Zealand,2014,0.886,-2.613
New Zealand,2015,0.883,-2.613
New Zealand,2016,0.883,-2.613
New Zealand,2017,0.879,-1.756
New Zealand,2018,0.888,-2.616
New Zealand,2019,0.885,-2.375
New Zealand,2020,0.882,-2.375
New Zealand,2021,0.874,-1.665
New Zealand,2022,0.878,-1.165
New Zealand,2023,0.88,-1.155
New Zealand,2024,0.868,-0.803
New Zealand,2025,0.849,-1.421
Norway,1789,NA,NA
Norway,1790,NA,NA
Norway,1791,NA,NA
Norway,1792,NA,NA
Norway,1793,NA,NA
Norway,1794,NA,NA
Norway,1795,NA,NA
Norway,1796,NA,NA
Norway,1797,NA,NA
Norway,1798,NA,NA
Norway,1799,NA,NA
Norway,1800,NA,NA
Norway,1801,NA,NA
Norway,1802,NA,NA
Norway,1803,NA,NA
Norway,1804,NA,NA
Norway,1805,NA,NA
Norway,1806,NA,NA
Norway,1807,0.014,NA
Norway,1808,0.014,NA
Norway,1809,0.014,NA
Norway,1810,0.014,NA
Norway,1811,0.014,NA
Norway,1812,0.014,NA
Norway,1813,0.014,NA
Norway,1814,0.036,NA
Norway,1815,0.151,NA
Norway,1816,0.158,NA
Norway,1817,0.158,NA
Norway,1818,0.157,NA
Norway,1819,0.157,NA
Norway,1820,0.156,NA
Norway,1821,0.156,NA
Norway,1822,0.155,NA
Norway,1823,0.156,NA
Norway,1824,0.156,NA
Norway,1825,0.156,NA
Norway,1826,0.156,NA
Norway,1827,0.156,NA
Norway,1828,0.145,NA
Norway,1829,0.144,NA
Norway,1830,0.163,NA
Norway,1831,0.163,NA
Norway,1832,0.162,NA
Norway,1833,0.162,NA
Norway,1834,0.162,NA
Norway,1835,0.164,NA
Norway,1836,0.164,NA
Norway,1837,0.164,NA
Norway,1838,0.169,NA
Norway,1839,0.169,NA
Norway,1840,0.186,NA
Norway,1841,0.185,NA
Norway,1842,0.185,NA
Norway,1843,0.214,NA
Norway,1844,0.215,NA
Norway,1845,0.215,NA
Norway,1846,0.215,NA
Norway,1847,0.215,NA
Norway,1848,0.215,NA
Norway,1849,0.215,NA
Norway,1850,0.216,NA
Norway,1851,0.216,NA
Norway,1852,0.263,NA
Norway,1853,0.26,NA
Norway,1854,0.26,NA
Norway,1855,0.26,NA
Norway,1856,0.259,NA
Norway,1857,0.259,NA
Norway,1858,0.259,NA
Norway,1859,0.26,NA
Norway,1860,0.264,NA
Norway,1861,0.264,NA
Norway,1862,0.265,NA
Norway,1863,0.265,NA
Norway,1864,0.265,NA
Norway,1865,0.266,NA
Norway,1866,0.265,NA
Norway,1867,0.265,NA
Norway,1868,0.263,NA
Norway,1869,0.263,NA
Norway,1870,0.259,NA
Norway,1871,0.259,NA
Norway,1872,0.259,NA
Norway,1873,0.258,NA
Norway,1874,0.258,NA
Norway,1875,0.258,NA
Norway,1876,0.256,NA
Norway,1877,0.256,NA
Norway,1878,0.256,NA
Norway,1879,0.257,NA
Norway,1880,0.266,NA
Norway,1881,0.297,NA
Norway,1882,0.31,NA
Norway,1883,0.31,NA
Norway,1884,0.355,NA
Norway,1885,0.37,NA
Norway,1886,0.37,NA
Norway,1887,0.37,NA
Norway,1888,0.369,NA
Norway,1889,0.369,NA
Norway,1890,0.373,NA
Norway,1891,0.373,NA
Norway,1892,0.373,NA
Norway,1893,0.373,NA
Norway,1894,0.374,NA
Norway,1895,0.375,NA
Norway,1896,0.375,NA
Norway,1897,0.374,NA
Norway,1898,0.431,NA
Norway,1899,0.431,NA
Norway,1900,0.434,-0.911
Norway,1901,0.437,-0.911
Norway,1902,0.437,-0.911
Norway,1903,0.433,-0.911
Norway,1904,0.428,-0.911
Norway,1905,0.425,-0.911
Norway,1906,0.53,-0.911
Norway,1907,0.532,-0.911
Norway,1908,0.532,-0.911
Norway,1909,0.531,-0.911
Norway,1910,0.535,-0.846
Norway,1911,0.535,-0.846
Norway,1912,0.535,-0.846
Norway,1913,0.538,-0.846
Norway,1914,0.701,-0.846
Norway,1915,0.702,-0.846
Norway,1916,0.702,-0.846
Norway,1917,0.701,0.683
Norway,1918,0.704,0.683
Norway,1919,0.696,0.683
Norway,1920,0.706,0.173
Norway,1921,0.707,0.173
Norway,1922,0.71,0.173
Norway,1923,0.71,0.173
Norway,1924,0.71,-0.237
Norway,1925,0.707,-0.237
Norway,1926,0.707,-0.237
Norway,1927,0.707,-0.237
Norway,1928,0.708,-0.237
Norway,1929,0.713,-0.237
Norway,1930,0.713,-0.237
Norway,1931,0.715,-0.237
Norway,1932,0.715,-0.237
Norway,1933,0.716,0.085
Norway,1934,0.716,0.085
Norway,1935,0.716,-0.354
Norway,1936,0.716,-0.176
Norway,1937,0.716,-0.176
Norway,1938,0.716,-0.176
Norway,1939,0.713,-0.176
Norway,1940,0.297,2.848
Norway,1941,0.245,2.848
Norway,1942,0.111,2.848
Norway,1943,0.1,2.848
Norway,1944,0.101,2.848
Norway,1945,0.269,2.848
Norway,1946,0.778,-0.673
Norway,1947,0.778,0.042
Norway,1948,0.78,0.042
Norway,1949,0.78,-0.134
Norway,1950,0.781,-0.428
Norway,1951,0.781,-0.428
Norway,1952,0.781,-0.907
Norway,1953,0.781,-1.682
Norway,1954,0.796,-1.682
Norway,1955,0.799,-1.682
Norway,1956,0.803,-1.682
Norway,1957,0.806,-1.682
Norway,1958,0.811,-1.682
Norway,1959,0.811,-1.682
Norway,1960,0.828,-2.59
Norway,1961,0.829,-2.59
Norway,1962,0.83,-2.59
Norway,1963,0.83,-2.59
Norway,1964,0.83,-2.59
Norway,1965,0.829,-2.165
Norway,1966,0.828,-2.165
Norway,1967,0.828,-2.165
Norway,1968,0.828,-2.165
Norway,1969,0.829,-1.637
Norway,1970,0.844,-1.637
Norway,1971,0.844,-1.886
Norway,1972,0.844,-1.886
Norway,1973,0.844,-1.886
Norway,1974,0.844,-1.886
Norway,1975,0.844,-1.886
Norway,1976,0.844,-1.886
Norway,1977,0.844,-1.886
Norway,1978,0.845,-1.886
Norway,1979,0.845,-1.886
Norway,1980,0.864,-1.886
Norway,1981,0.864,-1.886
Norway,1982,0.863,-1.886
Norway,1983,0.863,-1.886
Norway,1984,0.863,-1.886
Norway,1985,0.863,-1.886
Norway,1986,0.865,-1.886
Norway,1987,0.865,-1.886
Norway,1988,0.865,-1.886
Norway,1989,0.864,-1.886
Norway,1990,0.88,-2.335
Norway,1991,0.88,-2.335
Norway,1992,0.88,-2.335
Norway,1993,0.88,-2.335
Norway,1994,0.881,-2.335
Norway,1995,0.881,-2.335
Norway,1996,0.881,-2.645
Norway,1997,0.881,-2.645
Norway,1998,0.882,-2.645
Norway,1999,0.882,-2.645
Norway,2000,0.891,-2.645
Norway,2001,0.892,-2.645
Norway,2002,0.893,-2.645
Norway,2003,0.893,-2.645
Norway,2004,0.893,-2.645
Norway,2005,0.895,-2.645
Norway,2006,0.898,-2.645
Norway,2007,0.898,-2.645
Norway,2008,0.898,-2.645
Norway,2009,0.899,-2.645
Norway,2010,0.901,-2.567
Norway,2011,0.901,-2.567
Norway,2012,0.901,-2.567
Norway,2013,0.897,-2.031
Norway,2014,0.9,-2.031
Norway,2015,0.904,-2.031
Norway,2016,0.891,-2.031
Norway,2017,0.888,-1.495
Norway,2018,0.883,-1.495
Norway,2019,0.889,-1.495
Norway,2020,0.888,-1.495
Norway,2021,0.892,-2.111
Norway,2022,0.892,-2.111
Norway,2023,0.89,-2.111
Norway,2024,0.889,-2.111
Norway,2025,0.89,-2.111
Oman,1789,NA,NA
Oman,1790,NA,NA
Oman,1791,NA,NA
Oman,1792,NA,NA
Oman,1793,NA,NA
Oman,1794,NA,NA
Oman,1795,NA,NA
Oman,1796,NA,NA
Oman,1797,NA,NA
Oman,1798,NA,NA
Oman,1799,NA,NA
Oman,1800,NA,NA
Oman,1801,NA,NA
Oman,1802,NA,NA
Oman,1803,NA,NA
Oman,1804,NA,NA
Oman,1805,NA,NA
Oman,1806,NA,NA
Oman,1807,NA,NA
Oman,1808,NA,NA
Oman,1809,NA,NA
Oman,1810,NA,NA
Oman,1811,NA,NA
Oman,1812,NA,NA
Oman,1813,NA,NA
Oman,1814,NA,NA
Oman,1815,NA,NA
Oman,1816,NA,NA
Oman,1817,NA,NA
Oman,1818,NA,NA
Oman,1819,NA,NA
Oman,1820,NA,NA
Oman,1821,NA,NA
Oman,1822,NA,NA
Oman,1823,NA,NA
Oman,1824,NA,NA
Oman,1825,NA,NA
Oman,1826,NA,NA
Oman,1827,NA,NA
Oman,1828,NA,NA
Oman,1829,NA,NA
Oman,1830,NA,NA
Oman,1831,NA,NA
Oman,1832,NA,NA
Oman,1833,NA,NA
Oman,1834,NA,NA
Oman,1835,NA,NA
Oman,1836,NA,NA
Oman,1837,NA,NA
Oman,1838,NA,NA
Oman,1839,NA,NA
Oman,1840,NA,NA
Oman,1841,NA,NA
Oman,1842,NA,NA
Oman,1843,NA,NA
Oman,1844,NA,NA
Oman,1845,NA,NA
Oman,1846,NA,NA
Oman,1847,NA,NA
Oman,1848,NA,NA
Oman,1849,NA,NA
Oman,1850,NA,NA
Oman,1851,NA,NA
Oman,1852,NA,NA
Oman,1853,NA,NA
Oman,1854,NA,NA
Oman,1855,NA,NA
Oman,1856,NA,NA
Oman,1857,NA,NA
Oman,1858,NA,NA
Oman,1859,NA,NA
Oman,1860,NA,NA
Oman,1861,NA,NA
Oman,1862,NA,NA
Oman,1863,NA,NA
Oman,1864,NA,NA
Oman,1865,NA,NA
Oman,1866,NA,NA
Oman,1867,NA,NA
Oman,1868,NA,NA
Oman,1869,NA,NA
Oman,1870,NA,NA
Oman,1871,NA,NA
Oman,1872,NA,NA
Oman,1873,NA,NA
Oman,1874,NA,NA
Oman,1875,NA,NA
Oman,1876,NA,NA
Oman,1877,NA,NA
Oman,1878,NA,NA
Oman,1879,NA,NA
Oman,1880,NA,NA
Oman,1881,NA,NA
Oman,1882,NA,NA
Oman,1883,NA,NA
Oman,1884,NA,NA
Oman,1885,NA,NA
Oman,1886,NA,NA
Oman,1887,NA,NA
Oman,1888,NA,NA
Oman,1889,NA,NA
Oman,1890,NA,NA
Oman,1891,NA,NA
Oman,1892,NA,NA
Oman,1893,NA,NA
Oman,1894,NA,NA
Oman,1895,NA,NA
Oman,1896,NA,NA
Oman,1897,NA,NA
Oman,1898,NA,NA
Oman,1899,NA,NA
Oman,1900,0.007,-0.584
Oman,1901,0.007,-0.584
Oman,1902,0.007,-0.584
Oman,1903,0.007,-0.584
Oman,1904,0.007,-0.584
Oman,1905,0.007,-0.584
Oman,1906,0.008,-0.584
Oman,1907,0.008,-0.584
Oman,1908,0.008,-0.584
Oman,1909,0.008,-0.584
Oman,1910,0.008,-0.584
Oman,1911,0.008,-0.584
Oman,1912,0.008,-0.584
Oman,1913,0.008,-0.584
Oman,1914,0.008,-0.584
Oman,1915,0.008,-0.584
Oman,1916,0.008,-0.584
Oman,1917,0.008,-0.584
Oman,1918,0.008,-0.584
Oman,1919,0.008,-0.558
Oman,1920,0.008,-0.61
Oman,1921,0.008,-0.61
Oman,1922,0.008,-0.61
Oman,1923,0.008,-0.61
Oman,1924,0.008,-0.61
Oman,1925,0.008,-0.61
Oman,1926,0.008,-0.61
Oman,1927,0.007,-0.61
Oman,1928,0.007,-0.61
Oman,1929,0.007,-0.61
Oman,1930,0.007,-0.646
Oman,1931,0.008,-0.646
Oman,1932,0.008,-0.758
Oman,1933,0.008,-0.758
Oman,1934,0.008,-0.758
Oman,1935,0.009,-0.758
Oman,1936,0.009,-0.758
Oman,1937,0.009,-0.758
Oman,1938,0.009,-0.758
Oman,1939,0.009,-0.758
Oman,1940,0.009,-0.758
Oman,1941,0.009,-0.758
Oman,1942,0.009,-0.758
Oman,1943,0.009,-0.758
Oman,1944,0.009,-0.758
Oman,1945,0.009,-0.758
Oman,1946,0.009,-0.758
Oman,1947,0.009,-0.758
Oman,1948,0.008,-0.758
Oman,1949,0.008,-0.758
Oman,1950,0.008,-0.758
Oman,1951,0.008,-0.758
Oman,1952,0.008,-0.758
Oman,1953,0.008,-0.758
Oman,1954,0.007,-0.758
Oman,1955,0.007,-0.758
Oman,1956,0.007,-0.758
Oman,1957,0.007,-0.613
Oman,1958,0.007,-0.613
Oman,1959,0.007,-0.613
Oman,1960,0.007,-0.613
Oman,1961,0.007,-0.613
Oman,1962,0.007,-0.613
Oman,1963,0.007,-0.613
Oman,1964,0.007,-0.613
Oman,1965,0.007,-0.268
Oman,1966,0.007,-0.268
Oman,1967,0.007,-0.268
Oman,1968,0.007,-0.268
Oman,1969,0.007,-0.268
Oman,1970,0.012,-0.361
Oman,1971,0.012,-0.361
Oman,1972,0.013,-0.361
Oman,1973,0.013,-0.361
Oman,1974,0.013,-0.361
Oman,1975,0.013,-0.361
Oman,1976,0.013,-2.825
Oman,1977,0.015,-2.825
Oman,1978,0.015,-2.972
Oman,1979,0.015,-2.972
Oman,1980,0.015,-2.972
Oman,1981,0.015,-2.972
Oman,1982,0.015,-2.972
Oman,1983,0.015,-2.52
Oman,1984,0.015,-2.52
Oman,1985,0.015,-2.52
Oman,1986,0.015,-2.52
Oman,1987,0.015,-2.52
Oman,1988,0.015,-2.52
Oman,1989,0.015,-2.52
Oman,1990,0.014,-2.52
Oman,1991,0.014,-2.52
Oman,1992,0.014,-2.52
Oman,1993,0.014,-2.52
Oman,1994,0.015,-2.52
Oman,1995,0.015,-2.52
Oman,1996,0.015,-2.52
Oman,1997,0.015,-2.52
Oman,1998,0.017,-2.52
Oman,1999,0.017,-2.52
Oman,2000,0.051,-2.52
Oman,2001,0.101,-2.52
Oman,2002,0.148,-2.52
Oman,2003,0.151,-2.52
Oman,2004,0.156,-2.52
Oman,2005,0.156,-2.52
Oman,2006,0.157,-2.52
Oman,2007,0.157,-2.52
Oman,2008,0.157,-2.52
Oman,2009,0.157,-2.52
Oman,2010,0.156,-2.52
Oman,2011,0.167,-1.598
Oman,2012,0.171,-1.598
Oman,2013,0.171,-1.598
Oman,2014,0.172,-1.598
Oman,2015,0.172,-1.405
Oman,2016,0.175,-1.405
Oman,2017,0.176,-1.405
Oman,2018,0.176,-1.405
Oman,2019,0.176,-1.405
Oman,2020,0.174,-2.988
Oman,2021,0.174,-2.988
Oman,2022,0.172,-3.188
Oman,2023,0.172,-2.974
Oman,2024,0.175,-2.974
Oman,2025,0.175,-2.974
Paraguay,1811,0.042,NA
Paraguay,1812,0.042,NA
Paraguay,1813,0.042,NA
Paraguay,1814,0.036,NA
Paraguay,1815,0.036,NA
Paraguay,1816,0.036,NA
Paraguay,1817,0.036,NA
Paraguay,1818,0.036,NA
Paraguay,1819,0.036,NA
Paraguay,1820,0.036,NA
Paraguay,1821,0.036,NA
Paraguay,1822,0.036,NA
Paraguay,1823,0.036,NA
Paraguay,1824,0.036,NA
Paraguay,1825,0.036,NA
Paraguay,1826,0.036,NA
Paraguay,1827,0.036,NA
Paraguay,1828,0.036,NA
Paraguay,1829,0.036,NA
Paraguay,1830,0.036,NA
Paraguay,1831,0.036,NA
Paraguay,1832,0.036,NA
Paraguay,1833,0.036,NA
Paraguay,1834,0.036,NA
Paraguay,1835,0.036,NA
Paraguay,1836,0.036,NA
Paraguay,1837,0.036,NA
Paraguay,1838,0.036,NA
Paraguay,1839,0.036,NA
Paraguay,1840,0.036,NA
Paraguay,1841,0.041,NA
Paraguay,1842,0.039,NA
Paraguay,1843,0.039,NA
Paraguay,1844,0.07,NA
Paraguay,1845,0.07,NA
Paraguay,1846,0.07,NA
Paraguay,1847,0.07,NA
Paraguay,1848,0.07,NA
Paraguay,1849,0.07,NA
Paraguay,1850,0.07,NA
Paraguay,1851,0.07,NA
Paraguay,1852,0.07,NA
Paraguay,1853,0.07,NA
Paraguay,1854,0.07,NA
Paraguay,1855,0.07,NA
Paraguay,1856,0.061,NA
Paraguay,1857,0.061,NA
Paraguay,1858,0.061,NA
Paraguay,1859,0.061,NA
Paraguay,1860,0.061,NA
Paraguay,1861,0.061,NA
Paraguay,1862,0.066,NA
Paraguay,1863,0.076,NA
Paraguay,1864,0.071,NA
Paraguay,1865,0.071,NA
Paraguay,1866,0.071,NA
Paraguay,1867,0.071,NA
Paraguay,1868,0.071,NA
Paraguay,1869,0.048,NA
Paraguay,1870,0.076,NA
Paraguay,1871,0.146,NA
Paraguay,1872,0.146,NA
Paraguay,1873,0.146,NA
Paraguay,1874,0.145,NA
Paraguay,1875,0.141,NA
Paraguay,1876,0.145,NA
Paraguay,1877,0.176,NA
Paraguay,1878,0.176,NA
Paraguay,1879,0.176,NA
Paraguay,1880,0.177,NA
Paraguay,1881,0.171,NA
Paraguay,1882,0.171,NA
Paraguay,1883,0.179,NA
Paraguay,1884,0.179,NA
Paraguay,1885,0.179,NA
Paraguay,1886,0.18,NA
Paraguay,1887,0.198,NA
Paraguay,1888,0.198,NA
Paraguay,1889,0.198,NA
Paraguay,1890,0.202,NA
Paraguay,1891,0.209,NA
Paraguay,1892,0.21,NA
Paraguay,1893,0.21,NA
Paraguay,1894,0.206,NA
Paraguay,1895,0.213,NA
Paraguay,1896,0.209,NA
Paraguay,1897,0.209,NA
Paraguay,1898,0.213,NA
Paraguay,1899,0.213,NA
Paraguay,1900,0.213,1.921
Paraguay,1901,0.213,1.921
Paraguay,1902,0.213,1.921
Paraguay,1903,0.213,1.921
Paraguay,1904,0.209,1.921
Paraguay,1905,0.207,1.921
Paraguay,1906,0.207,1.921
Paraguay,1907,0.207,1.921
Paraguay,1908,0.175,1.921
Paraguay,1909,0.207,1.921
Paraguay,1910,0.207,1.921
Paraguay,1911,0.195,1.921
Paraguay,1912,0.197,1.921
Paraguay,1913,0.209,1.921
Paraguay,1914,0.209,1.921
Paraguay,1915,0.21,1.921
Paraguay,1916,0.21,1.921
Paraguay,1917,0.21,1.921
Paraguay,1918,0.21,1.921
Paraguay,1919,0.21,1.921
Paraguay,1920,0.21,1.921
Paraguay,1921,0.21,1.921
Paraguay,1922,0.209,1.921
Paraguay,1923,0.209,1.921
Paraguay,1924,0.217,1.921
Paraguay,1925,0.217,1.921
Paraguay,1926,0.217,1.921
Paraguay,1927,0.217,1.921
Paraguay,1928,0.217,1.921
Paraguay,1929,0.217,1.921
Paraguay,1930,0.215,1.424
Paraguay,1931,0.215,1.424
Paraguay,1932,0.209,1.424
Paraguay,1933,0.209,1.782
Paraguay,1934,0.209,1.782
Paraguay,1935,0.209,1.782
Paraguay,1936,0.14,2.377
Paraguay,1937,0.159,2.177
Paraguay,1938,0.196,2.177
Paraguay,1939,0.198,2.177
Paraguay,1940,0.114,2.177
Paraguay,1941,0.104,2.546
Paraguay,1942,0.104,2.546
Paraguay,1943,0.121,2.546
Paraguay,1944,0.141,2.546
Paraguay,1945,0.141,2.546
Paraguay,1946,0.144,2.546
Paraguay,1947,0.128,2.546
Paraguay,1948,0.143,1.357
Paraguay,1949,0.155,1.357
Paraguay,1950,0.154,1.357
Paraguay,1951,0.154,1.357
Paraguay,1952,0.154,1.357
Paraguay,1953,0.153,1.357
Paraguay,1954,0.127,1.203
Paraguay,1955,0.118,0.787
Paraguay,1956,0.118,0.787
Paraguay,1957,0.118,0.787
Paraguay,1958,0.117,0.787
Paraguay,1959,0.095,0.787
Paraguay,1960,0.084,0.787
Paraguay,1961,0.116,0.787
Paraguay,1962,0.149,0.787
Paraguay,1963,0.156,0.787
Paraguay,1964,0.159,0.787
Paraguay,1965,0.159,0.787
Paraguay,1966,0.159,0.787
Paraguay,1967,0.159,0.787
Paraguay,1968,0.159,0.568
Paraguay,1969,0.161,0.568
Paraguay,1970,0.161,0.568
Paraguay,1971,0.161,0.568
Paraguay,1972,0.161,0.568
Paraguay,1973,0.161,0.568
Paraguay,1974,0.161,0.568
Paraguay,1975,0.161,0.568
Paraguay,1976,0.161,0.568
Paraguay,1977,0.16,0.568
Paraguay,1978,0.16,0.568
Paraguay,1979,0.16,0.568
Paraguay,1980,0.162,0.568
Paraguay,1981,0.162,0.568
Paraguay,1982,0.162,0.568
Paraguay,1983,0.163,0.568
Paraguay,1984,0.163,0.568
Paraguay,1985,0.164,0.568
Paraguay,1986,0.164,0.568
Paraguay,1987,0.166,0.568
Paraguay,1988,0.167,0.568
Paraguay,1989,0.191,0.624
Paraguay,1990,0.384,-0.57
Paraguay,1991,0.401,-0.57
Paraguay,1992,0.481,-1.156
Paraguay,1993,0.512,-1.156
Paraguay,1994,0.518,-1.156
Paraguay,1995,0.518,-1.156
Paraguay,1996,0.523,-1.156
Paraguay,1997,0.527,-1.156
Paraguay,1998,0.532,-1.156
Paraguay,1999,0.535,-1.077
Paraguay,2000,0.54,-1.138
Paraguay,2001,0.54,-1.138
Paraguay,2002,0.54,-1.138
Paraguay,2003,0.565,-1.223
Paraguay,2004,0.595,-1.223
Paraguay,2005,0.595,-1.223
Paraguay,2006,0.595,-1.223
Paraguay,2007,0.595,-1.223
Paraguay,2008,0.62,-1.154
Paraguay,2009,0.631,-1.217
Paraguay,2010,0.639,-1.217
Paraguay,2011,0.63,-1.217
Paraguay,2012,0.608,-1.054
Paraguay,2013,0.585,-1.139
Paraguay,2014,0.595,-1.213
Paraguay,2015,0.593,-1.213
Paraguay,2016,0.589,-1.213
Paraguay,2017,0.596,-1.069
Paraguay,2018,0.583,-1.156
Paraguay,2019,0.585,-1.217
Paraguay,2020,0.578,-0.911
Paraguay,2021,0.578,-0.705
Paraguay,2022,0.578,-1.23
Paraguay,2023,0.576,-0.927
Paraguay,2024,0.581,-0.725
Paraguay,2025,0.581,-1.271
Romania,1789,NA,NA
Romania,1790,NA,NA
Romania,1791,NA,NA
Romania,1792,NA,NA
Romania,1793,NA,NA
Romania,1794,NA,NA
Romania,1795,NA,NA
Romania,1796,NA,NA
Romania,1797,NA,NA
Romania,1798,NA,NA
Romania,1799,NA,NA
Romania,1800,NA,NA
Romania,1801,NA,NA
Romania,1802,NA,NA
Romania,1803,NA,NA
Romania,1804,NA,NA
Romania,1805,NA,NA
Romania,1806,NA,NA
Romania,1807,NA,NA
Romania,1808,NA,NA
Romania,1809,NA,NA
Romania,1810,NA,NA
Romania,1811,NA,NA
Romania,1812,NA,NA
Romania,1813,NA,NA
Romania,1814,NA,NA
Romania,1815,NA,NA
Romania,1816,NA,NA
Romania,1817,NA,NA
Romania,1818,NA,NA
Romania,1819,NA,NA
Romania,1820,NA,NA
Romania,1821,NA,NA
Romania,1822,NA,NA
Romania,1823,NA,NA
Romania,1824,NA,NA
Romania,1825,NA,NA
Romania,1826,NA,NA
Romania,1827,NA,NA
Romania,1828,NA,NA
Romania,1829,NA,NA
Romania,1830,NA,NA
Romania,1831,0.076,NA
Romania,1832,0.036,NA
Romania,1833,0.036,NA
Romania,1834,0.036,NA
Romania,1835,0.036,NA
Romania,1836,0.04,NA
Romania,1837,0.036,NA
Romania,1838,0.036,NA
Romania,1839,0.036,NA
Romania,1840,0.036,NA
Romania,1841,0.04,NA
Romania,1842,0.036,NA
Romania,1843,0.036,NA
Romania,1844,0.036,NA
Romania,1845,0.036,NA
Romania,1846,0.041,NA
Romania,1847,0.037,NA
Romania,1848,0.037,NA
Romania,1849,0.037,NA
Romania,1850,0.037,NA
Romania,1851,0.037,NA
Romania,1852,0.037,NA
Romania,1853,0.037,NA
Romania,1854,0.037,NA
Romania,1855,0.037,NA
Romania,1856,0.037,NA
Romania,1857,0.037,NA
Romania,1858,0.053,NA
Romania,1859,0.092,NA
Romania,1860,0.154,NA
Romania,1861,0.172,NA
Romania,1862,0.184,NA
Romania,1863,0.184,NA
Romania,1864,0.208,NA
Romania,1865,0.197,NA
Romania,1866,0.186,NA
Romania,1867,0.217,NA
Romania,1868,0.217,NA
Romania,1869,0.216,NA
Romania,1870,0.225,NA
Romania,1871,0.216,NA
Romania,1872,0.216,NA
Romania,1873,0.216,NA
Romania,1874,0.216,NA
Romania,1875,0.217,NA
Romania,1876,0.217,NA
Romania,1877,0.217,NA
Romania,1878,0.217,NA
Romania,1879,0.22,NA
Romania,1880,0.22,NA
Romania,1881,0.22,NA
Romania,1882,0.22,NA
Romania,1883,0.219,NA
Romania,1884,0.219,NA
Romania,1885,0.219,NA
Romania,1886,0.219,NA
Romania,1887,0.219,NA
Romania,1888,0.218,NA
Romania,1889,0.218,NA
Romania,1890,0.218,NA
Romania,1891,0.219,NA
Romania,1892,0.219,NA
Romania,1893,0.219,NA
Romania,1894,0.219,NA
Romania,1895,0.219,NA
Romania,1896,0.219,NA
Romania,1897,0.219,NA
Romania,1898,0.219,NA
Romania,1899,0.219,NA
Romania,1900,0.238,-0.337
Romania,1901,0.238,-0.337
Romania,1902,0.239,-0.337
Romania,1903,0.239,-0.337
Romania,1904,0.239,-0.337
Romania,1905,0.238,-0.337
Romania,1906,0.238,-0.337
Romania,1907,0.235,-0.233
Romania,1908,0.24,-0.233
Romania,1909,0.24,-0.233
Romania,1910,0.24,-0.233
Romania,1911,0.238,-0.233
Romania,1912,0.239,-0.233
Romania,1913,0.239,-0.233
Romania,1914,0.237,-0.721
Romania,1915,0.237,-0.721
Romania,1916,0.232,-0.721
Romania,1917,0.232,-0.721
Romania,1918,0.23,-0.721
Romania,1919,0.239,-0.625
Romania,1920,0.235,-0.336
Romania,1921,0.236,-0.336
Romania,1922,0.233,-0.336
Romania,1923,0.233,-0.336
Romania,1924,0.223,-0.226
Romania,1925,0.227,-0.226
Romania,1926,0.231,-0.226
Romania,1927,0.235,-0.226
Romania,1928,0.235,-0.226
Romania,1929,0.238,-0.226
Romania,1930,0.221,0.106
Romania,1931,0.221,0.106
Romania,1932,0.22,0.106
Romania,1933,0.216,0.261
Romania,1934,0.218,0.261
Romania,1935,0.218,0.862
Romania,1936,0.218,0.862
Romania,1937,0.208,1.67
Romania,1938,0.13,1.67
Romania,1939,0.128,1.67
Romania,1940,0.113,1.851
Romania,1941,0.113,1.851
Romania,1942,0.113,1.851
Romania,1943,0.113,1.851
Romania,1944,0.106,1.851
Romania,1945,0.134,1.851
Romania,1946,0.133,1.851
Romania,1947,0.146,1.851
Romania,1948,0.137,1.851
Romania,1949,0.135,1.851
Romania,1950,0.134,1.851
Romania,1951,0.134,1.851
Romania,1952,0.136,1.851
Romania,1953,0.151,1.553
Romania,1954,0.151,1.553
Romania,1955,0.151,1.553
Romania,1956,0.151,1.553
Romania,1957,0.154,1.553
Romania,1958,0.154,1.553
Romania,1959,0.154,1.553
Romania,1960,0.154,1.317
Romania,1961,0.186,1.317
Romania,1962,0.187,1.317
Romania,1963,0.187,1.317
Romania,1964,0.187,1.122
Romania,1965,0.187,1.122
Romania,1966,0.186,1.122
Romania,1967,0.186,1.122
Romania,1968,0.186,0.928
Romania,1969,0.186,0.928
Romania,1970,0.186,0.928
Romania,1971,0.186,0.928
Romania,1972,0.186,1.129
Romania,1973,0.186,1.129
Romania,1974,0.186,1.129
Romania,1975,0.186,1.129
Romania,1976,0.186,1.129
Romania,1977,0.186,1.129
Romania,1978,0.186,1.129
Romania,1979,0.186,1.875
Romania,1980,0.186,1.875
Romania,1981,0.186,1.875
Romania,1982,0.186,1.875
Romania,1983,0.186,1.875
Romania,1984,0.186,1.875
Romania,1985,0.186,1.875
Romania,1986,0.185,1.875
Romania,1987,0.185,1.875
Romania,1988,0.185,1.875
Romania,1989,0.185,1.875
Romania,1990,0.522,1.144
Romania,1991,0.545,1.144
Romania,1992,0.553,0.634
Romania,1993,0.562,0.496
Romania,1994,0.562,0.496
Romania,1995,0.562,0.496
Romania,1996,0.573,0.496
Romania,1997,0.619,0.336
Romania,1998,0.619,0.336
Romania,1999,0.619,0.796
Romania,2000,0.611,-0.053
Romania,2001,0.597,0.058
Romania,2002,0.597,0.058
Romania,2003,0.609,0.058
Romania,2004,0.592,0.058
Romania,2005,0.61,0.271
Romania,2006,0.611,0.271
Romania,2007,0.609,0.271
Romania,2008,0.621,0.271
Romania,2009,0.666,0.271
Romania,2010,0.68,0.271
Romania,2011,0.684,0.271
Romania,2012,0.674,0.271
Romania,2013,0.672,0.185
Romania,2014,0.676,0.185
Romania,2015,0.716,0.185
Romania,2016,0.733,0.185
Romania,2017,0.695,0.185
Romania,2018,0.692,0.185
Romania,2019,0.75,0.219
Romania,2020,0.805,0.333
Romania,2021,0.766,0.922
Romania,2022,0.691,1.129
Romania,2023,0.677,0.92
Romania,2024,0.628,2.553
Romania,2025,0.605,2.553
Sao Tome and Principe,1900,0.025,-0.131
Sao Tome and Principe,1901,0.025,-0.131
Sao Tome and Principe,1902,0.025,-0.131
Sao Tome and Principe,1903,0.025,-0.131
Sao Tome and Principe,1904,0.025,-0.131
Sao Tome and Principe,1905,0.025,-0.131
Sao Tome and Principe,1906,0.025,-0.131
Sao Tome and Principe,1907,0.025,-0.131
Sao Tome and Principe,1908,0.025,-0.131
Sao Tome and Principe,1909,0.025,-0.131
Sao Tome and Principe,1910,0.025,-0.131
Sao Tome and Principe,1911,0.037,-0.131
Sao Tome and Principe,1912,0.037,-0.131
Sao Tome and Principe,1913,0.037,-0.131
Sao Tome and Principe,1914,0.037,-0.131
Sao Tome and Principe,1915,0.037,-0.131
Sao Tome and Principe,1916,0.037,-0.131
Sao Tome and Principe,1917,0.037,-0.131
Sao Tome and Principe,1918,0.037,-0.131
Sao Tome and Principe,1919,0.037,-0.131
Sao Tome and Principe,1920,0.037,0.367
Sao Tome and Principe,1921,0.037,0.367
Sao Tome and Principe,1922,0.037,0.367
Sao Tome and Principe,1923,0.037,0.367
Sao Tome and Principe,1924,0.037,0.367
Sao Tome and Principe,1925,0.037,0.367
Sao Tome and Principe,1926,0.033,0.367
Sao Tome and Principe,1927,0.026,0.367
Sao Tome and Principe,1928,0.026,0.367
Sao Tome and Principe,1929,0.026,0.367
Sao Tome and Principe,1930,0.026,0.367
Sao Tome and Principe,1931,0.026,0.367
Sao Tome and Principe,1932,0.026,0.367
Sao Tome and Principe,1933,0.026,0.367
Sao Tome and Principe,1934,0.026,0.367
Sao Tome and Principe,1935,0.026,0.367
Sao Tome and Principe,1936,0.026,0.367
Sao Tome and Principe,1937,0.026,0.367
Sao Tome and Principe,1938,0.026,0.367
Sao Tome and Principe,1939,0.026,0.367
Sao Tome and Principe,1940,0.028,0.367
Sao Tome and Principe,1941,0.028,0.367
Sao Tome and Principe,1942,0.028,0.367
Sao Tome and Principe,1943,0.028,0.367
Sao Tome and Principe,1944,0.028,0.367
Sao Tome and Principe,1945,0.028,0.367
Sao Tome and Principe,1946,0.028,0.367
Sao Tome and Principe,1947,0.028,0.367
Sao Tome and Principe,1948,0.028,0.367
Sao Tome and Principe,1949,0.028,0.367
Sao Tome and Principe,1950,0.028,0.367
Sao Tome and Principe,1951,0.028,0.367
Sao Tome and Principe,1952,0.028,0.367
Sao Tome and Principe,1953,0.026,0.367
Sao Tome and Principe,1954,0.028,0.367
Sao Tome and Principe,1955,0.028,0.367
Sao Tome and Principe,1956,0.028,0.367
Sao Tome and Principe,1957,0.028,0.367
Sao Tome and Principe,1958,0.028,0.367
Sao Tome and Principe,1959,0.028,0.367
Sao Tome and Principe,1960,0.028,0.367
Sao Tome and Principe,1961,0.028,0.367
Sao Tome and Principe,1962,0.028,0.367
Sao Tome and Principe,1963,0.028,0.367
Sao Tome and Principe,1964,0.028,0.367
Sao Tome and Principe,1965,0.028,0.367
Sao Tome and Principe,1966,0.028,0.367
Sao Tome and Principe,1967,0.028,0.367
Sao Tome and Principe,1968,0.028,0.367
Sao Tome and Principe,1969,0.028,0.367
Sao Tome and Principe,1970,0.028,0.367
Sao Tome and Principe,1971,0.028,0.367
Sao Tome and Principe,1972,0.041,0.367
Sao Tome and Principe,1973,0.041,0.367
Sao Tome and Principe,1974,0.041,0.367
Sao Tome and Principe,1975,0.155,-0.672
Sao Tome and Principe,1976,0.158,-1.72
Sao Tome and Principe,1977,0.158,-1.72
Sao Tome and Principe,1978,0.158,-1.72
Sao Tome and Principe,1979,0.158,-1.72
Sao Tome and Principe,1980,0.158,-2.029
Sao Tome and Principe,1981,0.158,-2.029
Sao Tome and Principe,1982,0.158,-2.029
Sao Tome and Principe,1983,0.158,-2.029
Sao Tome and Principe,1984,0.158,-2.029
Sao Tome and Principe,1985,0.158,-2.029
Sao Tome and Principe,1986,0.158,-2.029
Sao Tome and Principe,1987,0.189,-2.029
Sao Tome and Principe,1988,0.189,-2.029
Sao Tome and Principe,1989,0.189,-2.029
Sao Tome and Principe,1990,0.234,-2.158
Sao Tome and Principe,1991,0.54,-2.219
Sao Tome and Principe,1992,0.623,-2.219
Sao Tome and Principe,1993,0.631,-2.219
Sao Tome and Principe,1994,0.633,-2.219
Sao Tome and Principe,1995,0.64,-2.219
Sao Tome and Principe,1996,0.626,-2.219
Sao Tome and Principe,1997,0.614,-2.219
Sao Tome and Principe,1998,0.618,-2.219
Sao Tome and Principe,1999,0.642,-2.219
Sao Tome and Principe,2000,0.642,-2.219
Sao Tome and Principe,2001,0.644,-2.219
Sao Tome and Principe,2002,0.637,-2.219
Sao Tome and Principe,2003,0.637,-2.219
Sao Tome and Principe,2004,0.637,-2.219
Sao Tome and Principe,2005,0.641,-2.219
Sao Tome and Principe,2006,0.642,-2.219
Sao Tome and Principe,2007,0.643,-2.219
Sao Tome and Principe,2008,0.643,-2.219
Sao Tome and Principe,2009,0.643,-2.219
Sao Tome and Principe,2010,0.653,-2.219
Sao Tome and Principe,2011,0.657,-2.219
Sao Tome and Principe,2012,0.654,-2.219
Sao Tome and Principe,2013,0.655,-2.219
Sao Tome and Principe,2014,0.657,-2.219
Sao Tome and Principe,2015,0.664,-2.219
Sao Tome and Principe,2016,0.658,-2.219
Sao Tome and Principe,2017,0.647,-2.132
Sao Tome and Principe,2018,0.65,-2.132
Sao Tome and Principe,2019,0.67,-2.132
Sao Tome and Principe,2020,0.66,-2.132
Sao Tome and Principe,2021,0.657,-2.751
Sao Tome and Principe,2022,0.65,-2.372
Sao Tome and Principe,2023,0.644,-2.372
Sao Tome and Principe,2024,0.632,-2.372
Sao Tome and Principe,2025,0.632,-2.372
Saudi Arabia,1789,0.016,NA
Saudi Arabia,1790,0.016,NA
Saudi Arabia,1791,0.016,NA
Saudi Arabia,1792,0.016,NA
Saudi Arabia,1793,0.016,NA
Saudi Arabia,1794,0.016,NA
Saudi Arabia,1795,0.016,NA
Saudi Arabia,1796,0.016,NA
Saudi Arabia,1797,0.016,NA
Saudi Arabia,1798,0.016,NA
Saudi Arabia,1799,0.016,NA
Saudi Arabia,1800,0.016,NA
Saudi Arabia,1801,0.016,NA
Saudi Arabia,1802,0.016,NA
Saudi Arabia,1803,0.016,NA
Saudi Arabia,1804,0.016,NA
Saudi Arabia,1805,0.016,NA
Saudi Arabia,1806,0.016,NA
Saudi Arabia,1807,0.016,NA
Saudi Arabia,1808,0.016,NA
Saudi Arabia,1809,0.016,NA
Saudi Arabia,1810,0.016,NA
Saudi Arabia,1811,0.016,NA
Saudi Arabia,1812,0.016,NA
Saudi Arabia,1813,0.016,NA
Saudi Arabia,1814,0.016,NA
Saudi Arabia,1815,0.016,NA
Saudi Arabia,1816,0.016,NA
Saudi Arabia,1817,0.016,NA
Saudi Arabia,1818,0.016,NA
Saudi Arabia,1822,0.01,NA
Saudi Arabia,1823,0.01,NA
Saudi Arabia,1824,0.01,NA
Saudi Arabia,1825,0.01,NA
Saudi Arabia,1826,0.01,NA
Saudi Arabia,1827,0.01,NA
Saudi Arabia,1828,0.01,NA
Saudi Arabia,1829,0.01,NA
Saudi Arabia,1830,0.01,NA
Saudi Arabia,1831,0.01,NA
Saudi Arabia,1832,0.01,NA
Saudi Arabia,1833,0.01,NA
Saudi Arabia,1834,0.01,NA
Saudi Arabia,1835,0.01,NA
Saudi Arabia,1836,0.01,NA
Saudi Arabia,1837,0.01,NA
Saudi Arabia,1838,0.01,NA
Saudi Arabia,1839,0.01,NA
Saudi Arabia,1840,0.01,NA
Saudi Arabia,1841,0.01,NA
Saudi Arabia,1842,0.01,NA
Saudi Arabia,1843,0.01,NA
Saudi Arabia,1844,0.01,NA
Saudi Arabia,1845,0.01,NA
Saudi Arabia,1846,0.01,NA
Saudi Arabia,1847,0.01,NA
Saudi Arabia,1848,0.01,NA
Saudi Arabia,1849,0.01,NA
Saudi Arabia,1850,0.01,NA
Saudi Arabia,1851,0.01,NA
Saudi Arabia,1852,0.01,NA
Saudi Arabia,1853,0.01,NA
Saudi Arabia,1854,0.01,NA
Saudi Arabia,1855,0.01,NA
Saudi Arabia,1856,0.01,NA
Saudi Arabia,1857,0.01,NA
Saudi Arabia,1858,0.01,NA
Saudi Arabia,1859,0.01,NA
Saudi Arabia,1860,0.01,NA
Saudi Arabia,1861,0.01,NA
Saudi Arabia,1862,0.01,NA
Saudi Arabia,1863,0.01,NA
Saudi Arabia,1864,0.01,NA
Saudi Arabia,1865,0.01,NA
Saudi Arabia,1866,0.01,NA
Saudi Arabia,1867,0.01,NA
Saudi Arabia,1868,0.01,NA
Saudi Arabia,1869,0.01,NA
Saudi Arabia,1870,0.01,NA
Saudi Arabia,1871,0.01,NA
Saudi Arabia,1872,0.01,NA
Saudi Arabia,1873,0.01,NA
Saudi Arabia,1874,0.01,NA
Saudi Arabia,1875,0.01,NA
Saudi Arabia,1876,0.01,NA
Saudi Arabia,1877,0.01,NA
Saudi Arabia,1878,0.01,NA
Saudi Arabia,1879,0.01,NA
Saudi Arabia,1880,0.01,NA
Saudi Arabia,1881,0.01,NA
Saudi Arabia,1882,0.01,NA
Saudi Arabia,1883,0.01,NA
Saudi Arabia,1884,0.01,NA
Saudi Arabia,1885,0.01,NA
Saudi Arabia,1886,0.01,NA
Saudi Arabia,1887,0.01,NA
Saudi Arabia,1888,0.01,NA
Saudi Arabia,1889,0.01,NA
Saudi Arabia,1890,0.01,NA
Saudi Arabia,1891,0.01,NA
Saudi Arabia,1892,0.01,NA
Saudi Arabia,1893,0.01,NA
Saudi Arabia,1894,0.01,NA
Saudi Arabia,1895,0.01,NA
Saudi Arabia,1896,0.01,NA
Saudi Arabia,1897,0.01,NA
Saudi Arabia,1898,0.01,NA
Saudi Arabia,1899,0.01,NA
Saudi Arabia,1900,0.01,NA
Saudi Arabia,1901,0.01,NA
Saudi Arabia,1902,0.01,NA
Saudi Arabia,1903,0.009,NA
Saudi Arabia,1904,0.009,NA
Saudi Arabia,1905,0.009,NA
Saudi Arabia,1906,0.009,NA
Saudi Arabia,1907,0.009,NA
Saudi Arabia,1908,0.009,NA
Saudi Arabia,1909,0.009,NA
Saudi Arabia,1910,0.009,NA
Saudi Arabia,1911,0.009,NA
Saudi Arabia,1912,0.009,NA
Saudi Arabia,1913,0.009,NA
Saudi Arabia,1914,0.009,NA
Saudi Arabia,1915,0.009,NA
Saudi Arabia,1916,0.009,NA
Saudi Arabia,1917,0.009,NA
Saudi Arabia,1918,0.009,NA
Saudi Arabia,1919,0.009,NA
Saudi Arabia,1920,0.009,NA
Saudi Arabia,1921,0.009,NA
Saudi Arabia,1922,0.009,NA
Saudi Arabia,1923,0.009,NA
Saudi Arabia,1924,0.009,NA
Saudi Arabia,1925,0.009,NA
Saudi Arabia,1926,0.009,NA
Saudi Arabia,1927,0.009,NA
Saudi Arabia,1928,0.009,NA
Saudi Arabia,1929,0.009,NA
Saudi Arabia,1930,0.009,NA
Saudi Arabia,1931,0.009,NA
Saudi Arabia,1932,0.009,-1.651
Saudi Arabia,1933,0.008,-1.651
Saudi Arabia,1934,0.008,-1.651
Saudi Arabia,1935,0.008,-1.651
Saudi Arabia,1936,0.008,-1.651
Saudi Arabia,1937,0.008,-1.651
Saudi Arabia,1938,0.008,-1.651
Saudi Arabia,1939,0.008,-1.651
Saudi Arabia,1940,0.008,-1.651
Saudi Arabia,1941,0.008,-1.651
Saudi Arabia,1942,0.008,-1.651
Saudi Arabia,1943,0.008,-1.651
Saudi Arabia,1944,0.008,-1.651
Saudi Arabia,1945,0.008,-1.651
Saudi Arabia,1946,0.008,-1.651
Saudi Arabia,1947,0.008,-1.651
Saudi Arabia,1948,0.008,-1.651
Saudi Arabia,1949,0.008,-1.651
Saudi Arabia,1950,0.008,-1.651
Saudi Arabia,1951,0.008,-1.651
Saudi Arabia,1952,0.008,-1.651
Saudi Arabia,1953,0.01,-1.651
Saudi Arabia,1954,0.013,-1.482
Saudi Arabia,1955,0.013,-1.482
Saudi Arabia,1956,0.014,-1.482
Saudi Arabia,1957,0.014,-1.482
Saudi Arabia,1958,0.014,-1.482
Saudi Arabia,1959,0.014,-1.482
Saudi Arabia,1960,0.014,-1.482
Saudi Arabia,1961,0.014,-1.482
Saudi Arabia,1962,0.014,-1.482
Saudi Arabia,1963,0.014,-1.482
Saudi Arabia,1964,0.014,-1.482
Saudi Arabia,1965,0.014,-1.658
Saudi Arabia,1966,0.014,-1.658
Saudi Arabia,1967,0.014,-1.658
Saudi Arabia,1968,0.014,-1.658
Saudi Arabia,1969,0.014,-1.658
Saudi Arabia,1970,0.013,-1.658
Saudi Arabia,1971,0.013,-1.658
Saudi Arabia,1972,0.013,-1.658
Saudi Arabia,1973,0.013,-1.658
Saudi Arabia,1974,0.014,-1.658
Saudi Arabia,1975,0.013,-1.658
Saudi Arabia,1976,0.013,-1.658
Saudi Arabia,1977,0.013,-1.658
Saudi Arabia,1978,0.013,-1.658
Saudi Arabia,1979,0.014,-1.543
Saudi Arabia,1980,0.014,-1.508
Saudi Arabia,1981,0.014,-1.508
Saudi Arabia,1982,0.014,-1.508
Saudi Arabia,1983,0.014,-1.508
Saudi Arabia,1984,0.014,-1.508
Saudi Arabia,1985,0.014,-1.508
Saudi Arabia,1986,0.014,-1.508
Saudi Arabia,1987,0.014,-1.401
Saudi Arabia,1988,0.014,-1.525
Saudi Arabia,1989,0.014,-1.617
Saudi Arabia,1990,0.013,-1.491
Saudi Arabia,1991,0.013,-1.491
Saudi Arabia,1992,0.013,-1.602
Saudi Arabia,1993,0.016,-1.602
Saudi Arabia,1994,0.016,-1.602
Saudi Arabia,1995,0.015,-1.602
Saudi Arabia,1996,0.016,-1.602
Saudi Arabia,1997,0.016,-1.602
Saudi Arabia,1998,0.016,-1.602
Saudi Arabia,1999,0.016,-1.602
Saudi Arabia,2000,0.017,-1.602
Saudi Arabia,2001,0.018,-1.602
Saudi Arabia,2002,0.018,-1.602
Saudi Arabia,2003,0.018,-1.602
Saudi Arabia,2004,0.018,-1.602
Saudi Arabia,2005,0.019,-1.559
Saudi Arabia,2006,0.019,-1.281
Saudi Arabia,2007,0.019,-1.352
Saudi Arabia,2008,0.019,-1.352
Saudi Arabia,2009,0.019,-1.352
Saudi Arabia,2010,0.02,-1.352
Saudi Arabia,2011,0.02,-1.258
Saudi Arabia,2012,0.019,-1.345
Saudi Arabia,2013,0.018,-1.263
Saudi Arabia,2014,0.017,-1.263
Saudi Arabia,2015,0.016,-1.127
Saudi Arabia,2016,0.016,-1.141
Saudi Arabia,2017,0.014,-1.188
Saudi Arabia,2018,0.015,-1.188
Saudi Arabia,2019,0.015,-1.188
Saudi Arabia,2020,0.014,-1.292
Saudi Arabia,2021,0.015,-1.354
Saudi Arabia,2022,0.015,-1.695
Saudi Arabia,2023,0.014,-1.695
Saudi Arabia,2024,0.015,-1.695
Saudi Arabia,2025,0.016,-1.695
Serbia,1804,NA,NA
Serbia,1805,NA,NA
Serbia,1806,NA,NA
Serbia,1807,NA,NA
Serbia,1808,NA,NA
Serbia,1809,NA,NA
Serbia,1810,NA,NA
Serbia,1811,NA,NA
Serbia,1812,NA,NA
Serbia,1813,NA,NA
Serbia,1815,NA,NA
Serbia,1816,NA,NA
Serbia,1817,NA,NA
Serbia,1818,NA,NA
Serbia,1819,NA,NA
Serbia,1820,NA,NA
Serbia,1821,NA,NA
Serbia,1822,NA,NA
Serbia,1823,NA,NA
Serbia,1824,NA,NA
Serbia,1825,NA,NA
Serbia,1826,NA,NA
Serbia,1827,NA,NA
Serbia,1828,NA,NA
Serbia,1829,NA,NA
Serbia,1830,NA,NA
Serbia,1831,NA,NA
Serbia,1832,NA,NA
Serbia,1833,NA,NA
Serbia,1834,0.041,NA
Serbia,1835,0.042,NA
Serbia,1836,0.043,NA
Serbia,1837,0.043,NA
Serbia,1838,0.043,NA
Serbia,1839,0.043,NA
Serbia,1840,0.045,NA
Serbia,1841,0.045,NA
Serbia,1842,0.045,NA
Serbia,1843,0.045,NA
Serbia,1844,0.045,NA
Serbia,1845,0.045,NA
Serbia,1846,0.047,NA
Serbia,1847,0.047,NA
Serbia,1848,0.047,NA
Serbia,1849,0.047,NA
Serbia,1850,0.045,NA
Serbia,1851,0.045,NA
Serbia,1852,0.045,NA
Serbia,1853,0.045,NA
Serbia,1854,0.045,NA
Serbia,1855,0.045,NA
Serbia,1856,0.045,NA
Serbia,1857,0.045,NA
Serbia,1858,0.122,NA
Serbia,1859,0.123,NA
Serbia,1860,0.114,NA
Serbia,1861,0.114,NA
Serbia,1862,0.114,NA
Serbia,1863,0.114,NA
Serbia,1864,0.113,NA
Serbia,1865,0.113,NA
Serbia,1866,0.113,NA
Serbia,1867,0.113,NA
Serbia,1868,0.113,NA
Serbia,1869,0.113,NA
Serbia,1870,0.113,NA
Serbia,1871,0.113,NA
Serbia,1872,0.113,NA
Serbia,1873,0.113,NA
Serbia,1874,0.113,NA
Serbia,1875,0.116,NA
Serbia,1876,0.116,NA
Serbia,1877,0.114,NA
Serbia,1878,0.113,NA
Serbia,1879,0.113,NA
Serbia,1880,0.114,NA
Serbia,1881,0.151,NA
Serbia,1882,0.162,NA
Serbia,1883,0.16,NA
Serbia,1884,0.155,NA
Serbia,1885,0.154,NA
Serbia,1886,0.158,NA
Serbia,1887,0.161,NA
Serbia,1888,0.163,NA
Serbia,1889,0.175,NA
Serbia,1890,0.179,NA
Serbia,1891,0.179,NA
Serbia,1892,0.179,NA
Serbia,1893,0.171,NA
Serbia,1894,0.17,NA
Serbia,1895,0.173,NA
Serbia,1896,0.174,NA
Serbia,1897,0.174,NA
Serbia,1898,0.174,NA
Serbia,1899,0.174,NA
Serbia,1900,0.165,0.627
Serbia,1901,0.165,0.627
Serbia,1902,0.165,0.627
Serbia,1903,0.164,0.956
Serbia,1904,0.167,0.682
Serbia,1905,0.167,0.682
Serbia,1906,0.167,0.682
Serbia,1907,0.167,0.682
Serbia,1908,0.165,0.682
Serbia,1909,0.162,0.682
Serbia,1910,0.162,0.682
Serbia,1911,0.162,0.682
Serbia,1912,0.162,0.682
Serbia,1913,0.161,0.682
Serbia,1914,0.159,0.682
Serbia,1915,0.146,0.682
Serbia,1916,0.146,0.682
Serbia,1917,0.146,0.682
Serbia,1918,0.146,0.682
Serbia,1919,0.162,0.682
Serbia,1920,0.163,1.583
Serbia,1921,0.169,1.583
Serbia,1922,0.169,1.583
Serbia,1923,0.168,1.583
Serbia,1924,0.168,1.583
Serbia,1925,0.167,1.583
Serbia,1926,0.167,1.583
Serbia,1927,0.166,1.583
Serbia,1928,0.156,1.583
Serbia,1929,0.136,1.583
Serbia,1930,0.103,1.583
Serbia,1931,0.104,1.583
Serbia,1932,NA,1.583
Serbia,1933,NA,1.583
Serbia,1934,NA,1.583
Serbia,1935,0.14,1.583
Serbia,1936,0.141,1.583
Serbia,1937,0.141,1.583
Serbia,1938,0.141,1.583
Serbia,1939,0.146,1.771
Serbia,1940,0.128,1.771
Serbia,1941,0.094,2.681
Serbia,1942,0.056,2.681
Serbia,1943,0.053,2.681
Serbia,1944,0.053,2.681
Serbia,1945,0.049,2.681
Serbia,1946,0.092,0.381
Serbia,1947,0.091,0.381
Serbia,1948,0.09,0.381
Serbia,1949,0.09,0.381
Serbia,1950,0.094,-0.412
Serbia,1951,0.094,-0.412
Serbia,1952,0.094,-0.412
Serbia,1953,0.095,-0.412
Serbia,1954,0.093,-0.412
Serbia,1955,0.093,-0.412
Serbia,1956,0.093,-0.412
Serbia,1957,0.093,-0.412
Serbia,1958,0.092,-0.412
Serbia,1959,0.092,-0.412
Serbia,1960,0.092,-0.519
Serbia,1961,0.092,-0.519
Serbia,1962,0.092,-0.519
Serbia,1963,0.092,-0.519
Serbia,1964,0.092,-0.519
Serbia,1965,0.092,-0.519
Serbia,1966,0.092,-0.519
Serbia,1967,0.094,-0.519
Serbia,1968,0.094,-0.519
Serbia,1969,0.093,-0.519
Serbia,1970,0.094,-0.101
Serbia,1971,0.094,-0.101
Serbia,1972,0.093,-0.101
Serbia,1973,0.093,-0.101
Serbia,1974,0.091,-0.101
Serbia,1975,0.094,-0.101
Serbia,1976,0.094,-0.101
Serbia,1977,0.094,-0.101
Serbia,1978,0.094,-0.101
Serbia,1979,0.094,-0.101
Serbia,1980,0.114,-0.101
Serbia,1981,0.135,-0.101
Serbia,1982,0.135,-0.101
Serbia,1983,0.135,-0.101
Serbia,1984,0.135,-0.101
Serbia,1985,0.135,-0.101
Serbia,1986,0.135,-0.101
Serbia,1987,0.137,-0.101
Serbia,1988,0.137,-0.101
Serbia,1989,0.136,0.584
Serbia,1990,0.2,0.681
Serbia,1991,0.164,0.681
Serbia,1992,0.238,0.743
Serbia,1993,0.288,0.743
Serbia,1994,0.288,0.743
Serbia,1995,0.288,0.743
Serbia,1996,0.293,0.743
Serbia,1997,0.299,0.743
Serbia,1998,0.298,0.84
Serbia,1999,0.298,0.84
Serbia,2000,0.364,0.725
Serbia,2001,0.584,-0.047
Serbia,2002,0.61,-0.303
Serbia,2003,0.646,-0.303
Serbia,2004,0.634,-0.303
Serbia,2005,0.634,-0.303
Serbia,2006,0.633,-0.303
Serbia,2007,0.628,-0.303
Serbia,2008,0.628,-0.303
Serbia,2009,0.623,-0.303
Serbia,2010,0.61,-0.303
Serbia,2011,0.607,-0.303
Serbia,2012,0.593,-0.303
Serbia,2013,0.502,-0.254
Serbia,2014,0.44,-0.09
Serbia,2015,0.422,-0.09
Serbia,2016,0.411,-0.046
Serbia,2017,0.376,-0.046
Serbia,2018,0.354,-0.046
Serbia,2019,0.365,-0.046
Serbia,2020,0.349,0.179
Serbia,2021,0.336,1.041
Serbia,2022,0.357,0.547
Serbia,2023,0.36,1.005
Serbia,2024,0.315,1.16
Serbia,2025,0.3,1.367
Seychelles,1903,0.065,0.766
Seychelles,1904,0.065,0.766
Seychelles,1905,0.065,0.766
Seychelles,1906,0.065,0.766
Seychelles,1907,0.065,0.766
Seychelles,1908,0.065,0.766
Seychelles,1909,0.065,0.766
Seychelles,1910,0.065,0.766
Seychelles,1911,0.065,0.766
Seychelles,1912,0.065,0.766
Seychelles,1913,0.065,0.766
Seychelles,1914,0.065,0.766
Seychelles,1915,0.065,0.766
Seychelles,1916,0.065,0.766
Seychelles,1917,0.065,0.766
Seychelles,1918,0.065,0.766
Seychelles,1919,0.065,0.766
Seychelles,1920,0.065,0.766
Seychelles,1921,0.065,0.766
Seychelles,1922,0.065,0.766
Seychelles,1923,0.065,0.766
Seychelles,1924,0.065,0.766
Seychelles,1925,0.065,0.766
Seychelles,1926,0.065,0.766
Seychelles,1927,0.065,0.766
Seychelles,1928,0.065,0.766
Seychelles,1929,0.065,0.766
Seychelles,1930,0.065,0.766
Seychelles,1931,0.065,0.766
Seychelles,1932,0.065,0.766
Seychelles,1933,0.065,0.766
Seychelles,1934,0.065,0.766
Seychelles,1935,0.065,0.766
Seychelles,1936,0.065,0.766
Seychelles,1937,0.065,0.766
Seychelles,1938,0.065,0.766
Seychelles,1939,0.065,0.766
Seychelles,1940,0.065,0.766
Seychelles,1941,0.065,0.766
Seychelles,1942,0.065,0.766
Seychelles,1943,0.065,0.766
Seychelles,1944,0.065,0.766
Seychelles,1945,0.065,0.766
Seychelles,1946,0.07,0.766
Seychelles,1947,0.07,0.766
Seychelles,1948,0.089,0.766
Seychelles,1949,0.13,0.766
Seychelles,1950,0.13,0.766
Seychelles,1951,0.124,0.766
Seychelles,1952,0.124,0.766
Seychelles,1953,0.129,0.766
Seychelles,1954,0.129,0.766
Seychelles,1955,0.129,0.766
Seychelles,1956,0.129,0.766
Seychelles,1957,0.128,0.766
Seychelles,1958,0.128,0.766
Seychelles,1959,0.128,0.766
Seychelles,1960,0.128,0.766
Seychelles,1961,0.127,0.766
Seychelles,1962,0.127,0.766
Seychelles,1963,0.132,0.766
Seychelles,1964,0.156,0.766
Seychelles,1965,0.165,0.766
Seychelles,1966,0.166,0.766
Seychelles,1967,0.235,0.766
Seychelles,1968,0.237,0.766
Seychelles,1969,0.237,0.766
Seychelles,1970,0.252,0.766
Seychelles,1971,0.329,0.766
Seychelles,1972,0.315,0.766
Seychelles,1973,0.315,0.766
Seychelles,1974,0.272,0.766
Seychelles,1975,0.266,0.766
Seychelles,1976,0.289,-0.194
Seychelles,1977,0.17,0.778
Seychelles,1978,0.098,0.778
Seychelles,1979,0.15,0.778
Seychelles,1980,0.2,0.778
Seychelles,1981,0.2,0.778
Seychelles,1982,0.201,0.778
Seychelles,1983,0.201,0.778
Seychelles,1984,0.201,0.778
Seychelles,1985,0.206,0.778
Seychelles,1986,0.207,0.778
Seychelles,1987,0.207,0.778
Seychelles,1988,0.202,0.778
Seychelles,1989,0.205,0.778
Seychelles,1990,0.21,1.044
Seychelles,1991,0.218,1.044
Seychelles,1992,0.279,1.044
Seychelles,1993,0.34,0.253
Seychelles,1994,0.353,0.253
Seychelles,1995,0.362,0.253
Seychelles,1996,0.36,0.253
Seychelles,1997,0.365,0.253
Seychelles,1998,0.367,0.253
Seychelles,1999,0.368,0.253
Seychelles,2000,0.368,0.253
Seychelles,2001,0.359,0.253
Seychelles,2002,0.361,0.253
Seychelles,2003,0.396,0.253
Seychelles,2004,0.439,0.253
Seychelles,2005,0.44,0.253
Seychelles,2006,0.449,0.253
Seychelles,2007,0.474,0.253
Seychelles,2008,0.48,0.253
Seychelles,2009,0.478,0.253
Seychelles,2010,0.478,0.253
Seychelles,2011,0.479,0.253
Seychelles,2012,0.477,0.253
Seychelles,2013,0.491,0.253
Seychelles,2014,0.495,0.253
Seychelles,2015,0.518,0.253
Seychelles,2016,0.585,0.533
Seychelles,2017,0.599,0.533
Seychelles,2018,0.605,0.533
Seychelles,2019,0.621,0.533
Seychelles,2020,0.666,0.288
Seychelles,2021,0.711,0.288
Seychelles,2022,0.735,0.288
Seychelles,2023,0.728,0.288
Seychelles,2024,0.737,0.422
Seychelles,2025,0.76,0.422
Singapore,1867,NA,NA
Singapore,1868,0.089,NA
Singapore,1869,0.089,NA
Singapore,1870,0.089,NA
Singapore,1871,0.089,NA
Singapore,1872,0.089,NA
Singapore,1873,0.089,NA
Singapore,1874,0.089,NA
Singapore,1875,0.089,NA
Singapore,1876,0.089,NA
Singapore,1877,0.089,NA
Singapore,1878,0.089,NA
Singapore,1879,0.089,NA
Singapore,1880,0.089,NA
Singapore,1881,0.089,NA
Singapore,1882,0.089,NA
Singapore,1883,0.089,NA
Singapore,1884,0.089,NA
Singapore,1885,0.089,NA
Singapore,1886,0.089,NA
Singapore,1887,0.089,NA
Singapore,1888,0.089,NA
Singapore,1889,0.089,NA
Singapore,1890,0.1,NA
Singapore,1891,0.1,NA
Singapore,1892,0.1,NA
Singapore,1893,0.1,NA
Singapore,1894,0.1,NA
Singapore,1895,0.1,NA
Singapore,1896,0.1,NA
Singapore,1897,0.1,NA
Singapore,1898,0.1,NA
Singapore,1899,0.1,NA
Singapore,1900,0.1,-1.529
Singapore,1901,0.1,-1.529
Singapore,1902,0.1,-1.529
Singapore,1903,0.1,-1.529
Singapore,1904,0.1,-1.529
Singapore,1905,0.1,-1.529
Singapore,1906,0.1,-1.529
Singapore,1907,0.1,-1.529
Singapore,1908,0.1,-1.529
Singapore,1909,0.1,-1.529
Singapore,1910,0.098,-1.529
Singapore,1911,0.098,-1.529
Singapore,1912,0.098,-1.529
Singapore,1913,0.098,-1.529
Singapore,1914,0.098,-1.529
Singapore,1915,0.098,-1.529
Singapore,1916,0.098,-1.529
Singapore,1917,0.098,-1.529
Singapore,1918,0.098,-1.529
Singapore,1919,0.098,-1.529
Singapore,1920,0.098,-1.529
Singapore,1921,0.098,-1.529
Singapore,1922,0.098,-1.529
Singapore,1923,0.098,-1.529
Singapore,1924,0.098,-1.529
Singapore,1925,0.098,-1.529
Singapore,1926,0.098,-0.976
Singapore,1927,0.098,-0.976
Singapore,1928,0.098,-0.976
Singapore,1929,0.098,-0.976
Singapore,1930,0.098,-0.976
Singapore,1931,0.098,-0.976
Singapore,1932,0.098,-0.976
Singapore,1933,0.098,-0.976
Singapore,1934,0.098,-0.976
Singapore,1935,0.098,-0.976
Singapore,1936,0.098,-0.976
Singapore,1937,0.098,-0.976
Singapore,1938,0.098,-0.976
Singapore,1939,0.098,-0.976
Singapore,1940,0.098,-0.976
Singapore,1941,0.098,-1.089
Singapore,1942,0.09,-1.089
Singapore,1943,0.084,-1.089
Singapore,1944,0.084,-1.089
Singapore,1945,0.084,-1.089
Singapore,1946,0.117,-1.089
Singapore,1947,0.117,-1.089
Singapore,1948,0.174,-1.089
Singapore,1949,0.19,-1.089
Singapore,1950,0.193,-1.089
Singapore,1951,0.196,-1.089
Singapore,1952,0.197,-1.089
Singapore,1953,0.198,-1.089
Singapore,1954,0.198,-1.089
Singapore,1955,0.254,-1.089
Singapore,1956,0.278,-1.089
Singapore,1957,0.278,-1.089
Singapore,1958,0.278,-1.089
Singapore,1959,0.4,-0.482
Singapore,1960,0.408,-0.482
Singapore,1961,0.408,-0.482
Singapore,1962,0.408,-0.482
Singapore,1963,0.405,0.285
Singapore,1964,0.335,0.285
Singapore,1965,0.31,0.285
Singapore,1966,0.308,-0.21
Singapore,1967,0.308,-0.21
Singapore,1968,0.312,-0.21
Singapore,1969,0.313,-0.21
Singapore,1970,0.313,-0.21
Singapore,1971,0.313,-0.21
Singapore,1972,0.317,-0.21
Singapore,1973,0.326,-0.21
Singapore,1974,0.326,-0.21
Singapore,1975,0.326,-0.21
Singapore,1976,0.326,-0.21
Singapore,1977,0.325,-0.21
Singapore,1978,0.325,-0.21
Singapore,1979,0.325,-0.21
Singapore,1980,0.333,-0.73
Singapore,1981,0.341,-0.73
Singapore,1982,0.341,-0.73
Singapore,1983,0.341,-0.73
Singapore,1984,0.341,-0.73
Singapore,1985,0.341,-0.73
Singapore,1986,0.348,-0.73
Singapore,1987,0.352,-0.73
Singapore,1988,0.353,-0.73
Singapore,1989,0.352,-0.73
Singapore,1990,0.365,-0.96
Singapore,1991,0.368,-0.96
Singapore,1992,0.36,-0.96
Singapore,1993,0.36,-0.96
Singapore,1994,0.361,-0.96
Singapore,1995,0.361,-0.96
Singapore,1996,0.362,-0.96
Singapore,1997,0.375,-0.96
Singapore,1998,0.375,-0.96
Singapore,1999,0.371,-0.96
Singapore,2000,0.378,-0.96
Singapore,2001,0.378,-0.96
Singapore,2002,0.377,-0.96
Singapore,2003,0.377,-0.96
Singapore,2004,0.377,-0.96
Singapore,2005,0.375,-0.96
Singapore,2006,0.386,-0.96
Singapore,2007,0.384,-0.96
Singapore,2008,0.387,-0.96
Singapore,2009,0.39,-0.799
Singapore,2010,0.39,-0.799
Singapore,2011,0.403,-0.799
Singapore,2012,0.419,-1.016
Singapore,2013,0.414,-1.016
Singapore,2014,0.414,-1.016
Singapore,2015,0.416,-1.132
Singapore,2016,0.424,-1.132
Singapore,2017,0.425,-1.132
Singapore,2018,0.409,-1.132
Singapore,2019,0.403,-1.132
Singapore,2020,0.402,-0.786
Singapore,2021,0.395,-1.065
Singapore,2022,0.395,-0.963
Singapore,2023,0.405,-0.794
Singapore,2024,0.418,-1.203
Singapore,2025,0.434,-0.532
Slovakia,1939,NA,1.824
Slovakia,1940,NA,2.209
Slovakia,1941,NA,2.209
Slovakia,1942,NA,2.209
Slovakia,1943,NA,2.209
Slovakia,1944,NA,2.209
Slovakia,1993,0.75,-0.147
Slovakia,1994,0.704,0.143
Slovakia,1995,0.702,0.569
Slovakia,1996,0.702,0.569
Slovakia,1997,0.702,0.569
Slovakia,1998,0.765,-0.044
Slovakia,1999,0.844,-0.839
Slovakia,2000,0.849,-0.947
Slovakia,2001,0.849,-0.947
Slovakia,2002,0.847,-0.947
Slovakia,2003,0.843,-1.131
Slovakia,2004,0.845,-1.131
Slovakia,2005,0.845,-1.131
Slovakia,2006,0.82,-1.131
Slovakia,2007,0.835,-0.783
Slovakia,2008,0.834,-0.783
Slovakia,2009,0.835,-0.783
Slovakia,2010,0.85,-1.13
Slovakia,2011,0.851,-0.931
Slovakia,2012,0.844,-0.602
Slovakia,2013,0.835,-0.602
Slovakia,2014,0.834,-0.602
Slovakia,2015,0.838,-0.602
Slovakia,2016,0.837,-0.602
Slovakia,2017,0.835,-0.602
Slovakia,2018,0.814,-0.312
Slovakia,2019,0.841,-0.312
Slovakia,2020,0.84,-0.36
Slovakia,2021,0.839,-0.179
Slovakia,2022,0.837,0.17
Slovakia,2023,0.812,0.551
Slovakia,2024,0.746,1.061
Slovakia,2025,0.733,1.417
Slovenia,1989,0.248,0.237
Slovenia,1990,0.621,0.179
Slovenia,1991,0.815,0.128
Slovenia,1992,0.848,0.353
Slovenia,1993,0.842,0.386
Slovenia,1994,0.845,0.386
Slovenia,1995,0.839,0.211
Slovenia,1996,0.849,0.211
Slovenia,1997,0.842,0.032
Slovenia,1998,0.842,0.032
Slovenia,1999,0.837,0.032
Slovenia,2000,0.84,0.282
Slovenia,2001,0.832,0.128
Slovenia,2002,0.843,0.128
Slovenia,2003,0.841,0.128
Slovenia,2004,0.825,0.128
Slovenia,2005,0.822,0.555
Slovenia,2006,0.823,0.555
Slovenia,2007,0.826,0.555
Slovenia,2008,0.825,0.555
Slovenia,2009,0.873,0.281
Slovenia,2010,0.872,0.281
Slovenia,2011,0.863,0.281
Slovenia,2012,0.847,0.557
Slovenia,2013,0.854,0.392
Slovenia,2014,0.865,0.392
Slovenia,2015,0.873,0.392
Slovenia,2016,0.861,0.313
Slovenia,2017,0.84,0.477
Slovenia,2018,0.83,0.504
Slovenia,2019,0.814,0.504
Slovenia,2020,0.752,2.215
Slovenia,2021,0.715,2.635
Slovenia,2022,0.808,2.044
Slovenia,2023,0.76,1.958
Slovenia,2024,0.725,2.45
Slovenia,2025,0.692,2.044
Solomon Islands,1900,0.047,-1.972
Solomon Islands,1901,0.047,-1.972
Solomon Islands,1902,0.047,-1.972
Solomon Islands,1903,0.047,-1.972
Solomon Islands,1904,0.047,-1.972
Solomon Islands,1905,0.047,-1.972
Solomon Islands,1906,0.047,-1.972
Solomon Islands,1907,0.047,-1.972
Solomon Islands,1908,0.047,-1.972
Solomon Islands,1909,0.047,-1.972
Solomon Islands,1910,0.047,-1.972
Solomon Islands,1911,0.047,-1.972
Solomon Islands,1912,0.047,-1.972
Solomon Islands,1913,0.047,-1.972
Solomon Islands,1914,0.045,-1.972
Solomon Islands,1915,0.045,-1.972
Solomon Islands,1916,0.045,-1.972
Solomon Islands,1917,0.045,-1.972
Solomon Islands,1918,0.045,-1.972
Solomon Islands,1919,0.045,-1.972
Solomon Islands,1920,0.049,-1.972
Solomon Islands,1921,0.049,-1.972
Solomon Islands,1922,0.049,-1.972
Solomon Islands,1923,0.049,-1.972
Solomon Islands,1924,0.049,-1.972
Solomon Islands,1925,0.049,-1.972
Solomon Islands,1926,0.049,-1.972
Solomon Islands,1927,0.049,-1.972
Solomon Islands,1928,0.049,-1.972
Solomon Islands,1929,0.049,-1.972
Solomon Islands,1930,0.049,-1.972
Solomon Islands,1931,0.049,-1.972
Solomon Islands,1932,0.049,-1.972
Solomon Islands,1933,0.049,-1.972
Solomon Islands,1934,0.049,-1.972
Solomon Islands,1935,0.049,-1.972
Solomon Islands,1936,0.049,-1.972
Solomon Islands,1937,0.049,-1.972
Solomon Islands,1938,0.046,-1.288
Solomon Islands,1939,0.043,-1.288
Solomon Islands,1940,0.046,-1.935
Solomon Islands,1941,0.046,-1.242
Solomon Islands,1942,0.046,-1.992
Solomon Islands,1943,0.046,-1.992
Solomon Islands,1944,0.046,-1.992
Solomon Islands,1945,0.045,-1.992
Solomon Islands,1946,0.044,-1.29
Solomon Islands,1947,0.045,-1.29
Solomon Islands,1948,0.045,-1.29
Solomon Islands,1949,0.045,-1.29
Solomon Islands,1950,0.054,-1.29
Solomon Islands,1951,0.054,-1.952
Solomon Islands,1952,0.054,-1.952
Solomon Islands,1953,0.054,-1.952
Solomon Islands,1954,0.054,-1.952
Solomon Islands,1955,0.054,-1.952
Solomon Islands,1956,0.054,-1.952
Solomon Islands,1957,0.054,-1.952
Solomon Islands,1958,0.054,-1.952
Solomon Islands,1959,0.054,-1.952
Solomon Islands,1960,0.074,-1.952
Solomon Islands,1961,0.074,-1.952
Solomon Islands,1962,0.074,-1.952
Solomon Islands,1963,0.074,-1.952
Solomon Islands,1964,0.206,-1.952
Solomon Islands,1965,0.239,-1.952
Solomon Islands,1966,0.239,-1.952
Solomon Islands,1967,0.24,-1.952
Solomon Islands,1968,0.241,-1.952
Solomon Islands,1969,0.241,-1.952
Solomon Islands,1970,0.258,-2.67
Solomon Islands,1971,0.258,-2.67
Solomon Islands,1972,0.258,-2.67
Solomon Islands,1973,0.261,-2.67
Solomon Islands,1974,0.274,-2.67
Solomon Islands,1975,0.301,-2.67
Solomon Islands,1976,0.324,-2.67
Solomon Islands,1977,0.328,-2.67
Solomon Islands,1978,0.49,-2.67
Solomon Islands,1979,0.515,-2.67
Solomon Islands,1980,0.52,-2.372
Solomon Islands,1981,0.52,-2.372
Solomon Islands,1982,0.536,-2.372
Solomon Islands,1983,0.536,-2.372
Solomon Islands,1984,0.537,-2.372
Solomon Islands,1985,0.54,-2.372
Solomon Islands,1986,0.54,-2.372
Solomon Islands,1987,0.54,-2.372
Solomon Islands,1988,0.54,-2.372
Solomon Islands,1989,0.531,-2.372
Solomon Islands,1990,0.532,-2.372
Solomon Islands,1991,0.532,-2.372
Solomon Islands,1992,0.532,-2.372
Solomon Islands,1993,0.532,-2.372
Solomon Islands,1994,0.532,-2.372
Solomon Islands,1995,0.532,-1.158
Solomon Islands,1996,0.532,-1.158
Solomon Islands,1997,0.526,-1.158
Solomon Islands,1998,0.512,-0.846
Solomon Islands,1999,0.511,-0.703
Solomon Islands,2000,0.356,-0.611
Solomon Islands,2001,0.273,-0.661
Solomon Islands,2002,0.507,-0.839
Solomon Islands,2003,0.507,-0.839
Solomon Islands,2004,0.52,-0.839
Solomon Islands,2005,0.511,-0.839
Solomon Islands,2006,0.471,-1.034
Solomon Islands,2007,0.559,-1.389
Solomon Islands,2008,0.559,-1.389
Solomon Islands,2009,0.564,-1.389
Solomon Islands,2010,0.573,-1.389
Solomon Islands,2011,0.582,-1.389
Solomon Islands,2012,0.586,-1.389
Solomon Islands,2013,0.582,-1.389
Solomon Islands,2014,0.585,-1.389
Solomon Islands,2015,0.594,-1.389
Solomon Islands,2016,0.61,-1.389
Solomon Islands,2017,0.616,-1.389
Solomon Islands,2018,0.623,-1.389
Solomon Islands,2019,0.656,-1.389
Solomon Islands,2020,0.655,-1.038
Solomon Islands,2021,0.658,-0.875
Solomon Islands,2022,0.659,-0.897
Solomon Islands,2023,0.666,-0.897
Solomon Islands,2024,0.688,-0.897
Solomon Islands,2025,0.696,-1.17
Vanuatu,1900,0.073,-1.643
Vanuatu,1901,0.073,-1.643
Vanuatu,1902,0.073,-1.643
Vanuatu,1903,0.073,-1.643
Vanuatu,1904,0.073,-1.643
Vanuatu,1905,0.073,-1.643
Vanuatu,1906,0.073,-1.643
Vanuatu,1907,0.073,-1.643
Vanuatu,1908,0.073,-1.643
Vanuatu,1909,0.074,-1.643
Vanuatu,1910,0.074,-1.402
Vanuatu,1911,0.074,-1.402
Vanuatu,1912,0.074,-1.402
Vanuatu,1913,0.074,-1.402
Vanuatu,1914,0.074,-1.402
Vanuatu,1915,0.074,-1.402
Vanuatu,1916,0.074,-1.402
Vanuatu,1917,0.074,-1.402
Vanuatu,1918,0.074,-1.402
Vanuatu,1919,0.074,-1.402
Vanuatu,1920,0.074,-1.402
Vanuatu,1921,0.074,-1.402
Vanuatu,1922,0.074,-1.402
Vanuatu,1923,0.074,-1.402
Vanuatu,1924,0.074,-1.402
Vanuatu,1925,0.074,-1.402
Vanuatu,1926,0.074,-1.402
Vanuatu,1927,0.074,-1.402
Vanuatu,1928,0.074,-1.402
Vanuatu,1929,0.074,-1.402
Vanuatu,1930,0.077,-1.402
Vanuatu,1931,0.077,-1.402
Vanuatu,1932,0.077,-1.402
Vanuatu,1933,0.077,-1.402
Vanuatu,1934,0.077,-1.402
Vanuatu,1935,0.077,-1.402
Vanuatu,1936,0.077,-1.402
Vanuatu,1937,0.077,-1.402
Vanuatu,1938,0.077,-1.402
Vanuatu,1939,0.077,-1.402
Vanuatu,1940,0.08,-1.402
Vanuatu,1941,0.08,-1.402
Vanuatu,1942,0.08,-1.402
Vanuatu,1943,0.08,-1.402
Vanuatu,1944,0.08,-1.402
Vanuatu,1945,0.08,-1.402
Vanuatu,1946,0.08,-1.402
Vanuatu,1947,0.08,-1.402
Vanuatu,1948,0.08,-1.402
Vanuatu,1949,0.08,-1.402
Vanuatu,1950,0.08,-1.402
Vanuatu,1951,0.08,-1.402
Vanuatu,1952,0.08,-1.402
Vanuatu,1953,0.08,-1.402
Vanuatu,1954,0.083,-1.402
Vanuatu,1955,0.08,-1.402
Vanuatu,1956,0.08,-1.402
Vanuatu,1957,0.08,-1.402
Vanuatu,1958,0.081,-1.402
Vanuatu,1959,0.081,-1.402
Vanuatu,1960,0.081,-1.402
Vanuatu,1961,0.081,-1.402
Vanuatu,1962,0.081,-1.402
Vanuatu,1963,0.081,-1.402
Vanuatu,1964,0.081,-1.402
Vanuatu,1965,0.081,-1.402
Vanuatu,1966,0.081,-1.402
Vanuatu,1967,0.081,-1.402
Vanuatu,1968,0.081,-1.402
Vanuatu,1969,0.081,-1.402
Vanuatu,1970,0.154,-1.123
Vanuatu,1971,0.166,-1.123
Vanuatu,1972,0.166,-1.123
Vanuatu,1973,0.166,-1.123
Vanuatu,1974,0.166,-1.123
Vanuatu,1975,0.24,-1.123
Vanuatu,1976,0.306,-1.123
Vanuatu,1977,0.316,-0.856
Vanuatu,1978,0.415,-0.856
Vanuatu,1979,0.474,-0.163
Vanuatu,1980,0.699,-1.073
Vanuatu,1981,0.699,-1.216
Vanuatu,1982,0.699,-1.46
Vanuatu,1983,0.699,-1.46
Vanuatu,1984,0.699,-1.46
Vanuatu,1985,0.699,-1.46
Vanuatu,1986,0.699,-1.46
Vanuatu,1987,0.698,-1.46
Vanuatu,1988,0.69,-1.46
Vanuatu,1989,0.69,-1.46
Vanuatu,1990,0.697,-1.46
Vanuatu,1991,0.687,-1.46
Vanuatu,1992,0.615,-1.46
Vanuatu,1993,0.615,-1.46
Vanuatu,1994,0.615,-1.46
Vanuatu,1995,0.616,-1.46
Vanuatu,1996,0.618,-1.46
Vanuatu,1997,0.618,-1.46
Vanuatu,1998,0.617,-1.46
Vanuatu,1999,0.617,-1.46
Vanuatu,2000,0.619,-1.46
Vanuatu,2001,0.619,-1.46
Vanuatu,2002,0.619,-1.46
Vanuatu,2003,0.62,-1.46
Vanuatu,2004,0.615,-1.46
Vanuatu,2005,0.611,-1.46
Vanuatu,2006,0.611,-1.46
Vanuatu,2007,0.611,-1.46
Vanuatu,2008,0.653,-1.46
Vanuatu,2009,0.737,-1.46
Vanuatu,2010,0.737,-1.46
Vanuatu,2011,0.737,-1.46
Vanuatu,2012,0.738,-1.46
Vanuatu,2013,0.745,-1.46
Vanuatu,2014,0.745,-1.46
Vanuatu,2015,0.747,-1.46
Vanuatu,2016,0.771,-1.46
Vanuatu,2017,0.793,-1.46
Vanuatu,2018,0.79,-1.46
Vanuatu,2019,0.779,-1.46
Vanuatu,2020,0.78,-1.928
Vanuatu,2021,0.8,-1.928
Vanuatu,2022,0.804,-1.928
Vanuatu,2023,0.82,-1.928
Vanuatu,2024,0.8,NA
Vanuatu,2025,0.729,NA
United Arab Emirates,1971,0.016,-1.171
United Arab Emirates,1972,0.016,-1.171
United Arab Emirates,1973,0.014,-1.171
United Arab Emirates,1974,0.016,-1.318
United Arab Emirates,1975,0.016,-1.318
United Arab Emirates,1976,0.017,-1.318
United Arab Emirates,1977,0.019,-1.318
United Arab Emirates,1978,0.019,-1.318
United Arab Emirates,1979,0.019,-1.318
United Arab Emirates,1980,0.017,-1.318
United Arab Emirates,1981,0.017,-1.318
United Arab Emirates,1982,0.017,-1.318
United Arab Emirates,1983,0.018,-1.318
United Arab Emirates,1984,0.019,-1.318
United Arab Emirates,1985,0.02,-1.318
United Arab Emirates,1986,0.02,-1.318
United Arab Emirates,1987,0.023,-1.318
United Arab Emirates,1988,0.023,-1.318
United Arab Emirates,1989,0.023,-1.318
United Arab Emirates,1990,0.023,-1.318
United Arab Emirates,1991,0.022,-1.318
United Arab Emirates,1992,0.025,-1.318
United Arab Emirates,1993,0.023,-1.318
United Arab Emirates,1994,0.024,-1.318
United Arab Emirates,1995,0.027,-1.318
United Arab Emirates,1996,0.027,-1.318
United Arab Emirates,1997,0.027,-1.318
United Arab Emirates,1998,0.028,-1.318
United Arab Emirates,1999,0.028,-1.318
United Arab Emirates,2000,0.028,-1.318
United Arab Emirates,2001,0.028,-1.318
United Arab Emirates,2002,0.025,-1.318
United Arab Emirates,2003,0.025,-1.318
United Arab Emirates,2004,0.019,-1.318
United Arab Emirates,2005,0.021,-1.318
United Arab Emirates,2006,0.024,-1.318
United Arab Emirates,2007,0.071,-1.318
United Arab Emirates,2008,0.071,-1.318
United Arab Emirates,2009,0.071,-1.318
United Arab Emirates,2010,0.072,-1.113
United Arab Emirates,2011,0.081,-1.113
United Arab Emirates,2012,0.09,-1.113
United Arab Emirates,2013,0.091,-1.113
United Arab Emirates,2014,0.089,-1.113
United Arab Emirates,2015,0.095,-1.113
United Arab Emirates,2016,0.1,-1.457
United Arab Emirates,2017,0.095,-1.457
United Arab Emirates,2018,0.096,-1.457
United Arab Emirates,2019,0.102,-1.457
United Arab Emirates,2020,0.102,-1.457
United Arab Emirates,2021,0.1,-1.457
United Arab Emirates,2022,0.101,-1.457
United Arab Emirates,2023,0.102,-1.457
United Arab Emirates,2024,0.104,-1.457
United Arab Emirates,2025,0.104,-1.457
Palestine/British Mandate,1918,0.075,NA
Palestine/British Mandate,1919,0.075,NA
Palestine/British Mandate,1920,0.138,NA
Palestine/British Mandate,1921,0.138,NA
Palestine/British Mandate,1922,0.138,NA
Palestine/British Mandate,1923,0.169,NA
Palestine/British Mandate,1924,0.142,NA
Palestine/British Mandate,1925,0.142,NA
Palestine/British Mandate,1926,0.142,NA
Palestine/British Mandate,1927,0.142,NA
Palestine/British Mandate,1928,0.142,NA
Palestine/British Mandate,1929,0.142,NA
Palestine/British Mandate,1930,0.142,NA
Palestine/British Mandate,1931,0.142,NA
Palestine/British Mandate,1932,0.142,NA
Palestine/British Mandate,1933,0.142,NA
Palestine/British Mandate,1934,0.142,NA
Palestine/British Mandate,1935,0.142,NA
Palestine/British Mandate,1936,0.142,NA
Palestine/British Mandate,1937,0.142,NA
Palestine/British Mandate,1938,0.142,NA
Palestine/British Mandate,1939,0.142,NA
Palestine/British Mandate,1940,0.142,NA
Palestine/British Mandate,1941,0.142,NA
Palestine/British Mandate,1942,0.142,NA
Palestine/British Mandate,1943,0.142,NA
Palestine/British Mandate,1944,0.142,NA
Palestine/British Mandate,1945,0.142,NA
Palestine/British Mandate,1946,0.142,NA
Palestine/British Mandate,1947,0.08,NA
Palestine/British Mandate,1948,0.08,NA
Hungary,1789,0.057,NA
Hungary,1790,0.057,NA
Hungary,1791,0.057,NA
Hungary,1792,0.057,NA
Hungary,1793,0.057,NA
Hungary,1794,0.057,NA
Hungary,1795,0.056,NA
Hungary,1796,0.056,NA
Hungary,1797,0.056,NA
Hungary,1798,0.056,NA
Hungary,1799,0.056,NA
Hungary,1800,0.056,NA
Hungary,1801,0.056,NA
Hungary,1802,0.056,NA
Hungary,1803,0.056,NA
Hungary,1804,0.056,NA
Hungary,1805,0.056,NA
Hungary,1806,0.056,NA
Hungary,1807,0.056,NA
Hungary,1808,0.056,NA
Hungary,1809,0.056,NA
Hungary,1810,0.056,NA
Hungary,1811,0.056,NA
Hungary,1812,0.056,NA
Hungary,1813,0.056,NA
Hungary,1814,0.056,NA
Hungary,1815,0.056,NA
Hungary,1816,0.056,NA
Hungary,1817,0.056,NA
Hungary,1818,0.056,NA
Hungary,1819,0.056,NA
Hungary,1820,0.058,NA
Hungary,1821,0.058,NA
Hungary,1822,0.062,NA
Hungary,1823,0.062,NA
Hungary,1824,0.062,NA
Hungary,1825,0.062,NA
Hungary,1826,0.062,NA
Hungary,1827,0.062,NA
Hungary,1828,0.062,NA
Hungary,1829,0.062,NA
Hungary,1830,0.062,NA
Hungary,1831,0.062,NA
Hungary,1832,0.062,NA
Hungary,1833,0.062,NA
Hungary,1834,0.062,NA
Hungary,1835,0.062,NA
Hungary,1836,0.062,NA
Hungary,1837,0.062,NA
Hungary,1838,0.062,NA
Hungary,1839,0.062,NA
Hungary,1840,0.074,NA
Hungary,1841,0.088,NA
Hungary,1842,0.088,NA
Hungary,1843,0.088,NA
Hungary,1844,0.088,NA
Hungary,1845,0.088,NA
Hungary,1846,0.088,NA
Hungary,1847,0.088,NA
Hungary,1848,0.159,NA
Hungary,1849,0.166,NA
Hungary,1850,0.056,NA
Hungary,1851,0.056,NA
Hungary,1852,0.056,NA
Hungary,1853,0.056,NA
Hungary,1854,0.056,NA
Hungary,1855,0.056,NA
Hungary,1856,0.056,NA
Hungary,1857,0.056,NA
Hungary,1858,0.057,NA
Hungary,1859,0.057,NA
Hungary,1860,0.063,NA
Hungary,1861,0.081,NA
Hungary,1862,0.071,NA
Hungary,1863,0.071,NA
Hungary,1864,0.071,NA
Hungary,1865,0.101,NA
Hungary,1866,0.1,NA
Hungary,1867,0.198,NA
Hungary,1868,0.204,NA
Hungary,1869,0.262,NA
Hungary,1870,0.275,NA
Hungary,1871,0.275,NA
Hungary,1872,0.268,NA
Hungary,1873,0.263,NA
Hungary,1874,0.263,NA
Hungary,1875,0.267,NA
Hungary,1876,0.274,NA
Hungary,1877,0.274,NA
Hungary,1878,0.272,NA
Hungary,1879,0.269,NA
Hungary,1880,0.269,NA
Hungary,1881,0.269,NA
Hungary,1882,0.269,NA
Hungary,1883,0.269,NA
Hungary,1884,0.268,NA
Hungary,1885,0.267,NA
Hungary,1886,0.267,NA
Hungary,1887,0.268,NA
Hungary,1888,0.268,NA
Hungary,1889,0.268,NA
Hungary,1890,0.268,NA
Hungary,1891,0.268,NA
Hungary,1892,0.269,NA
Hungary,1893,0.269,NA
Hungary,1894,0.269,NA
Hungary,1895,0.269,NA
Hungary,1896,0.267,NA
Hungary,1897,0.26,NA
Hungary,1898,0.26,NA
Hungary,1899,0.26,NA
Hungary,1900,0.26,NA
Hungary,1901,0.262,NA
Hungary,1902,0.267,NA
Hungary,1903,0.267,NA
Hungary,1904,0.267,NA
Hungary,1905,0.268,NA
Hungary,1906,0.263,NA
Hungary,1907,0.26,NA
Hungary,1908,0.26,NA
Hungary,1909,0.26,NA
Hungary,1910,0.267,NA
Hungary,1911,0.272,NA
Hungary,1912,0.272,NA
Hungary,1913,0.272,NA
Hungary,1914,0.268,NA
Hungary,1915,0.268,NA
Hungary,1916,0.268,NA
Hungary,1917,0.268,NA
Hungary,1918,0.387,0.702
Hungary,1919,0.162,2.28
Hungary,1920,0.27,1.634
Hungary,1921,0.284,1.268
Hungary,1922,0.317,0.666
Hungary,1923,0.337,0.666
Hungary,1924,0.343,0.666
Hungary,1925,0.344,0.666
Hungary,1926,0.347,0.666
Hungary,1927,0.313,0.666
Hungary,1928,0.313,0.666
Hungary,1929,0.313,0.666
Hungary,1930,0.315,0.666
Hungary,1931,0.32,0.666
Hungary,1932,0.318,0.666
Hungary,1933,0.321,0.666
Hungary,1934,0.321,0.666
Hungary,1935,0.317,0.666
Hungary,1936,0.316,1.012
Hungary,1937,0.314,1.285
Hungary,1938,0.31,1.285
Hungary,1939,0.296,1.285
Hungary,1940,0.284,1.801
Hungary,1941,0.259,2.411
Hungary,1942,0.257,2.411
Hungary,1943,0.254,2.411
Hungary,1944,0.2,2.411
Hungary,1945,0.16,1.791
Hungary,1946,0.222,0.482
Hungary,1947,0.211,0.834
Hungary,1948,0.19,2.764
Hungary,1949,0.122,2.764
Hungary,1950,0.118,2.419
Hungary,1951,0.118,2.419
Hungary,1952,0.118,2.419
Hungary,1953,0.153,2.419
Hungary,1954,0.181,2.419
Hungary,1955,0.137,2.419
Hungary,1956,0.119,2.419
Hungary,1957,0.118,1.684
Hungary,1958,0.119,1.684
Hungary,1959,0.121,1.684
Hungary,1960,0.122,1.195
Hungary,1961,0.122,1.195
Hungary,1962,0.124,1.195
Hungary,1963,0.127,1.195
Hungary,1964,0.13,1.195
Hungary,1965,0.13,1.195
Hungary,1966,0.13,1.195
Hungary,1967,0.129,1.195
Hungary,1968,0.13,1.195
Hungary,1969,0.13,1.195
Hungary,1970,0.131,1.195
Hungary,1971,0.131,1.195
Hungary,1972,0.132,1.195
Hungary,1973,0.132,1.195
Hungary,1974,0.132,1.195
Hungary,1975,0.131,1.195
Hungary,1976,0.131,1.195
Hungary,1977,0.131,1.195
Hungary,1978,0.131,1.195
Hungary,1979,0.131,1.195
Hungary,1980,0.134,1.195
Hungary,1981,0.136,1.195
Hungary,1982,0.136,1.195
Hungary,1983,0.136,1.195
Hungary,1984,0.136,1.195
Hungary,1985,0.141,1.195
Hungary,1986,0.145,0.784
Hungary,1987,0.15,0.784
Hungary,1988,0.167,0.784
Hungary,1989,0.265,0.784
Hungary,1990,0.799,-0.563
Hungary,1991,0.843,-0.783
Hungary,1992,0.843,-0.783
Hungary,1993,0.843,-0.566
Hungary,1994,0.842,-0.566
Hungary,1995,0.844,-0.783
Hungary,1996,0.844,-0.783
Hungary,1997,0.844,-0.783
Hungary,1998,0.84,-0.783
Hungary,1999,0.839,-0.578
Hungary,2000,0.839,-0.287
Hungary,2001,0.839,-0.287
Hungary,2002,0.842,-0.287
Hungary,2003,0.843,-0.047
Hungary,2004,0.843,-0.047
Hungary,2005,0.843,-0.047
Hungary,2006,0.831,0.581
Hungary,2007,0.85,0.581
Hungary,2008,0.85,0.77
Hungary,2009,0.85,0.997
Hungary,2010,0.808,2.309
Hungary,2011,0.778,2.449
Hungary,2012,0.773,2.449
Hungary,2013,0.738,2.449
Hungary,2014,0.669,2.449
Hungary,2015,0.617,2.449
Hungary,2016,0.613,1.793
Hungary,2017,0.555,2.431
Hungary,2018,0.481,2.431
Hungary,2019,0.466,2.431
Hungary,2020,0.46,2.431
Hungary,2021,0.45,2.431
Hungary,2022,0.447,2.528
Hungary,2023,0.434,2.528
Hungary,2024,0.444,2.528
Hungary,2025,0.421,2.471
Zanzibar,1856,NA,NA
Zanzibar,1857,NA,NA
Zanzibar,1858,NA,NA
Zanzibar,1859,NA,NA
Zanzibar,1860,NA,NA
Zanzibar,1861,NA,NA
Zanzibar,1862,NA,NA
Zanzibar,1863,NA,NA
Zanzibar,1864,NA,NA
Zanzibar,1865,NA,NA
Zanzibar,1866,NA,NA
Zanzibar,1867,NA,NA
Zanzibar,1868,NA,NA
Zanzibar,1869,NA,NA
Zanzibar,1870,NA,NA
Zanzibar,1871,NA,NA
Zanzibar,1872,NA,NA
Zanzibar,1873,NA,NA
Zanzibar,1874,NA,NA
Zanzibar,1875,NA,NA
Zanzibar,1876,NA,NA
Zanzibar,1877,NA,NA
Zanzibar,1878,NA,NA
Zanzibar,1879,NA,NA
Zanzibar,1880,NA,NA
Zanzibar,1881,NA,NA
Zanzibar,1882,NA,NA
Zanzibar,1883,NA,NA
Zanzibar,1884,NA,NA
Zanzibar,1885,NA,NA
Zanzibar,1886,NA,NA
Zanzibar,1887,NA,NA
Zanzibar,1888,NA,NA
Zanzibar,1889,NA,NA
Zanzibar,1890,NA,NA
Zanzibar,1891,NA,NA
Zanzibar,1892,NA,NA
Zanzibar,1893,NA,NA
Zanzibar,1894,NA,NA
Zanzibar,1895,NA,NA
Zanzibar,1896,NA,NA
Zanzibar,1897,NA,NA
Zanzibar,1898,NA,NA
Zanzibar,1899,NA,NA
Zanzibar,1900,0.033,0.713
Zanzibar,1901,0.033,0.713
Zanzibar,1902,0.033,0.713
Zanzibar,1903,0.033,0.713
Zanzibar,1904,0.033,0.713
Zanzibar,1905,0.033,0.713
Zanzibar,1906,0.033,0.713
Zanzibar,1907,0.033,0.713
Zanzibar,1908,0.033,0.713
Zanzibar,1909,0.033,0.713
Zanzibar,1910,0.033,0.713
Zanzibar,1911,0.033,0.713
Zanzibar,1912,0.033,0.713
Zanzibar,1913,0.033,0.713
Zanzibar,1914,0.033,0.713
Zanzibar,1915,0.033,0.713
Zanzibar,1916,0.033,0.713
Zanzibar,1917,0.033,0.713
Zanzibar,1918,0.033,0.713
Zanzibar,1919,0.033,0.713
Zanzibar,1920,0.033,0.713
Zanzibar,1921,0.033,0.713
Zanzibar,1922,0.033,0.713
Zanzibar,1923,0.033,0.713
Zanzibar,1924,0.033,0.713
Zanzibar,1925,0.035,0.813
Zanzibar,1926,0.035,0.813
Zanzibar,1927,0.035,0.813
Zanzibar,1928,0.035,0.813
Zanzibar,1929,0.035,0.813
Zanzibar,1930,0.043,0.813
Zanzibar,1931,0.043,0.813
Zanzibar,1932,0.043,0.813
Zanzibar,1933,0.043,0.813
Zanzibar,1934,0.043,0.813
Zanzibar,1935,0.043,0.813
Zanzibar,1936,0.043,0.813
Zanzibar,1937,0.043,0.813
Zanzibar,1938,0.043,0.813
Zanzibar,1939,0.043,0.813
Zanzibar,1940,0.043,0.813
Zanzibar,1941,0.043,0.813
Zanzibar,1942,0.043,0.813
Zanzibar,1943,0.043,0.813
Zanzibar,1944,0.043,0.813
Zanzibar,1945,0.043,0.813
Zanzibar,1946,0.043,0.813
Zanzibar,1947,0.043,0.813
Zanzibar,1948,0.043,0.813
Zanzibar,1949,0.043,0.813
Zanzibar,1950,0.047,1.128
Zanzibar,1951,0.047,1.128
Zanzibar,1952,0.047,1.128
Zanzibar,1953,0.054,1.128
Zanzibar,1954,0.054,1.128
Zanzibar,1955,0.061,1.128
Zanzibar,1956,0.064,1.128
Zanzibar,1957,0.097,1.128
Zanzibar,1958,0.131,1.128
Zanzibar,1959,0.131,1.128
Zanzibar,1960,0.131,-0.633
Zanzibar,1961,0.143,-0.633
Zanzibar,1962,0.137,-0.633
Zanzibar,1963,0.196,-0.633
Zanzibar,1964,0.015,-0.941
Zanzibar,1965,0.017,-0.941
Zanzibar,1966,0.017,-0.941
Zanzibar,1967,0.016,-0.941
Zanzibar,1968,0.016,-1.031
Zanzibar,1969,0.016,-1.031
Zanzibar,1970,0.016,-1.031
Zanzibar,1971,0.016,-1.031
Zanzibar,1972,0.016,-1.031
Zanzibar,1973,0.017,-1.031
Zanzibar,1974,0.017,-1.031
Zanzibar,1975,0.017,-1.031
Zanzibar,1976,0.017,-1.031
Zanzibar,1977,0.017,-1.031
Zanzibar,1978,0.018,-1.031
Zanzibar,1979,0.018,-1.031
Zanzibar,1980,0.027,-1.031
Zanzibar,1981,0.106,-1.031
Zanzibar,1982,0.106,-1.031
Zanzibar,1983,0.106,-1.031
Zanzibar,1984,0.113,-1.031
Zanzibar,1985,0.115,-1.031
Zanzibar,1986,0.113,-1.031
Zanzibar,1987,0.113,-1.031
Zanzibar,1988,0.113,-1.031
Zanzibar,1989,0.111,-1.031
Zanzibar,1990,0.114,0.053
Zanzibar,1991,0.116,0.053
Zanzibar,1992,0.127,0.053
Zanzibar,1993,0.137,0.053
Zanzibar,1994,0.139,0.053
Zanzibar,1995,0.251,0.34
Zanzibar,1996,0.288,0.34
Zanzibar,1997,0.29,0.34
Zanzibar,1998,0.29,0.34
Zanzibar,1999,0.293,0.34
Zanzibar,2000,0.296,0.216
Zanzibar,2001,0.296,0.286
Zanzibar,2002,0.297,0.286
Zanzibar,2003,0.297,0.286
Zanzibar,2004,0.288,0.01
Zanzibar,2005,0.291,0.01
Zanzibar,2006,0.296,0.01
Zanzibar,2007,0.299,-0.124
Zanzibar,2008,0.299,-0.041
Zanzibar,2009,0.302,-0.041
Zanzibar,2010,0.314,-1.181
Zanzibar,2011,0.332,-1.311
Zanzibar,2012,0.334,-1.59
Zanzibar,2013,0.333,-1.59
Zanzibar,2014,0.329,-1.457
Zanzibar,2015,0.299,-1.092
Zanzibar,2016,0.252,0.246
Zanzibar,2017,0.269,0.16
Zanzibar,2018,0.271,0.16
Zanzibar,2019,0.272,0.16
Zanzibar,2020,0.267,-0.621
Zanzibar,2021,0.279,-1.673
Zanzibar,2022,0.289,-1.673
Zanzibar,2023,0.291,-1.348
Zanzibar,2024,0.288,-1.348
Zanzibar,2025,0.309,-1.348
Baden,1789,NA,NA
Baden,1790,NA,NA
Baden,1791,NA,NA
Baden,1792,NA,NA
Baden,1793,NA,NA
Baden,1794,NA,NA
Baden,1795,NA,NA
Baden,1796,NA,NA
Baden,1797,NA,NA
Baden,1798,NA,NA
Baden,1799,NA,NA
Baden,1800,NA,NA
Baden,1801,NA,NA
Baden,1802,NA,NA
Baden,1803,NA,NA
Baden,1804,NA,NA
Baden,1805,NA,NA
Baden,1806,NA,NA
Baden,1807,NA,NA
Baden,1808,NA,NA
Baden,1809,NA,NA
Baden,1810,NA,NA
Baden,1811,NA,NA
Baden,1812,NA,NA
Baden,1813,NA,NA
Baden,1814,NA,NA
Baden,1815,NA,NA
Baden,1816,NA,NA
Baden,1817,NA,NA
Baden,1818,NA,NA
Baden,1819,0.203,NA
Baden,1820,0.203,NA
Baden,1821,0.203,NA
Baden,1822,0.203,NA
Baden,1823,0.203,NA
Baden,1824,0.203,NA
Baden,1825,0.183,NA
Baden,1826,0.183,NA
Baden,1827,0.183,NA
Baden,1828,0.183,NA
Baden,1829,0.183,NA
Baden,1830,0.223,NA
Baden,1831,0.245,NA
Baden,1832,0.245,NA
Baden,1833,0.236,NA
Baden,1834,0.236,NA
Baden,1835,0.237,NA
Baden,1836,0.237,NA
Baden,1837,0.237,NA
Baden,1838,0.237,NA
Baden,1839,0.237,NA
Baden,1840,0.249,NA
Baden,1841,0.249,NA
Baden,1842,0.23,NA
Baden,1843,0.248,NA
Baden,1844,0.253,NA
Baden,1845,0.254,NA
Baden,1846,0.254,NA
Baden,1847,0.254,NA
Baden,1848,0.273,NA
Baden,1849,0.26,NA
Baden,1850,0.215,NA
Baden,1851,0.216,NA
Baden,1852,0.216,NA
Baden,1853,0.216,NA
Baden,1854,0.216,NA
Baden,1855,0.216,NA
Baden,1856,0.216,NA
Baden,1857,0.217,NA
Baden,1858,0.217,NA
Baden,1859,0.216,NA
Baden,1860,0.255,NA
Baden,1861,0.262,NA
Baden,1862,0.262,NA
Baden,1863,0.264,NA
Baden,1864,0.264,NA
Baden,1865,0.263,NA
Baden,1866,0.263,NA
Baden,1867,0.261,NA
Baden,1868,0.261,NA
Baden,1869,0.263,NA
Baden,1870,0.263,NA
Baden,1871,0.246,NA
Bavaria,1789,0.037,NA
Bavaria,1790,0.037,NA
Bavaria,1791,0.037,NA
Bavaria,1792,0.037,NA
Bavaria,1793,0.037,NA
Bavaria,1794,0.037,NA
Bavaria,1795,0.037,NA
Bavaria,1796,0.037,NA
Bavaria,1797,0.037,NA
Bavaria,1798,0.037,NA
Bavaria,1799,0.041,NA
Bavaria,1800,0.041,NA
Bavaria,1801,0.041,NA
Bavaria,1802,0.041,NA
Bavaria,1803,0.041,NA
Bavaria,1804,0.041,NA
Bavaria,1805,0.041,NA
Bavaria,1806,0.041,NA
Bavaria,1807,0.041,NA
Bavaria,1808,0.043,NA
Bavaria,1809,0.043,NA
Bavaria,1810,0.043,NA
Bavaria,1811,0.043,NA
Bavaria,1812,0.043,NA
Bavaria,1813,0.043,NA
Bavaria,1814,0.043,NA
Bavaria,1815,0.043,NA
Bavaria,1816,0.043,NA
Bavaria,1817,0.043,NA
Bavaria,1818,0.091,NA
Bavaria,1819,0.135,NA
Bavaria,1820,0.118,NA
Bavaria,1821,0.118,NA
Bavaria,1822,0.118,NA
Bavaria,1823,0.118,NA
Bavaria,1824,0.118,NA
Bavaria,1825,0.133,NA
Bavaria,1826,0.133,NA
Bavaria,1827,0.133,NA
Bavaria,1828,0.133,NA
Bavaria,1829,0.133,NA
Bavaria,1830,0.133,NA
Bavaria,1831,0.122,NA
Bavaria,1832,0.119,NA
Bavaria,1833,0.117,NA
Bavaria,1834,0.115,NA
Bavaria,1835,0.115,NA
Bavaria,1836,0.115,NA
Bavaria,1837,0.114,NA
Bavaria,1838,0.114,NA
Bavaria,1839,0.114,NA
Bavaria,1840,0.115,NA
Bavaria,1841,0.115,NA
Bavaria,1842,0.115,NA
Bavaria,1843,0.115,NA
Bavaria,1844,0.115,NA
Bavaria,1845,0.115,NA
Bavaria,1846,0.115,NA
Bavaria,1847,0.115,NA
Bavaria,1848,0.137,NA
Bavaria,1849,0.168,NA
Bavaria,1850,0.173,NA
Bavaria,1851,0.169,NA
Bavaria,1852,0.164,NA
Bavaria,1853,0.164,NA
Bavaria,1854,0.164,NA
Bavaria,1855,0.165,NA
Bavaria,1856,0.166,NA
Bavaria,1857,0.166,NA
Bavaria,1858,0.166,NA
Bavaria,1859,0.17,NA
Bavaria,1860,0.181,NA
Bavaria,1861,0.181,NA
Bavaria,1862,0.181,NA
Bavaria,1863,0.194,NA
Bavaria,1864,0.182,NA
Bavaria,1865,0.182,NA
Bavaria,1866,0.182,NA
Bavaria,1867,0.182,NA
Bavaria,1868,0.182,NA
Bavaria,1869,0.184,NA
Bavaria,1870,0.196,NA
Bavaria,1871,0.167,NA
Modena,1789,0.01,NA
Modena,1790,0.01,NA
Modena,1791,0.01,NA
Modena,1792,0.01,NA
Modena,1793,0.01,NA
Modena,1794,0.01,NA
Modena,1795,0.01,NA
Modena,1796,0.01,NA
Modena,1797,0.025,NA
Modena,1814,0.011,NA
Modena,1815,0.011,NA
Modena,1816,0.011,NA
Modena,1817,0.011,NA
Modena,1818,0.011,NA
Modena,1819,0.011,NA
Modena,1820,0.011,NA
Modena,1821,0.011,NA
Modena,1822,0.011,NA
Modena,1823,0.011,NA
Modena,1824,0.011,NA
Modena,1825,0.011,NA
Modena,1826,0.011,NA
Modena,1827,0.011,NA
Modena,1828,0.011,NA
Modena,1829,0.011,NA
Modena,1830,0.011,NA
Modena,1831,0.011,NA
Modena,1832,0.011,NA
Modena,1833,0.011,NA
Modena,1834,0.011,NA
Modena,1835,0.011,NA
Modena,1836,0.011,NA
Modena,1837,0.011,NA
Modena,1838,0.011,NA
Modena,1839,0.011,NA
Modena,1840,0.011,NA
Modena,1841,0.011,NA
Modena,1842,0.011,NA
Modena,1843,0.011,NA
Modena,1844,0.011,NA
Modena,1845,0.011,NA
Modena,1846,0.011,NA
Modena,1847,0.011,NA
Modena,1848,0.011,NA
Modena,1849,0.011,NA
Modena,1850,0.011,NA
Modena,1851,0.011,NA
Modena,1852,0.011,NA
Modena,1853,0.011,NA
Modena,1854,0.011,NA
Modena,1855,0.011,NA
Modena,1856,0.011,NA
Modena,1857,0.011,NA
Modena,1858,0.011,NA
Modena,1859,0.038,NA
Parma,1789,0.009,NA
Parma,1790,0.009,NA
Parma,1791,0.009,NA
Parma,1792,0.009,NA
Parma,1793,0.009,NA
Parma,1794,0.009,NA
Parma,1795,0.009,NA
Parma,1796,0.009,NA
Parma,1797,0.009,NA
Parma,1798,0.009,NA
Parma,1799,0.009,NA
Parma,1800,0.009,NA
Parma,1801,0.009,NA
Parma,1802,0.009,NA
Parma,1814,NA,NA
Parma,1815,0.014,NA
Parma,1816,0.014,NA
Parma,1817,0.014,NA
Parma,1818,0.014,NA
Parma,1819,0.014,NA
Parma,1820,0.014,NA
Parma,1821,0.014,NA
Parma,1822,0.014,NA
Parma,1823,0.014,NA
Parma,1824,0.014,NA
Parma,1825,0.014,NA
Parma,1826,0.014,NA
Parma,1827,0.014,NA
Parma,1828,0.014,NA
Parma,1829,0.014,NA
Parma,1830,0.014,NA
Parma,1831,0.022,NA
Parma,1832,0.014,NA
Parma,1833,0.014,NA
Parma,1834,0.014,NA
Parma,1835,0.014,NA
Parma,1836,0.014,NA
Parma,1837,0.014,NA
Parma,1838,0.014,NA
Parma,1839,0.014,NA
Parma,1840,0.014,NA
Parma,1841,0.014,NA
Parma,1842,0.014,NA
Parma,1843,0.014,NA
Parma,1844,0.014,NA
Parma,1845,0.014,NA
Parma,1846,0.014,NA
Parma,1847,0.014,NA
Parma,1848,0.034,NA
Parma,1849,0.014,NA
Parma,1850,0.012,NA
Parma,1851,0.012,NA
Parma,1852,0.012,NA
Parma,1853,0.012,NA
Parma,1854,0.012,NA
Parma,1855,0.012,NA
Parma,1856,0.012,NA
Parma,1857,0.014,NA
Parma,1858,0.014,NA
Parma,1859,0.043,NA
Saxony,1789,0.042,NA
Saxony,1790,0.042,NA
Saxony,1791,0.042,NA
Saxony,1792,0.042,NA
Saxony,1793,0.042,NA
Saxony,1794,0.042,NA
Saxony,1795,0.042,NA
Saxony,1796,0.042,NA
Saxony,1797,0.042,NA
Saxony,1798,0.042,NA
Saxony,1799,0.042,NA
Saxony,1800,0.042,NA
Saxony,1801,0.042,NA
Saxony,1802,0.042,NA
Saxony,1803,0.042,NA
Saxony,1804,0.042,NA
Saxony,1805,0.042,NA
Saxony,1806,0.042,NA
Saxony,1807,0.042,NA
Saxony,1808,0.042,NA
Saxony,1809,0.042,NA
Saxony,1810,0.042,NA
Saxony,1811,0.042,NA
Saxony,1812,0.042,NA
Saxony,1813,0.042,NA
Saxony,1814,0.042,NA
Saxony,1815,0.042,NA
Saxony,1816,0.041,NA
Saxony,1817,0.041,NA
Saxony,1818,0.041,NA
Saxony,1819,0.041,NA
Saxony,1820,0.041,NA
Saxony,1821,0.041,NA
Saxony,1822,0.041,NA
Saxony,1823,0.041,NA
Saxony,1824,0.041,NA
Saxony,1825,0.041,NA
Saxony,1826,0.041,NA
Saxony,1827,0.041,NA
Saxony,1828,0.041,NA
Saxony,1829,0.041,NA
Saxony,1830,0.039,NA
Saxony,1831,0.048,NA
Saxony,1832,0.048,NA
Saxony,1833,0.052,NA
Saxony,1834,0.052,NA
Saxony,1835,0.052,NA
Saxony,1836,0.052,NA
Saxony,1837,0.052,NA
Saxony,1838,0.052,NA
Saxony,1839,0.052,NA
Saxony,1840,0.058,NA
Saxony,1841,0.058,NA
Saxony,1842,0.058,NA
Saxony,1843,0.058,NA
Saxony,1844,0.058,NA
Saxony,1845,0.058,NA
Saxony,1846,0.058,NA
Saxony,1847,0.058,NA
Saxony,1848,0.138,NA
Saxony,1849,0.231,NA
Saxony,1850,0.132,NA
Saxony,1851,0.136,NA
Saxony,1852,0.136,NA
Saxony,1853,0.136,NA
Saxony,1854,0.136,NA
Saxony,1855,0.136,NA
Saxony,1856,0.136,NA
Saxony,1857,0.136,NA
Saxony,1858,0.136,NA
Saxony,1859,0.136,NA
Saxony,1860,0.139,NA
Saxony,1861,0.139,NA
Saxony,1862,0.139,NA
Saxony,1863,0.139,NA
Saxony,1864,0.139,NA
Saxony,1865,0.139,NA
Saxony,1866,0.139,NA
Saxony,1867,0.139,NA
Tuscany,1789,NA,NA
Tuscany,1790,NA,NA
Tuscany,1791,NA,NA
Tuscany,1792,NA,NA
Tuscany,1793,NA,NA
Tuscany,1794,NA,NA
Tuscany,1795,NA,NA
Tuscany,1796,NA,NA
Tuscany,1797,NA,NA
Tuscany,1798,NA,NA
Tuscany,1799,NA,NA
Tuscany,1800,0.035,NA
Tuscany,1801,0.035,NA
Tuscany,1802,0.035,NA
Tuscany,1803,0.035,NA
Tuscany,1804,0.035,NA
Tuscany,1805,0.035,NA
Tuscany,1806,0.035,NA
Tuscany,1807,0.035,NA
Tuscany,1814,NA,NA
Tuscany,1815,NA,NA
Tuscany,1816,NA,NA
Tuscany,1817,NA,NA
Tuscany,1818,NA,NA
Tuscany,1819,NA,NA
Tuscany,1820,NA,NA
Tuscany,1821,NA,NA
Tuscany,1822,NA,NA
Tuscany,1823,NA,NA
Tuscany,1824,NA,NA
Tuscany,1825,NA,NA
Tuscany,1826,NA,NA
Tuscany,1827,NA,NA
Tuscany,1828,NA,NA
Tuscany,1829,NA,NA
Tuscany,1830,NA,NA
Tuscany,1831,NA,NA
Tuscany,1832,NA,NA
Tuscany,1833,NA,NA
Tuscany,1834,NA,NA
Tuscany,1835,NA,NA
Tuscany,1836,NA,NA
Tuscany,1837,NA,NA
Tuscany,1838,NA,NA
Tuscany,1839,NA,NA
Tuscany,1840,NA,NA
Tuscany,1841,NA,NA
Tuscany,1842,NA,NA
Tuscany,1843,NA,NA
Tuscany,1844,NA,NA
Tuscany,1845,NA,NA
Tuscany,1846,0.071,NA
Tuscany,1847,0.114,NA
Tuscany,1848,0.166,NA
Tuscany,1849,0.135,NA
Tuscany,1850,0.025,NA
Tuscany,1851,0.025,NA
Tuscany,1852,0.025,NA
Tuscany,1853,0.023,NA
Tuscany,1854,0.023,NA
Tuscany,1855,0.023,NA
Tuscany,1856,0.023,NA
Tuscany,1857,0.023,NA
Tuscany,1858,0.026,NA
Tuscany,1859,0.145,NA
Tuscany,1860,0.126,NA
Tuscany,1861,0.126,NA
Würtemberg,1789,NA,NA
Würtemberg,1790,NA,NA
Würtemberg,1791,NA,NA
Würtemberg,1792,NA,NA
Würtemberg,1793,NA,NA
Würtemberg,1794,NA,NA
Würtemberg,1795,NA,NA
Würtemberg,1796,NA,NA
Würtemberg,1797,NA,NA
Würtemberg,1798,NA,NA
Würtemberg,1799,NA,NA
Würtemberg,1800,NA,NA
Würtemberg,1801,NA,NA
Würtemberg,1802,NA,NA
Würtemberg,1803,NA,NA
Würtemberg,1804,NA,NA
Würtemberg,1805,NA,NA
Würtemberg,1806,NA,NA
Würtemberg,1807,NA,NA
Würtemberg,1808,NA,NA
Würtemberg,1809,NA,NA
Würtemberg,1810,NA,NA
Würtemberg,1811,NA,NA
Würtemberg,1812,NA,NA
Würtemberg,1813,NA,NA
Würtemberg,1814,NA,NA
Würtemberg,1815,0.124,NA
Würtemberg,1816,0.088,NA
Würtemberg,1817,0.088,NA
Würtemberg,1818,0.088,NA
Würtemberg,1819,0.167,NA
Würtemberg,1820,0.171,NA
Würtemberg,1821,0.171,NA
Würtemberg,1822,0.171,NA
Würtemberg,1823,0.171,NA
Würtemberg,1824,0.171,NA
Würtemberg,1825,0.172,NA
Würtemberg,1826,0.172,NA
Würtemberg,1827,0.172,NA
Würtemberg,1828,0.172,NA
Würtemberg,1829,0.172,NA
Würtemberg,1830,0.172,NA
Würtemberg,1831,0.172,NA
Würtemberg,1832,0.163,NA
Würtemberg,1833,0.149,NA
Würtemberg,1834,0.145,NA
Würtemberg,1835,0.145,NA
Würtemberg,1836,0.145,NA
Würtemberg,1837,0.145,NA
Würtemberg,1838,0.145,NA
Würtemberg,1839,0.144,NA
Würtemberg,1840,0.144,NA
Würtemberg,1841,0.144,NA
Würtemberg,1842,0.144,NA
Würtemberg,1843,0.144,NA
Würtemberg,1844,0.143,NA
Würtemberg,1845,0.142,NA
Würtemberg,1846,0.142,NA
Würtemberg,1847,0.142,NA
Würtemberg,1848,0.159,NA
Würtemberg,1849,0.176,NA
Würtemberg,1850,0.179,NA
Würtemberg,1851,0.149,NA
Würtemberg,1852,0.143,NA
Würtemberg,1853,0.143,NA
Würtemberg,1854,0.143,NA
Würtemberg,1855,0.143,NA
Würtemberg,1856,0.142,NA
Würtemberg,1857,0.142,NA
Würtemberg,1858,0.142,NA
Würtemberg,1859,0.142,NA
Würtemberg,1860,0.146,NA
Würtemberg,1861,0.146,NA
Würtemberg,1862,0.147,NA
Würtemberg,1863,0.147,NA
Würtemberg,1864,0.147,NA
Würtemberg,1865,0.171,NA
Würtemberg,1866,0.171,NA
Würtemberg,1867,0.171,NA
Würtemberg,1868,0.19,NA
Würtemberg,1869,0.2,NA
Würtemberg,1870,0.2,NA
Würtemberg,1871,0.2,NA
Two Sicilies,1789,0.013,NA
Two Sicilies,1790,0.013,NA
Two Sicilies,1791,0.013,NA
Two Sicilies,1792,0.013,NA
Two Sicilies,1793,0.013,NA
Two Sicilies,1794,0.013,NA
Two Sicilies,1795,0.013,NA
Two Sicilies,1796,0.013,NA
Two Sicilies,1797,0.013,NA
Two Sicilies,1798,0.013,NA
Two Sicilies,1799,0.014,NA
Two Sicilies,1800,0.011,NA
Two Sicilies,1801,0.011,NA
Two Sicilies,1802,0.011,NA
Two Sicilies,1803,0.011,NA
Two Sicilies,1804,0.011,NA
Two Sicilies,1805,0.011,NA
Two Sicilies,1806,0.013,NA
Two Sicilies,1807,0.013,NA
Two Sicilies,1808,0.013,NA
Two Sicilies,1809,0.013,NA
Two Sicilies,1810,0.013,NA
Two Sicilies,1811,0.013,NA
Two Sicilies,1812,0.013,NA
Two Sicilies,1813,0.013,NA
Two Sicilies,1814,0.013,NA
Two Sicilies,1815,0.013,NA
Two Sicilies,1816,0.011,NA
Two Sicilies,1817,0.011,NA
Two Sicilies,1818,0.011,NA
Two Sicilies,1819,0.011,NA
Two Sicilies,1820,0.043,NA
Two Sicilies,1821,0.011,NA
Two Sicilies,1822,0.011,NA
Two Sicilies,1823,0.011,NA
Two Sicilies,1824,0.011,NA
Two Sicilies,1825,0.011,NA
Two Sicilies,1826,0.012,NA
Two Sicilies,1827,0.012,NA
Two Sicilies,1828,0.012,NA
Two Sicilies,1829,0.012,NA
Two Sicilies,1830,0.012,NA
Two Sicilies,1831,0.012,NA
Two Sicilies,1832,0.012,NA
Two Sicilies,1833,0.012,NA
Two Sicilies,1834,0.012,NA
Two Sicilies,1835,0.012,NA
Two Sicilies,1836,0.012,NA
Two Sicilies,1837,0.012,NA
Two Sicilies,1838,0.012,NA
Two Sicilies,1839,0.012,NA
Two Sicilies,1840,0.012,NA
Two Sicilies,1841,0.012,NA
Two Sicilies,1842,0.012,NA
Two Sicilies,1843,0.012,NA
Two Sicilies,1844,0.012,NA
Two Sicilies,1845,0.012,NA
Two Sicilies,1846,0.012,NA
Two Sicilies,1847,0.012,NA
Two Sicilies,1848,0.043,NA
Two Sicilies,1849,0.025,NA
Two Sicilies,1850,0.012,NA
Two Sicilies,1851,0.012,NA
Two Sicilies,1852,0.012,NA
Two Sicilies,1853,0.012,NA
Two Sicilies,1854,0.012,NA
Two Sicilies,1855,0.012,NA
Two Sicilies,1856,0.012,NA
Two Sicilies,1857,0.012,NA
Two Sicilies,1858,0.012,NA
Two Sicilies,1859,0.012,NA
Two Sicilies,1860,0.012,NA
Hanover,1789,0.028,NA
Hanover,1790,0.028,NA
Hanover,1791,0.028,NA
Hanover,1792,0.028,NA
Hanover,1793,0.028,NA
Hanover,1794,0.028,NA
Hanover,1795,0.028,NA
Hanover,1796,0.028,NA
Hanover,1797,0.028,NA
Hanover,1798,0.028,NA
Hanover,1799,0.028,NA
Hanover,1800,0.028,NA
Hanover,1801,0.028,NA
Hanover,1802,0.028,NA
Hanover,1803,0.021,NA
Hanover,1804,0.021,NA
Hanover,1805,0.021,NA
Hanover,1806,0.021,NA
Hanover,1807,0.021,NA
Hanover,1808,0.021,NA
Hanover,1809,0.021,NA
Hanover,1810,0.024,NA
Hanover,1813,0.035,NA
Hanover,1814,0.037,NA
Hanover,1815,0.039,NA
Hanover,1816,0.039,NA
Hanover,1817,0.039,NA
Hanover,1818,0.032,NA
Hanover,1819,0.034,NA
Hanover,1820,0.04,NA
Hanover,1821,0.04,NA
Hanover,1822,0.04,NA
Hanover,1823,0.04,NA
Hanover,1824,0.04,NA
Hanover,1825,0.04,NA
Hanover,1826,0.04,NA
Hanover,1827,0.04,NA
Hanover,1828,0.04,NA
Hanover,1829,0.04,NA
Hanover,1830,0.04,NA
Hanover,1831,0.04,NA
Hanover,1832,0.049,NA
Hanover,1833,0.049,NA
Hanover,1834,0.049,NA
Hanover,1835,0.048,NA
Hanover,1836,0.048,NA
Hanover,1837,0.063,NA
Hanover,1838,0.063,NA
Hanover,1839,0.063,NA
Hanover,1840,0.063,NA
Hanover,1841,0.063,NA
Hanover,1842,0.063,NA
Hanover,1843,0.063,NA
Hanover,1844,0.063,NA
Hanover,1845,0.063,NA
Hanover,1846,0.063,NA
Hanover,1847,0.063,NA
Hanover,1848,0.092,NA
Hanover,1849,0.116,NA
Hanover,1850,0.12,NA
Hanover,1851,0.12,NA
Hanover,1852,0.12,NA
Hanover,1853,0.12,NA
Hanover,1854,0.119,NA
Hanover,1855,0.119,NA
Hanover,1856,0.119,NA
Hanover,1857,0.118,NA
Hanover,1858,0.118,NA
Hanover,1859,0.118,NA
Hanover,1860,0.118,NA
Hanover,1861,0.118,NA
Hanover,1862,0.118,NA
Hanover,1863,0.12,NA
Hanover,1864,0.12,NA
Hanover,1865,0.12,NA
Hanover,1866,0.132,NA
Hesse-Kassel,1789,0.008,NA
Hesse-Kassel,1790,0.008,NA
Hesse-Kassel,1791,0.008,NA
Hesse-Kassel,1792,0.008,NA
Hesse-Kassel,1793,0.008,NA
Hesse-Kassel,1794,0.008,NA
Hesse-Kassel,1795,0.008,NA
Hesse-Kassel,1796,0.008,NA
Hesse-Kassel,1797,0.008,NA
Hesse-Kassel,1798,0.008,NA
Hesse-Kassel,1799,0.008,NA
Hesse-Kassel,1800,0.008,NA
Hesse-Kassel,1801,0.008,NA
Hesse-Kassel,1802,0.008,NA
Hesse-Kassel,1803,0.008,NA
Hesse-Kassel,1804,0.008,NA
Hesse-Kassel,1805,0.008,NA
Hesse-Kassel,1806,0.009,NA
Hesse-Kassel,1807,0.008,NA
Hesse-Kassel,1808,0.01,NA
Hesse-Kassel,1809,0.01,NA
Hesse-Kassel,1810,0.01,NA
Hesse-Kassel,1811,0.01,NA
Hesse-Kassel,1812,0.01,NA
Hesse-Kassel,1813,0.01,NA
Hesse-Kassel,1814,0.011,NA
Hesse-Kassel,1815,0.011,NA
Hesse-Kassel,1816,0.011,NA
Hesse-Kassel,1817,0.011,NA
Hesse-Kassel,1818,0.011,NA
Hesse-Kassel,1819,0.01,NA
Hesse-Kassel,1820,0.011,NA
Hesse-Kassel,1821,0.011,NA
Hesse-Kassel,1822,0.011,NA
Hesse-Kassel,1823,0.011,NA
Hesse-Kassel,1824,0.011,NA
Hesse-Kassel,1825,0.011,NA
Hesse-Kassel,1826,0.011,NA
Hesse-Kassel,1827,0.011,NA
Hesse-Kassel,1828,0.011,NA
Hesse-Kassel,1829,0.011,NA
Hesse-Kassel,1830,0.019,NA
Hesse-Kassel,1831,0.096,NA
Hesse-Kassel,1832,0.089,NA
Hesse-Kassel,1833,0.085,NA
Hesse-Kassel,1834,0.072,NA
Hesse-Kassel,1835,0.072,NA
Hesse-Kassel,1836,0.072,NA
Hesse-Kassel,1837,0.072,NA
Hesse-Kassel,1838,0.072,NA
Hesse-Kassel,1839,0.072,NA
Hesse-Kassel,1840,0.072,NA
Hesse-Kassel,1841,0.072,NA
Hesse-Kassel,1842,0.072,NA
Hesse-Kassel,1843,0.072,NA
Hesse-Kassel,1844,0.072,NA
Hesse-Kassel,1845,0.072,NA
Hesse-Kassel,1846,0.072,NA
Hesse-Kassel,1847,0.072,NA
Hesse-Kassel,1848,0.135,NA
Hesse-Kassel,1849,0.156,NA
Hesse-Kassel,1850,0.083,NA
Hesse-Kassel,1851,0.066,NA
Hesse-Kassel,1852,0.061,NA
Hesse-Kassel,1853,0.061,NA
Hesse-Kassel,1854,0.061,NA
Hesse-Kassel,1855,0.061,NA
Hesse-Kassel,1856,0.061,NA
Hesse-Kassel,1857,0.061,NA
Hesse-Kassel,1858,0.061,NA
Hesse-Kassel,1859,0.061,NA
Hesse-Kassel,1860,0.089,NA
Hesse-Kassel,1861,0.089,NA
Hesse-Kassel,1862,0.113,NA
Hesse-Kassel,1863,0.113,NA
Hesse-Kassel,1864,0.113,NA
Hesse-Kassel,1865,0.113,NA
Hesse-Kassel,1866,0.113,NA
Hesse-Darmstadt,1789,NA,NA
Hesse-Darmstadt,1790,0.03,NA
Hesse-Darmstadt,1791,0.03,NA
Hesse-Darmstadt,1792,0.03,NA
Hesse-Darmstadt,1793,0.03,NA
Hesse-Darmstadt,1794,0.03,NA
Hesse-Darmstadt,1795,0.03,NA
Hesse-Darmstadt,1796,0.03,NA
Hesse-Darmstadt,1797,0.03,NA
Hesse-Darmstadt,1798,0.03,NA
Hesse-Darmstadt,1799,0.03,NA
Hesse-Darmstadt,1800,0.03,NA
Hesse-Darmstadt,1801,0.03,NA
Hesse-Darmstadt,1802,0.03,NA
Hesse-Darmstadt,1803,0.03,NA
Hesse-Darmstadt,1804,0.03,NA
Hesse-Darmstadt,1805,0.03,NA
Hesse-Darmstadt,1806,0.03,NA
Hesse-Darmstadt,1807,0.03,NA
Hesse-Darmstadt,1808,0.03,NA
Hesse-Darmstadt,1809,0.03,NA
Hesse-Darmstadt,1810,0.03,NA
Hesse-Darmstadt,1811,0.03,NA
Hesse-Darmstadt,1812,0.03,NA
Hesse-Darmstadt,1813,0.03,NA
Hesse-Darmstadt,1814,0.03,NA
Hesse-Darmstadt,1815,0.031,NA
Hesse-Darmstadt,1816,0.031,NA
Hesse-Darmstadt,1817,0.031,NA
Hesse-Darmstadt,1818,0.031,NA
Hesse-Darmstadt,1819,0.031,NA
Hesse-Darmstadt,1820,0.124,NA
Hesse-Darmstadt,1821,0.059,NA
Hesse-Darmstadt,1822,0.059,NA
Hesse-Darmstadt,1823,0.059,NA
Hesse-Darmstadt,1824,0.059,NA
Hesse-Darmstadt,1825,0.059,NA
Hesse-Darmstadt,1826,0.059,NA
Hesse-Darmstadt,1827,0.059,NA
Hesse-Darmstadt,1828,0.059,NA
Hesse-Darmstadt,1829,0.059,NA
Hesse-Darmstadt,1830,0.064,NA
Hesse-Darmstadt,1831,0.064,NA
Hesse-Darmstadt,1832,0.064,NA
Hesse-Darmstadt,1833,0.064,NA
Hesse-Darmstadt,1834,0.064,NA
Hesse-Darmstadt,1835,0.064,NA
Hesse-Darmstadt,1836,0.064,NA
Hesse-Darmstadt,1837,0.064,NA
Hesse-Darmstadt,1838,0.064,NA
Hesse-Darmstadt,1839,0.064,NA
Hesse-Darmstadt,1840,0.064,NA
Hesse-Darmstadt,1841,0.064,NA
Hesse-Darmstadt,1842,0.064,NA
Hesse-Darmstadt,1843,0.064,NA
Hesse-Darmstadt,1844,0.064,NA
Hesse-Darmstadt,1845,0.064,NA
Hesse-Darmstadt,1846,0.064,NA
Hesse-Darmstadt,1847,0.064,NA
Hesse-Darmstadt,1848,0.124,NA
Hesse-Darmstadt,1849,0.284,NA
Hesse-Darmstadt,1850,0.176,NA
Hesse-Darmstadt,1851,0.176,NA
Hesse-Darmstadt,1852,0.176,NA
Hesse-Darmstadt,1853,0.176,NA
Hesse-Darmstadt,1854,0.171,NA
Hesse-Darmstadt,1855,0.171,NA
Hesse-Darmstadt,1856,0.171,NA
Hesse-Darmstadt,1857,0.171,NA
Hesse-Darmstadt,1858,0.171,NA
Hesse-Darmstadt,1859,0.171,NA
Hesse-Darmstadt,1860,0.176,NA
Hesse-Darmstadt,1861,0.181,NA
Hesse-Darmstadt,1862,0.177,NA
Hesse-Darmstadt,1863,0.177,NA
Hesse-Darmstadt,1864,0.177,NA
Hesse-Darmstadt,1865,0.177,NA
Hesse-Darmstadt,1866,0.177,NA
Hesse-Darmstadt,1867,0.177,NA
Hesse-Darmstadt,1868,0.177,NA
Hesse-Darmstadt,1869,0.177,NA
Hesse-Darmstadt,1870,0.183,NA
Hesse-Darmstadt,1871,0.183,NA
Mecklenburg Schwerin,1789,0.038,NA
Mecklenburg Schwerin,1790,0.038,NA
Mecklenburg Schwerin,1791,0.038,NA
Mecklenburg Schwerin,1792,0.038,NA
Mecklenburg Schwerin,1793,0.038,NA
Mecklenburg Schwerin,1794,0.038,NA
Mecklenburg Schwerin,1795,0.038,NA
Mecklenburg Schwerin,1796,0.038,NA
Mecklenburg Schwerin,1797,0.038,NA
Mecklenburg Schwerin,1798,0.038,NA
Mecklenburg Schwerin,1799,0.038,NA
Mecklenburg Schwerin,1800,0.038,NA
Mecklenburg Schwerin,1801,0.038,NA
Mecklenburg Schwerin,1802,0.038,NA
Mecklenburg Schwerin,1803,0.038,NA
Mecklenburg Schwerin,1804,0.038,NA
Mecklenburg Schwerin,1805,0.038,NA
Mecklenburg Schwerin,1806,0.038,NA
Mecklenburg Schwerin,1807,0.038,NA
Mecklenburg Schwerin,1808,0.038,NA
Mecklenburg Schwerin,1809,0.038,NA
Mecklenburg Schwerin,1810,0.038,NA
Mecklenburg Schwerin,1811,0.038,NA
Mecklenburg Schwerin,1812,0.038,NA
Mecklenburg Schwerin,1813,0.038,NA
Mecklenburg Schwerin,1814,0.038,NA
Mecklenburg Schwerin,1815,0.038,NA
Mecklenburg Schwerin,1816,0.038,NA
Mecklenburg Schwerin,1817,0.038,NA
Mecklenburg Schwerin,1818,0.038,NA
Mecklenburg Schwerin,1819,0.038,NA
Mecklenburg Schwerin,1820,0.038,NA
Mecklenburg Schwerin,1821,0.038,NA
Mecklenburg Schwerin,1822,0.038,NA
Mecklenburg Schwerin,1823,0.038,NA
Mecklenburg Schwerin,1824,0.038,NA
Mecklenburg Schwerin,1825,0.038,NA
Mecklenburg Schwerin,1826,0.038,NA
Mecklenburg Schwerin,1827,0.038,NA
Mecklenburg Schwerin,1828,0.038,NA
Mecklenburg Schwerin,1829,0.038,NA
Mecklenburg Schwerin,1830,0.038,NA
Mecklenburg Schwerin,1831,0.038,NA
Mecklenburg Schwerin,1832,0.038,NA
Mecklenburg Schwerin,1833,0.038,NA
Mecklenburg Schwerin,1834,0.038,NA
Mecklenburg Schwerin,1835,0.038,NA
Mecklenburg Schwerin,1836,0.038,NA
Mecklenburg Schwerin,1837,0.038,NA
Mecklenburg Schwerin,1838,0.038,NA
Mecklenburg Schwerin,1839,0.038,NA
Mecklenburg Schwerin,1840,0.038,NA
Mecklenburg Schwerin,1841,0.038,NA
Mecklenburg Schwerin,1842,0.038,NA
Mecklenburg Schwerin,1843,0.038,NA
Mecklenburg Schwerin,1844,0.038,NA
Mecklenburg Schwerin,1845,0.038,NA
Mecklenburg Schwerin,1846,0.038,NA
Mecklenburg Schwerin,1847,0.038,NA
Mecklenburg Schwerin,1848,0.209,NA
Mecklenburg Schwerin,1849,0.207,NA
Mecklenburg Schwerin,1850,0.054,NA
Mecklenburg Schwerin,1851,0.022,NA
Mecklenburg Schwerin,1852,0.022,NA
Mecklenburg Schwerin,1853,0.022,NA
Mecklenburg Schwerin,1854,0.022,NA
Mecklenburg Schwerin,1855,0.022,NA
Mecklenburg Schwerin,1856,0.022,NA
Mecklenburg Schwerin,1857,0.022,NA
Mecklenburg Schwerin,1858,0.022,NA
Mecklenburg Schwerin,1859,0.03,NA
Mecklenburg Schwerin,1860,0.037,NA
Mecklenburg Schwerin,1861,0.042,NA
Mecklenburg Schwerin,1862,0.042,NA
Mecklenburg Schwerin,1863,0.042,NA
Mecklenburg Schwerin,1864,0.042,NA
Mecklenburg Schwerin,1865,0.042,NA
Mecklenburg Schwerin,1866,0.042,NA
Mecklenburg Schwerin,1867,0.101,NA
Papal States,1789,NA,NA
Papal States,1790,0.045,NA
Papal States,1791,0.045,NA
Papal States,1792,0.045,NA
Papal States,1793,0.045,NA
Papal States,1794,0.045,NA
Papal States,1795,0.045,NA
Papal States,1796,0.045,NA
Papal States,1797,0.045,NA
Papal States,1798,0.04,NA
Papal States,1799,0.04,NA
Papal States,1800,0.051,NA
Papal States,1801,0.051,NA
Papal States,1802,0.051,NA
Papal States,1803,0.051,NA
Papal States,1804,0.051,NA
Papal States,1805,0.042,NA
Papal States,1806,0.042,NA
Papal States,1807,0.039,NA
Papal States,1808,0.039,NA
Papal States,1809,0.039,NA
Papal States,1814,0.034,NA
Papal States,1815,0.034,NA
Papal States,1816,0.034,NA
Papal States,1817,0.034,NA
Papal States,1818,0.034,NA
Papal States,1819,0.034,NA
Papal States,1820,0.034,NA
Papal States,1821,0.034,NA
Papal States,1822,0.034,NA
Papal States,1823,0.034,NA
Papal States,1824,0.029,NA
Papal States,1825,0.028,NA
Papal States,1826,0.028,NA
Papal States,1827,0.028,NA
Papal States,1828,0.028,NA
Papal States,1829,0.028,NA
Papal States,1830,0.031,NA
Papal States,1831,0.025,NA
Papal States,1832,0.018,NA
Papal States,1833,0.018,NA
Papal States,1834,0.018,NA
Papal States,1835,0.018,NA
Papal States,1836,0.019,NA
Papal States,1837,0.019,NA
Papal States,1838,0.019,NA
Papal States,1839,0.019,NA
Papal States,1840,0.019,NA
Papal States,1841,0.019,NA
Papal States,1842,0.019,NA
Papal States,1843,0.02,NA
Papal States,1844,0.019,NA
Papal States,1845,0.019,NA
Papal States,1846,0.035,NA
Papal States,1847,0.069,NA
Papal States,1848,0.112,NA
Papal States,1849,0.183,NA
Papal States,1850,0.032,NA
Papal States,1851,0.032,NA
Papal States,1852,0.032,NA
Papal States,1853,0.038,NA
Papal States,1854,0.038,NA
Papal States,1855,0.038,NA
Papal States,1856,0.038,NA
Papal States,1857,0.038,NA
Papal States,1858,0.038,NA
Papal States,1859,0.061,NA
Papal States,1860,0.04,NA
Papal States,1861,0.026,NA
Papal States,1862,0.026,NA
Papal States,1863,0.026,NA
Papal States,1864,0.026,NA
Papal States,1865,0.026,NA
Papal States,1866,0.026,NA
Papal States,1867,0.026,NA
Papal States,1868,0.026,NA
Papal States,1869,0.026,NA
Papal States,1870,0.026,NA
Hamburg,1789,0.027,NA
Hamburg,1790,0.027,NA
Hamburg,1791,0.027,NA
Hamburg,1792,0.027,NA
Hamburg,1793,0.027,NA
Hamburg,1794,0.027,NA
Hamburg,1795,0.027,NA
Hamburg,1796,0.027,NA
Hamburg,1797,0.027,NA
Hamburg,1798,0.027,NA
Hamburg,1799,0.027,NA
Hamburg,1800,0.027,NA
Hamburg,1801,0.027,NA
Hamburg,1802,0.027,NA
Hamburg,1803,0.027,NA
Hamburg,1804,0.025,NA
Hamburg,1805,0.025,NA
Hamburg,1806,0.009,NA
Hamburg,1807,0.009,NA
Hamburg,1808,0.009,NA
Hamburg,1809,0.009,NA
Hamburg,1810,0.009,NA
Hamburg,1811,0.009,NA
Hamburg,1812,0.009,NA
Hamburg,1813,0.009,NA
Hamburg,1814,0.026,NA
Hamburg,1815,0.029,NA
Hamburg,1816,0.029,NA
Hamburg,1817,0.029,NA
Hamburg,1818,0.029,NA
Hamburg,1819,0.019,NA
Hamburg,1820,0.019,NA
Hamburg,1821,0.019,NA
Hamburg,1822,0.019,NA
Hamburg,1823,0.019,NA
Hamburg,1824,0.019,NA
Hamburg,1825,0.019,NA
Hamburg,1826,0.019,NA
Hamburg,1827,0.019,NA
Hamburg,1828,0.019,NA
Hamburg,1829,0.019,NA
Hamburg,1830,0.023,NA
Hamburg,1831,0.023,NA
Hamburg,1832,0.022,NA
Hamburg,1833,0.022,NA
Hamburg,1834,0.022,NA
Hamburg,1835,0.022,NA
Hamburg,1836,0.022,NA
Hamburg,1837,0.022,NA
Hamburg,1838,0.022,NA
Hamburg,1839,0.022,NA
Hamburg,1840,0.029,NA
Hamburg,1841,0.029,NA
Hamburg,1842,0.034,NA
Hamburg,1843,0.034,NA
Hamburg,1844,0.034,NA
Hamburg,1845,0.034,NA
Hamburg,1846,0.034,NA
Hamburg,1847,0.034,NA
Hamburg,1848,0.129,NA
Hamburg,1849,0.121,NA
Hamburg,1850,0.121,NA
Hamburg,1851,0.121,NA
Hamburg,1852,0.121,NA
Hamburg,1853,0.121,NA
Hamburg,1854,0.121,NA
Hamburg,1855,0.121,NA
Hamburg,1856,0.121,NA
Hamburg,1857,0.121,NA
Hamburg,1858,0.121,NA
Hamburg,1859,0.152,NA
Hamburg,1860,0.182,NA
Hamburg,1861,0.182,NA
Hamburg,1862,0.183,NA
Hamburg,1863,0.187,NA
Hamburg,1864,0.187,NA
Hamburg,1865,0.187,NA
Hamburg,1866,0.191,NA
Hamburg,1867,0.191,NA
Brunswick,1789,NA,NA
Brunswick,1790,NA,NA
Brunswick,1791,NA,NA
Brunswick,1792,NA,NA
Brunswick,1793,NA,NA
Brunswick,1794,NA,NA
Brunswick,1795,NA,NA
Brunswick,1796,NA,NA
Brunswick,1797,NA,NA
Brunswick,1798,NA,NA
Brunswick,1799,NA,NA
Brunswick,1800,NA,NA
Brunswick,1801,NA,NA
Brunswick,1802,NA,NA
Brunswick,1803,NA,NA
Brunswick,1804,NA,NA
Brunswick,1805,NA,NA
Brunswick,1806,NA,NA
Brunswick,1807,NA,NA
Brunswick,1813,NA,NA
Brunswick,1814,NA,NA
Brunswick,1815,NA,NA
Brunswick,1816,NA,NA
Brunswick,1817,NA,NA
Brunswick,1818,NA,NA
Brunswick,1819,NA,NA
Brunswick,1820,NA,NA
Brunswick,1821,NA,NA
Brunswick,1822,NA,NA
Brunswick,1823,NA,NA
Brunswick,1824,NA,NA
Brunswick,1825,NA,NA
Brunswick,1826,NA,NA
Brunswick,1827,NA,NA
Brunswick,1828,NA,NA
Brunswick,1829,NA,NA
Brunswick,1830,NA,NA
Brunswick,1831,NA,NA
Brunswick,1832,0.126,NA
Brunswick,1833,0.126,NA
Brunswick,1834,0.124,NA
Brunswick,1835,0.119,NA
Brunswick,1836,0.119,NA
Brunswick,1837,0.112,NA
Brunswick,1838,0.112,NA
Brunswick,1839,0.112,NA
Brunswick,1840,0.125,NA
Brunswick,1841,0.119,NA
Brunswick,1842,0.126,NA
Brunswick,1843,0.126,NA
Brunswick,1844,0.126,NA
Brunswick,1845,0.121,NA
Brunswick,1846,0.11,NA
Brunswick,1847,0.11,NA
Brunswick,1848,0.174,NA
Brunswick,1849,0.174,NA
Brunswick,1850,0.138,NA
Brunswick,1851,0.135,NA
Brunswick,1852,0.13,NA
Brunswick,1853,0.13,NA
Brunswick,1854,0.13,NA
Brunswick,1855,0.135,NA
Brunswick,1856,0.142,NA
Brunswick,1857,0.157,NA
Brunswick,1858,0.187,NA
Brunswick,1859,0.188,NA
Brunswick,1860,0.195,NA
Brunswick,1861,0.2,NA
Brunswick,1862,0.201,NA
Brunswick,1863,0.187,NA
Brunswick,1864,0.187,NA
Brunswick,1865,0.18,NA
Brunswick,1866,0.184,NA
Brunswick,1867,0.186,NA
Oldenburg,1789,NA,NA
Oldenburg,1790,NA,NA
Oldenburg,1791,NA,NA
Oldenburg,1792,NA,NA
Oldenburg,1793,NA,NA
Oldenburg,1794,NA,NA
Oldenburg,1795,NA,NA
Oldenburg,1796,NA,NA
Oldenburg,1797,NA,NA
Oldenburg,1798,NA,NA
Oldenburg,1799,NA,NA
Oldenburg,1800,NA,NA
Oldenburg,1801,NA,NA
Oldenburg,1802,NA,NA
Oldenburg,1803,NA,NA
Oldenburg,1804,NA,NA
Oldenburg,1805,NA,NA
Oldenburg,1806,NA,NA
Oldenburg,1807,NA,NA
Oldenburg,1808,NA,NA
Oldenburg,1809,NA,NA
Oldenburg,1810,NA,NA
Oldenburg,1813,NA,NA
Oldenburg,1814,NA,NA
Oldenburg,1815,NA,NA
Oldenburg,1816,NA,NA
Oldenburg,1817,NA,NA
Oldenburg,1818,NA,NA
Oldenburg,1819,NA,NA
Oldenburg,1820,NA,NA
Oldenburg,1821,NA,NA
Oldenburg,1822,NA,NA
Oldenburg,1823,NA,NA
Oldenburg,1824,NA,NA
Oldenburg,1825,NA,NA
Oldenburg,1826,NA,NA
Oldenburg,1827,NA,NA
Oldenburg,1828,NA,NA
Oldenburg,1829,NA,NA
Oldenburg,1830,NA,NA
Oldenburg,1831,NA,NA
Oldenburg,1832,NA,NA
Oldenburg,1833,NA,NA
Oldenburg,1834,NA,NA
Oldenburg,1835,NA,NA
Oldenburg,1836,NA,NA
Oldenburg,1837,NA,NA
Oldenburg,1838,NA,NA
Oldenburg,1839,NA,NA
Oldenburg,1840,NA,NA
Oldenburg,1841,NA,NA
Oldenburg,1842,NA,NA
Oldenburg,1843,NA,NA
Oldenburg,1844,NA,NA
Oldenburg,1845,NA,NA
Oldenburg,1846,NA,NA
Oldenburg,1847,NA,NA
Oldenburg,1848,0.254,NA
Oldenburg,1849,0.254,NA
Oldenburg,1850,0.254,NA
Oldenburg,1851,0.254,NA
Oldenburg,1852,0.254,NA
Oldenburg,1853,0.254,NA
Oldenburg,1854,0.254,NA
Oldenburg,1855,0.254,NA
Oldenburg,1856,0.254,NA
Oldenburg,1857,0.254,NA
Oldenburg,1858,0.254,NA
Oldenburg,1859,0.254,NA
Oldenburg,1860,0.254,NA
Oldenburg,1861,0.254,NA
Oldenburg,1862,0.254,NA
Oldenburg,1863,0.254,NA
Oldenburg,1864,0.254,NA
Oldenburg,1865,0.254,NA
Oldenburg,1866,0.254,NA
Oldenburg,1867,0.254,NA
Saxe-Weimar-Eisenach,1809,NA,NA
Saxe-Weimar-Eisenach,1810,NA,NA
Saxe-Weimar-Eisenach,1811,NA,NA
Saxe-Weimar-Eisenach,1812,NA,NA
Saxe-Weimar-Eisenach,1813,NA,NA
Saxe-Weimar-Eisenach,1814,NA,NA
Saxe-Weimar-Eisenach,1815,0.05,NA
Saxe-Weimar-Eisenach,1816,0.064,NA
Saxe-Weimar-Eisenach,1817,0.073,NA
Saxe-Weimar-Eisenach,1818,0.073,NA
Saxe-Weimar-Eisenach,1819,0.067,NA
Saxe-Weimar-Eisenach,1820,0.065,NA
Saxe-Weimar-Eisenach,1821,0.065,NA
Saxe-Weimar-Eisenach,1822,0.064,NA
Saxe-Weimar-Eisenach,1823,0.064,NA
Saxe-Weimar-Eisenach,1824,0.064,NA
Saxe-Weimar-Eisenach,1825,0.064,NA
Saxe-Weimar-Eisenach,1826,0.064,NA
Saxe-Weimar-Eisenach,1827,0.064,NA
Saxe-Weimar-Eisenach,1828,0.065,NA
Saxe-Weimar-Eisenach,1829,0.065,NA
Saxe-Weimar-Eisenach,1830,0.065,NA
Saxe-Weimar-Eisenach,1831,0.069,NA
Saxe-Weimar-Eisenach,1832,0.071,NA
Saxe-Weimar-Eisenach,1833,0.071,NA
Saxe-Weimar-Eisenach,1834,0.071,NA
Saxe-Weimar-Eisenach,1835,0.071,NA
Saxe-Weimar-Eisenach,1836,0.071,NA
Saxe-Weimar-Eisenach,1837,0.071,NA
Saxe-Weimar-Eisenach,1838,0.071,NA
Saxe-Weimar-Eisenach,1839,0.069,NA
Saxe-Weimar-Eisenach,1840,0.066,NA
Saxe-Weimar-Eisenach,1841,0.066,NA
Saxe-Weimar-Eisenach,1842,0.066,NA
Saxe-Weimar-Eisenach,1843,0.066,NA
Saxe-Weimar-Eisenach,1844,0.066,NA
Saxe-Weimar-Eisenach,1845,0.066,NA
Saxe-Weimar-Eisenach,1846,0.066,NA
Saxe-Weimar-Eisenach,1847,0.066,NA
Saxe-Weimar-Eisenach,1848,0.066,NA
Saxe-Weimar-Eisenach,1849,0.091,NA
Saxe-Weimar-Eisenach,1850,0.069,NA
Saxe-Weimar-Eisenach,1851,0.069,NA
Saxe-Weimar-Eisenach,1852,0.069,NA
Saxe-Weimar-Eisenach,1853,0.069,NA
Saxe-Weimar-Eisenach,1854,0.069,NA
Saxe-Weimar-Eisenach,1855,0.069,NA
Saxe-Weimar-Eisenach,1856,0.067,NA
Saxe-Weimar-Eisenach,1857,0.072,NA
Saxe-Weimar-Eisenach,1858,0.072,NA
Saxe-Weimar-Eisenach,1859,0.072,NA
Saxe-Weimar-Eisenach,1860,0.072,NA
Saxe-Weimar-Eisenach,1861,0.072,NA
Saxe-Weimar-Eisenach,1862,0.072,NA
Saxe-Weimar-Eisenach,1863,0.072,NA
Saxe-Weimar-Eisenach,1864,0.072,NA
Saxe-Weimar-Eisenach,1865,0.072,NA
Saxe-Weimar-Eisenach,1866,0.072,NA
Saxe-Weimar-Eisenach,1867,0.072,NA
Nassau,1806,NA,NA
Nassau,1807,0.025,NA
Nassau,1808,0.025,NA
Nassau,1809,0.025,NA
Nassau,1810,0.025,NA
Nassau,1811,0.025,NA
Nassau,1812,0.025,NA
Nassau,1813,0.027,NA
Nassau,1814,0.035,NA
Nassau,1815,0.034,NA
Nassau,1816,0.034,NA
Nassau,1817,0.034,NA
Nassau,1818,0.145,NA
Nassau,1819,0.138,NA
Nassau,1820,0.137,NA
Nassau,1821,0.137,NA
Nassau,1822,0.137,NA
Nassau,1823,0.137,NA
Nassau,1824,0.138,NA
Nassau,1825,0.125,NA
Nassau,1826,0.125,NA
Nassau,1827,0.125,NA
Nassau,1828,0.125,NA
Nassau,1829,0.124,NA
Nassau,1830,0.127,NA
Nassau,1831,0.124,NA
Nassau,1832,0.124,NA
Nassau,1833,0.125,NA
Nassau,1834,0.125,NA
Nassau,1835,0.125,NA
Nassau,1836,0.125,NA
Nassau,1837,0.127,NA
Nassau,1838,0.127,NA
Nassau,1839,0.126,NA
Nassau,1840,0.126,NA
Nassau,1841,0.126,NA
Nassau,1842,0.126,NA
Nassau,1843,0.126,NA
Nassau,1844,0.126,NA
Nassau,1845,0.126,NA
Nassau,1846,0.133,NA
Nassau,1847,0.133,NA
Nassau,1848,0.28,NA
Nassau,1849,0.291,NA
Nassau,1850,0.247,NA
Nassau,1851,0.158,NA
Nassau,1852,0.139,NA
Nassau,1853,0.145,NA
Nassau,1854,0.151,NA
Nassau,1855,0.16,NA
Nassau,1856,0.165,NA
Nassau,1857,0.165,NA
Nassau,1858,0.173,NA
Nassau,1859,0.173,NA
Nassau,1860,0.185,NA
Nassau,1861,0.189,NA
Nassau,1862,0.189,NA
Nassau,1863,0.191,NA
Nassau,1864,0.18,NA
Nassau,1865,0.192,NA
Nassau,1866,0.188,NA
Piedmont-Sardinia,1789,0.018,NA
Piedmont-Sardinia,1790,0.018,NA
Piedmont-Sardinia,1791,0.018,NA
Piedmont-Sardinia,1792,0.018,NA
Piedmont-Sardinia,1793,0.018,NA
Piedmont-Sardinia,1794,0.018,NA
Piedmont-Sardinia,1795,0.018,NA
Piedmont-Sardinia,1796,0.018,NA
Piedmont-Sardinia,1797,0.018,NA
Piedmont-Sardinia,1798,0.018,NA
Piedmont-Sardinia,1799,0.02,NA
Piedmont-Sardinia,1800,0.017,NA
Piedmont-Sardinia,1801,NA,NA
Piedmont-Sardinia,1802,0.02,NA
Piedmont-Sardinia,1803,0.015,NA
Piedmont-Sardinia,1804,0.015,NA
Piedmont-Sardinia,1805,0.015,NA
Piedmont-Sardinia,1806,0.015,NA
Piedmont-Sardinia,1807,0.015,NA
Piedmont-Sardinia,1808,0.015,NA
Piedmont-Sardinia,1809,0.015,NA
Piedmont-Sardinia,1810,0.015,NA
Piedmont-Sardinia,1811,0.015,NA
Piedmont-Sardinia,1812,0.015,NA
Piedmont-Sardinia,1813,0.015,NA
Piedmont-Sardinia,1814,0.015,NA
Piedmont-Sardinia,1815,0.018,NA
Piedmont-Sardinia,1816,0.018,NA
Piedmont-Sardinia,1817,0.018,NA
Piedmont-Sardinia,1818,0.018,NA
Piedmont-Sardinia,1819,0.018,NA
Piedmont-Sardinia,1820,0.018,NA
Piedmont-Sardinia,1821,0.018,NA
Piedmont-Sardinia,1822,0.018,NA
Piedmont-Sardinia,1823,0.018,NA
Piedmont-Sardinia,1824,0.018,NA
Piedmont-Sardinia,1825,0.018,NA
Piedmont-Sardinia,1826,0.018,NA
Piedmont-Sardinia,1827,0.018,NA
Piedmont-Sardinia,1828,0.018,NA
Piedmont-Sardinia,1829,0.018,NA
Piedmont-Sardinia,1830,0.018,NA
Piedmont-Sardinia,1831,0.018,NA
Piedmont-Sardinia,1832,0.019,NA
Piedmont-Sardinia,1833,0.019,NA
Piedmont-Sardinia,1834,0.019,NA
Piedmont-Sardinia,1835,0.019,NA
Piedmont-Sardinia,1836,0.019,NA
Piedmont-Sardinia,1837,0.019,NA
Piedmont-Sardinia,1838,0.019,NA
Piedmont-Sardinia,1839,0.019,NA
Piedmont-Sardinia,1840,0.019,NA
Piedmont-Sardinia,1841,0.019,NA
Piedmont-Sardinia,1842,0.019,NA
Piedmont-Sardinia,1843,0.019,NA
Piedmont-Sardinia,1844,0.019,NA
Piedmont-Sardinia,1845,0.019,NA
Piedmont-Sardinia,1846,0.019,NA
Piedmont-Sardinia,1847,0.019,NA
Piedmont-Sardinia,1848,0.118,NA
Piedmont-Sardinia,1849,0.2,NA
Piedmont-Sardinia,1850,0.205,NA
Piedmont-Sardinia,1851,0.205,NA
Piedmont-Sardinia,1852,0.205,NA
Piedmont-Sardinia,1853,0.205,NA
Piedmont-Sardinia,1854,0.207,NA
Piedmont-Sardinia,1855,0.207,NA
Piedmont-Sardinia,1856,0.207,NA
Piedmont-Sardinia,1857,0.208,NA
Piedmont-Sardinia,1858,0.206,NA
Piedmont-Sardinia,1859,0.206,NA
Piedmont-Sardinia,1860,0.211,NA
Piedmont-Sardinia,1861,0.212,NA
